区间,打分,k,M,择时,成交,年化,最大回撤,夏普,日换手,持仓天数占比,卡玛,基准年化,Y2023,Y2024,Y2025,Y2026,Y2020,Y2021,Y2022
研究期,h5中性,1,20,不择时,close,-0.1609179392269705,-0.7022358223215999,-0.19227855481707232,0.11833333333333333,1.0,-0.22915085518561829,0.053513527,-0.174398280033487,-0.4305318942123366,0.11494204846771328,-0.001246073017059035,,,
研究期,h5中性,1,20,不择时,open,-0.16328102350234985,-0.6990219354629517,-0.21042066103454807,0.11611111111111111,1.0,-0.23358498513698578,0.053513527,-0.031547367572784424,-0.45297104120254517,0.2774845361709595,-0.23442292213439941,,,
研究期,h5中性,1,20,指数>MA60,close,-0.0922158360642823,-0.48417343861370576,-0.15756312639928804,0.06777777777777778,0.4677777777777778,-0.1904603365445167,0.053513527,0.21967991347766258,-0.3389291034515495,-0.05460872189173993,-0.08185284128000536,,,
研究期,h5中性,1,20,指数>MA60,open,0.0030422218187140526,-0.444728487771305,0.1644687061657632,0.06555555555555556,0.4677777777777778,0.006840627264423118,0.053513527,0.3805871233519169,-0.2473959798235973,0.06036846616214242,-0.08213502286822194,,,
研究期,h5中性,1,60,不择时,close,0.2213821314881812,-0.5508848291823267,0.6638253116319771,0.07277777777777777,1.0,0.40186645149908495,0.053513527,0.12199516741969685,-0.1535783363168285,0.5878602328649016,0.3866411799603544,,,
研究期,h5中性,1,60,不择时,open,0.23376762866973877,-0.4901737570762634,0.6887398647634185,0.07166666666666667,1.0,0.4769076704978943,0.053513527,0.12898099422454834,0.1069488525390625,0.3545112609863281,0.28209662437438965,,,
研究期,h5中性,1,60,指数>MA60,close,-0.06291227700350244,-0.47280700318350133,-0.06731741580772292,0.05,0.4677777777777778,-0.1330612207092997,0.053513527,0.36029264436980757,-0.08721865420552333,-0.14819507546899413,-0.25600246078473154,,,
研究期,h5中性,1,60,指数>MA60,open,0.00299978329976458,-0.3999008293421823,0.15375992721899032,0.04666666666666667,0.4677777777777778,0.0075013180260193,0.053513527,0.34505173206133,0.12067360078064482,-0.004646108231249002,-0.32608902545875784,,,
研究期,h5中性,1,150,不择时,close,0.0035191393796902837,-0.580928303001246,0.2173558070985375,0.059444444444444446,1.0,0.0060577860667304,0.053513527,0.09576299772313535,0.4179969329309863,-0.059527759471707964,-0.3067505552369758,,,
研究期,h5中性,1,150,不择时,open,-0.09631413221359253,-0.5906944274902344,-0.04583351630179412,0.05722222222222222,1.0,-0.16305238008499146,0.053513527,0.2514946460723877,0.09595561027526855,-0.09753531217575073,-0.4439462423324585,,,
研究期,h5中性,1,150,指数>MA60,close,-0.0923899498762214,-0.5513832712877733,-0.17678683316050647,0.04555555555555556,0.4677777777777778,-0.16756030639167147,0.053513527,0.3377252810168456,0.07332921785593993,-0.28642010270311336,-0.31739726224352227,,,
研究期,h5中性,1,150,指数>MA60,open,0.01629382178472505,-0.5027460994981394,0.20023414644960721,0.04555555555555556,0.4677777777777778,0.03240964335872555,0.053513527,0.350724537495952,0.41380267148358585,-0.21966219659086117,-0.28771701049452025,,,
研究期,h5中性,1,300,不择时,close,0.214451815158061,-0.462512171922947,0.6624594938918738,0.04055555555555555,1.0,0.4636673976956177,0.053513527,0.06249710118289986,0.5426609755807177,0.2901100029211927,-0.03169142324123575,,,
研究期,h5中性,1,300,不择时,open,0.2661021947860718,-0.452454149723053,0.7690072210842774,0.04055555555555555,1.0,0.5881307125091553,0.053513527,0.1909174919128418,0.4212857484817505,0.48586082458496094,-0.050669848918914795,,,
研究期,h5中性,1,300,指数>MA60,close,-0.2015700470096311,-0.6972442703681685,-0.709941309089424,0.035555555555555556,0.4677777777777778,-0.28909530787997056,0.053513527,0.3377252810168456,-0.43427669209371944,-0.13501619819890576,-0.33408449182667743,,,
研究期,h5中性,1,300,指数>MA60,open,-0.1568654620753367,-0.637345649219254,-0.5084704250328522,0.035555555555555556,0.4677777777777778,-0.24612306095993014,0.053513527,0.350724537495952,-0.34277627151600487,-0.10154140299773606,-0.3318242240086754,,,
研究期,h5中性,2,20,不择时,close,-0.01904814397034782,-0.5515120177673725,0.12752811387461319,0.12333333333333334,1.0,-0.03453803971028301,0.053513527,-0.06373781899671349,-0.19193021135944455,0.28985888630812107,-0.04543883878344479,,,
研究期,h5中性,2,20,不择时,open,-0.08193415403366089,-0.6022651195526123,-0.05661072822092934,0.12222222222222222,1.0,-0.13604333996772766,0.053513527,-0.025510311126708984,-0.3363228440284729,0.31441736221313477,-0.1417943239212036,,,
研究期,h5中性,2,20,指数>MA60,close,-0.06598321851556266,-0.4632349318026958,-0.1587049419664103,0.06833333333333333,0.4677777777777778,-0.14244007518773796,0.053513527,0.028244674234748857,-0.29247424777006914,0.12269370578541983,-0.04818510428607459,,,
研究期,h5中性,2,20,指数>MA60,open,-0.00870690988568168,-0.30678481939718194,0.09047569134916467,0.06722222222222222,0.4677777777777778,-0.028381162740680446,0.053513527,-0.055016169771543,-0.1472502076659955,0.23199745437954933,-0.024706197331648694,,,
研究期,h5中性,2,60,不择时,close,0.11460672889668588,-0.4902815831090731,0.48513491051219126,0.075,1.0,0.2337569528308986,0.053513527,0.04647564496563694,-0.14764313452169653,0.5633889629221853,0.07001969926260321,,,
研究期,h5中性,2,60,不择时,open,0.12866663932800293,-0.41815340518951416,0.5153838941032205,0.07444444444444444,1.0,0.3077020049095154,0.053513527,0.03910171985626221,0.006180524826049805,0.39475762844085693,0.07165920734405518,,,
研究期,h5中性,2,60,指数>MA60,close,-0.07619744311989196,-0.39485916484032024,-0.2068721742906371,0.04888888888888889,0.4677777777777778,-0.19297372305061214,0.053513527,0.1082780800744052,-0.11317404172495227,-0.10602294998636819,-0.15038068951783012,,,
研究期,h5中性,2,60,指数>MA60,open,0.0016464418614730025,-0.28280600693307745,0.1300892326044233,0.04722222222222222,0.4677777777777778,0.005821806542682853,0.053513527,-0.013864562246643453,0.047197695440843734,0.041938065529574686,-0.06496443969883059,,,
研究期,h5中性,2,150,不择时,close,0.15680600860885474,-0.4789874711766242,0.5952700701325068,0.052222222222222225,1.0,0.3273697498259476,0.053513527,0.01774242597594311,0.37366845767381296,0.2625384187783688,-0.030442357334332093,,,
研究期,h5中性,2,150,不择时,open,0.1995471715927124,-0.47326070070266724,0.7009275403204873,0.051666666666666666,1.0,0.4216432273387909,0.053513527,0.06461012363433838,0.5909301042556763,0.2360999584197998,-0.06553769111633301,,,
研究期,h5中性,2,150,指数>MA60,close,-0.10663966210847908,-0.4889918998449301,-0.3593476248884549,0.043333333333333335,0.4677777777777778,-0.21808063107445508,0.053513527,0.11844880302329908,-0.07697075631586292,0.02031612881855982,-0.3736828025191129,,,
研究期,h5中性,2,150,指数>MA60,open,0.017743704147629158,-0.4659900987422173,0.1928700584599504,0.042777777777777776,0.4677777777777778,0.038077427386380716,0.053513527,0.1232317365942901,0.15227193296474772,0.17506667946835153,-0.2984031091848788,,,
研究期,h5中性,2,300,不择时,close,0.03306752107342881,-0.39907079515475363,0.2634746084772598,0.035,1.0,0.0828612904650307,0.053513527,0.08245500349599322,0.1251487043163022,-0.017586946556113703,-0.05767614532948473,,,
研究期,h5中性,2,300,不择时,open,0.015169024467468262,-0.42768949270248413,0.21372465274884284,0.03388888888888889,1.0,0.03546737879514694,0.053513527,0.15071749687194824,0.04376685619354248,0.08379840850830078,-0.1879260540008545,,,
研究期,h5中性,2,300,指数>MA60,close,-0.03044403878528945,-0.3505616609924178,-0.009966436418060875,0.03888888888888889,0.4677777777777778,-0.08684360605522096,0.053513527,0.0996836938583785,-0.14949053179585603,0.14791507626329126,-0.16896934703923794,,,
研究期,h5中性,2,300,指数>MA60,open,0.10229408926137618,-0.3296303782571939,0.5242547693616554,0.03888888888888889,0.4677777777777778,0.31032967835737907,0.053513527,0.10360593073169544,0.0655121106616563,0.33898212414774087,-0.09036304652012805,,,
研究期,h5中性,3,20,不择时,close,0.09251860528863909,-0.5237955277692248,0.43103315412729604,0.12833333333333333,1.0,0.17663114781194006,0.053513527,-0.001705130876423211,-0.18917894450408113,0.4627337777154499,0.17056781787136832,,,
研究期,h5中性,3,20,不择时,open,0.09321558475494385,-0.5120178461074829,0.43321768160220525,0.12944444444444442,1.0,0.18205533921718597,0.053513527,0.021781086921691895,-0.19284439086914062,0.549518346786499,0.08706653118133545,,,
研究期,h5中性,3,20,指数>MA60,close,0.03378033836252903,-0.35929899766573126,0.2593897168310802,0.0685185185185185,0.4677777777777778,0.09401734650525267,0.053513527,0.026058152589707895,-0.19619259836296843,0.33794599087417976,0.02436908307476182,,,
研究期,h5中性,3,20,指数>MA60,open,0.06728458552839478,-0.2761108116383194,0.4015779204488989,0.06814814814814814,0.4677777777777778,0.24368689197339943,0.053513527,-0.05158149961755332,-0.035154892942331206,0.40726248369813756,-0.012630689741499057,,,
研究期,h5中性,3,60,不择时,close,0.03168286283425226,-0.47586817667787773,0.25702277527065887,0.07722222222222222,1.0,0.06657907459884391,0.053513527,-0.10614958098410543,-0.033173680167219,0.2962253411174185,0.001547918321204822,,,
研究期,h5中性,3,60,不择时,open,0.08807563781738281,-0.48854488134384155,0.4218078728299376,0.07648148148148147,1.0,0.18028156459331512,0.053513527,-0.12531673908233643,0.04691445827484131,0.3873175382614136,0.07468128204345703,,,
研究期,h5中性,3,60,指数>MA60,close,-0.01993850183846091,-0.3560294800553846,0.015557319044764062,0.04888888888888889,0.4677777777777778,-0.05600239012611888,0.053513527,0.056976270603996015,-0.03236519544935745,0.05067200824477913,-0.13603966209866059,,,
研究期,h5中性,3,60,指数>MA60,open,0.04296926103748988,-0.2789106570802148,0.3004988079596602,0.04814814814814814,0.4677777777777778,0.15406102257731913,0.053513527,-0.053708817646773266,0.11163191114230919,0.17068989890677821,-0.05165307606144298,,,
研究期,h5中性,3,150,不择时,close,0.08557129301489996,-0.5092702497366538,0.4186253940002493,0.05537037037037037,1.0,0.16802727640020068,0.053513527,0.056977410602429,-0.014020115835253977,0.26054448519183393,0.030468604683648648,,,
研究期,h5中性,3,150,不择时,open,0.11642873287200928,-0.5048487782478333,0.5074307699529206,0.055,1.0,0.23062101006507874,0.053513527,0.047258734703063965,0.05787849426269531,0.25554776191711426,0.07920205593109131,,,
研究期,h5中性,3,150,指数>MA60,close,-0.11227604692141535,-0.44870617524698997,-0.4149062272876509,0.04296296296296296,0.4677777777777778,-0.25022175560568805,0.053513527,0.04629597738419622,-0.11018109043887159,-0.03281231679718222,-0.2842605415262105,,,
研究期,h5中性,3,150,指数>MA60,open,-0.02136196567664117,-0.36285292698080907,0.011250263045192511,0.04296296296296296,0.4677777777777778,-0.05887224296187359,0.053513527,0.029707079114105195,0.06347299093565817,0.07599949869902733,-0.21628687902067323,,,
研究期,h5中性,3,300,不择时,close,0.057102639705944425,-0.37413757704830586,0.33534989939146465,0.03462962962962963,1.0,0.15262471136004538,0.053513527,0.139897152421816,0.05576362531514545,0.08409048892957038,-0.05928335210231139,,,
研究期,h5中性,3,300,不择时,open,0.061258912086486816,-0.3997657299041748,0.348585397175019,0.035,1.0,0.15323702991008759,0.053513527,0.1762477159500122,-0.025901436805725098,0.1717473268508911,-0.0725141167640686,,,
研究期,h5中性,3,300,指数>MA60,close,-0.004713826931105003,-0.3537106003108371,0.0913787300147866,0.038518518518518514,0.4677777777777778,-0.013326790113054406,0.053513527,0.03401607236859072,0.03113701543108327,0.1974413848336245,-0.23027940103410016,,,
研究期,h5中性,3,300,指数>MA60,open,0.09305738952293585,-0.32065431274700973,0.5130849460010973,0.03888888888888889,0.4677777777777778,0.2902109400173775,0.053513527,0.024671853169795144,0.23462867810662869,0.33073058746203365,-0.1752464027611238,,,
研究期,h5原始,1,20,不择时,close,-0.18441353544199424,-0.7562235109487904,-0.24379320018561215,0.11722222222222223,1.0,-0.24386115053553561,0.053513527,-0.06630996884505347,-0.5246540319377356,0.3944866797555664,-0.23822266529410951,,,
研究期,h5原始,1,20,不择时,open,0.01009666919708252,-0.7425618171691895,0.24016799187856053,0.11611111111111111,1.0,0.013597075827419758,0.053513527,0.3102771043777466,-0.5407477617263794,0.6321187019348145,0.056641221046447754,,,
研究期,h5原始,1,20,指数>MA60,close,-0.11538773144738557,-0.46076135631057424,-0.31675187107009306,0.07444444444444444,0.4677777777777778,-0.25042840478490336,0.053513527,-0.0841397352584865,0.1548359384108764,-0.04268707336551758,-0.37166168077067274,,,
研究期,h5原始,1,20,指数>MA60,open,0.06561632951529295,-0.38877614577884423,0.3657343529156716,0.07333333333333333,0.4677777777777778,0.16877663464624929,0.053513527,0.3271528946963709,0.22823608695036368,0.13195951823687224,-0.3148703398803434,,,
研究期,h5原始,1,60,不择时,close,0.08463130429550181,-0.44454896403375066,0.3978404246124117,0.065,1.0,0.19037566419584886,0.053513527,0.05057671625281124,0.17820583234627407,-0.0858595674292082,0.1925515569129559,,,
研究期,h5原始,1,60,不择时,open,0.05817818641662598,-0.4430549144744873,0.33860810275284253,0.065,1.0,0.13131146132946014,0.053513527,0.04123234748840332,0.04110848903656006,-0.13179492950439453,0.3089395761489868,,,
研究期,h5原始,1,60,指数>MA60,close,0.04025162187680631,-0.4714102714293261,0.27674202420595934,0.05,0.4677777777777778,0.08538554273491437,0.053513527,0.4377421493188818,0.3692617076898437,-0.2112604516971821,-0.2550719454451532,,,
研究期,h5原始,1,60,指数>MA60,open,0.0726641137048909,-0.3812851257331423,0.388456626967736,0.05,0.4677777777777778,0.1905768381737183,0.053513527,0.383988875065421,0.32716630247437695,-0.23466613219012922,-0.0785804583943509,,,
研究期,h5原始,1,150,不择时,close,0.18800392174785863,-0.5365695794668838,0.6174519620924985,0.03611111111111111,1.0,0.35038125332161496,0.053513527,0.2520726581792916,-0.17862949572036046,0.4426454002459388,0.27244593549332596,,,
研究期,h5原始,1,150,不择时,open,0.16223788261413574,-0.5318848490715027,0.564968588234228,0.03722222222222222,1.0,0.3050244450569153,0.053513527,0.23846590518951416,-0.18574094772338867,0.3428226709365845,0.2858102321624756,,,
研究期,h5原始,1,150,指数>MA60,close,0.3316093755963532,-0.4368974219622803,1.0467712435153709,0.04,0.4677777777777778,0.7590096872326767,0.053513527,0.3707809868582872,0.6259293581980885,0.1640847004306818,0.10844135955937784,,,
研究期,h5原始,1,150,指数>MA60,open,0.2601044189955186,-0.377627028598146,0.9337739443234011,0.04,0.4677777777777778,0.6887865520672521,0.053513527,0.2533438590721626,0.3285908332556804,0.21742179177413767,0.15730921536700904,,,
研究期,h5原始,1,300,不择时,close,0.19807973829410774,-0.4421316383342513,0.6356064533237251,0.02388888888888889,1.0,0.44801077579605275,0.053513527,0.2306084767688612,0.7327086759017571,0.24195587188768042,-0.2645639682277525,,,
研究期,h5原始,1,300,不择时,open,0.14353573322296143,-0.44043946266174316,0.5272171871116125,0.02277777777777778,1.0,0.3258920907974243,0.053513527,0.2850085496902466,0.47681093215942383,0.14954841136932373,-0.24820804595947266,,,
研究期,h5原始,1,300,指数>MA60,close,0.31570189079097855,-0.3148961555155658,1.0340605355273484,0.03333333333333333,0.4677777777777778,1.002558733288101,0.053513527,0.34544047407322886,0.701204981627918,-0.11222288241882661,0.3539115202827139,,,
研究期,h5原始,1,300,指数>MA60,open,0.27245025385064636,-0.2453724471109352,0.9789506207133036,0.03333333333333333,0.4677777777777778,1.1103539010126473,0.053513527,0.23470727852254525,0.33242190846303643,-0.038943647631064504,0.5382098350427715,,,
研究期,h5原始,2,20,不择时,close,0.06177363709862349,-0.4334338412425687,0.34436009254238314,0.1322222222222222,1.0,0.1425214905267451,0.053513527,0.029427077278490144,0.1488732986267054,0.054063643829266095,0.0006561891672069997,,,
研究期,h5原始,2,20,不择时,open,0.25126123428344727,-0.4031490087509155,0.7960025590410476,0.13333333333333333,1.0,0.6232465505599976,0.053513527,0.2549116611480713,0.012766242027282715,0.5027812719345093,0.19688308238983154,,,
研究期,h5原始,2,20,指数>MA60,close,-0.005550311085192106,-0.36647140456450555,0.09673688260720101,0.08722222222222223,0.4677777777777778,-0.015145277410628504,0.053513527,-0.1059618003673326,0.5636954472030606,-0.19391235203479062,-0.13065202883715465,,,
研究期,h5原始,2,20,指数>MA60,open,0.13004488099839007,-0.31252444231156584,0.6576582469591644,0.08777777777777777,0.4677777777777778,0.41611107290208066,0.053513527,0.16350930092262406,0.5580033970519436,-0.027615364289709787,-0.1094292663221611,,,
研究期,h5原始,2,60,不择时,close,0.13959745599556128,-0.37718385566543833,0.5501867153962104,0.065,1.0,0.3701045362858374,0.053513527,0.18172282761772673,0.011310396597201677,0.21417908662497176,0.11595414959819839,,,
研究期,h5原始,2,60,不择时,open,0.17338240146636963,-0.3784489631652832,0.6520514367141497,0.06555555555555556,1.0,0.45813944935798645,0.053513527,0.254223108291626,0.14075517654418945,0.05857527256011963,0.19080471992492676,,,
研究期,h5原始,2,60,指数>MA60,close,0.156256001982104,-0.2684687598730039,0.701331294563911,0.050555555555555555,0.4677777777777778,0.5820267581822895,0.053513527,0.180215166202361,0.5428816751193197,-0.0852347867724017,0.025587636997599583,,,
研究期,h5原始,2,60,指数>MA60,open,0.17530693719616308,-0.2540965421952849,0.8380755987311505,0.052222222222222225,0.4677777777777778,0.6899225612500922,0.053513527,0.20324735513033332,0.5361618358136773,-0.0561444729169962,0.040057578907711555,,,
研究期,h5原始,2,150,不择时,close,0.2983284397998527,-0.43578503048675454,0.9240109285421764,0.041666666666666664,1.0,0.6845770711000139,0.053513527,0.39032635290567885,-0.05764231510208828,0.748830345182518,0.14325093275757084,,,
研究期,h5原始,2,150,不择时,open,0.28982388973236084,-0.3801810145378113,0.9338290315106714,0.042222222222222223,1.0,0.7623313069343567,0.053513527,0.289243221282959,0.06847000122070312,0.6536904573440552,0.12238872051239014,,,
研究期,h5原始,2,150,指数>MA60,close,0.237350633668314,-0.28079544650176747,0.9713836940640456,0.03944444444444444,0.4677777777777778,0.8452794966061531,0.053513527,0.08351437856403221,0.553536020663866,0.1357920610454446,0.14737947614464098,,,
研究期,h5原始,2,150,指数>MA60,open,0.273567737954588,-0.2818665665587332,1.184917625101678,0.03944444444444444,0.4677777777777778,0.9705575985635175,0.053513527,0.08802832922015869,0.5776732406037954,0.2501691356060629,0.13697358425869366,,,
研究期,h5原始,2,300,不择时,close,0.07083583101550572,-0.45197901760046566,0.3689808252847878,0.028333333333333332,1.0,0.15672371560867948,0.053513527,0.1288297381711152,0.20504938970815578,-0.08600780374463979,0.03528006325599775,,,
研究期,h5原始,2,300,不择时,open,0.23667621612548828,-0.36978352069854736,0.8139240744066361,0.02722222222222222,1.0,0.6400399208068848,0.053513527,0.1159205436706543,0.33401787281036377,0.7122644186019897,-0.14113950729370117,,,
研究期,h5原始,2,300,指数>MA60,close,0.26038174525819446,-0.20187125316921994,1.0445433467456786,0.03388888888888889,0.4677777777777778,1.2898406344162718,0.053513527,0.09522558620904276,0.5746266590450817,0.04916638557434849,0.2977138356008764,,,
研究期,h5原始,2,300,指数>MA60,open,0.2626079720379788,-0.16578462457292398,1.1554504876927059,0.03388888888888889,0.4677777777777778,1.584030923944126,0.053513527,0.08374485656074637,0.47898078484875484,0.17962376335510433,0.2499664567920683,,,
研究期,h5原始,3,20,不择时,close,-0.028104537435654997,-0.456939763519551,0.07464588239798224,0.13796296296296295,1.0,-0.061506000745440687,0.053513527,-0.029615081794360343,0.06015025764709092,-0.11914884815764848,-0.006608511271170681,,,
研究期,h5原始,3,20,不择时,open,0.1223151683807373,-0.4266176223754883,0.5152295718504962,0.13944444444444445,1.0,0.28670912981033325,0.053513527,0.16284966468811035,0.014978885650634766,0.14480173587799072,0.13276422023773193,,,
研究期,h5原始,3,20,指数>MA60,close,0.03313449065678209,-0.3077596150986198,0.25978407030723594,0.08518518518518517,0.4677777777777778,0.10766354333450907,0.053513527,0.04583040460905541,0.3304708046605245,-0.16301323335963658,-0.031649181709216045,,,
研究期,h5原始,3,20,指数>MA60,open,0.10533638737469753,-0.28316518383884226,0.6110156791762366,0.08629629629629629,0.4677777777777778,0.3719962530232799,0.053513527,0.15315960122538175,0.42147161609042993,-0.08650781725348844,-0.033731182001291216,,,
研究期,h5原始,3,60,不择时,close,0.09020172541408633,-0.4761996228050127,0.42971341111484446,0.0624074074074074,1.0,0.18941998501124563,0.053513527,0.3002445477929643,-0.23778868035690215,0.09882978099358541,0.2627405790044588,,,
研究期,h5原始,3,60,不择时,open,0.19531512260437012,-0.362521767616272,0.7363925048088475,0.06425925925925925,1.0,0.5387679934501648,0.053513527,0.3191159963607788,-0.038571834564208984,0.061498045921325684,0.4344203472137451,,,
研究期,h5原始,3,60,指数>MA60,close,0.16957661297814752,-0.21722072662218894,0.8488368839191855,0.04814814814814815,0.4677777777777778,0.7806649743562059,0.053513527,0.19910858793023456,0.5086067228221449,-0.031177941291830935,0.01682653672392953,,,
研究期,h5原始,3,60,指数>MA60,open,0.15873256256090973,-0.24294207898184517,0.8648832709031766,0.04777777777777778,0.4677777777777778,0.6533761595609449,0.053513527,0.20895053604758296,0.4481098025398329,0.002946908990306474,-0.01934628102242364,,,
研究期,h5原始,3,150,不择时,close,0.23971375410694096,-0.41086611912465465,0.8385882915823424,0.04240740740740741,1.0,0.5834351944561607,0.053513527,0.336468122452825,-0.08285257655391409,0.8236664344469111,-0.01173095750319264,,,
研究期,h5原始,3,150,不择时,open,0.24551165103912354,-0.38282525539398193,0.8724399070550394,0.04240740740740741,1.0,0.6413151621818542,0.053513527,0.25199389457702637,0.07955586910247803,0.6820542812347412,-0.01143789291381836,,,
研究期,h5原始,3,150,指数>MA60,close,0.2171282154573002,-0.2927076233720979,1.0254885567749916,0.038518518518518514,0.4677777777777778,0.7417921438324855,0.053513527,0.19982646391405257,0.3372751589709082,0.21553145964609133,0.05842413759983511,,,
研究期,h5原始,3,150,指数>MA60,open,0.2667027052738111,-0.2651376709907216,1.3058891252710114,0.038518518518518514,0.4677777777777778,1.0059027232050488,0.053513527,0.24450625596043984,0.46228346304843293,0.26372801031349047,0.040006094412238236,,,
研究期,h5原始,3,300,不择时,close,0.0417351441538667,-0.46523180738664627,0.2847167746237096,0.02648148148148148,1.0,0.08970827766120756,0.053513527,0.19645888614617402,-0.048532919317847756,-0.04940333671888075,0.07451000605440838,,,
研究期,h5原始,3,300,不择时,open,0.1539778709411621,-0.3918493390083313,0.6182385117261079,0.028333333333333332,1.0,0.39295172691345215,0.053513527,0.21762895584106445,0.012578606605529785,0.3194570541381836,0.04250597953796387,,,
研究期,h5原始,3,300,指数>MA60,close,0.18387510880084412,-0.2378014899375187,0.9095241563017886,0.03222222222222222,0.4677777777777778,0.773229422780978,0.053513527,0.18433138310810993,0.3783594734389448,0.03050360641393013,0.1079121548767723,,,
研究期,h5原始,3,300,指数>MA60,open,0.20432579591256284,-0.23833061276578182,1.0614753340147083,0.03222222222222222,0.4677777777777778,0.8573208180913081,0.053513527,0.2306881929440454,0.36612036574491036,0.11346558672691787,0.060504191229953985,,,
研究期,h5中性前10%最低波,1,20,不择时,close,-0.04699836105547428,-0.34067607075936135,-0.04798927732249066,0.16055555555555556,1.0,-0.13795615568394842,0.053513527,0.002990561717049811,0.018334024095262302,-0.03111448283402818,-0.15388997657936,,,
研究期,h5中性前10%最低波,1,20,不择时,open,0.10166990756988525,-0.32585960626602173,0.5011289870122028,0.16166666666666665,1.0,0.31200525164604187,0.053513527,0.06570351123809814,0.4166252613067627,0.14819097518920898,-0.1754775047302246,,,
研究期,h5中性前10%最低波,1,20,指数>MA60,close,0.03473622473506066,-0.23468067762025235,0.2769854131892481,0.10333333333333333,0.4677777777777778,0.14801484761037273,0.053513527,0.07808098302779642,-0.00790925533741238,0.0100775279006462,0.04988576872878547,,,
研究期,h5中性前10%最低波,1,20,指数>MA60,open,0.1466673780977561,-0.11682987223505181,0.8468500932892494,0.10444444444444445,0.4677777777777778,1.2553927800475015,0.053513527,0.11431765533049676,0.2506199873321202,0.13303656942086195,0.049199847525940754,,,
研究期,h5中性前10%最低波,1,60,不择时,close,-0.1472326716838419,-0.5581962375986492,-0.45451213436807597,0.1238888888888889,1.0,-0.26376507358278584,0.053513527,-0.04520770831419263,0.06427991465342808,-0.21464224050620206,-0.3036389285481319,,,
研究期,h5中性前10%最低波,1,60,不择时,open,-0.027113258838653564,-0.44247281551361084,0.03473288666382015,0.125,1.0,-0.061276666820049286,0.053513527,-0.02597862482070923,0.5249780416488647,-0.16881060600280762,-0.26812744140625,,,
研究期,h5中性前10%最低波,1,60,指数>MA60,close,0.004372214963395571,-0.2666531093810932,0.11624804720376311,0.09222222222222222,0.4677777777777778,0.01639663971495987,0.053513527,0.045222572610120526,-0.00790925533741238,-0.037968250155135164,0.018682924901498588,,,
研究期,h5中性前10%最低波,1,60,指数>MA60,open,0.0687379615453001,-0.19020329797378366,0.4549455770545299,0.09333333333333334,0.4677777777777778,0.36139205932577717,0.053513527,0.03662177327386451,0.2506199873321202,0.03071438293338824,-0.04366899763360976,,,
研究期,h5中性前10%最低波,1,150,不择时,close,0.023025379466586893,-0.354074625438633,0.2177753410527903,0.08166666666666667,1.0,0.06502973614125188,0.053513527,0.24564552551603613,0.1405420209374122,-0.007268478046792426,-0.22886807442071466,,,
研究期,h5中性前10%最低波,1,150,不择时,open,0.041288018226623535,-0.3361886739730835,0.28468216420964754,0.08166666666666667,1.0,0.12281204760074615,0.053513527,0.1866474151611328,0.2499697208404541,0.05114305019378662,-0.25539207458496094,,,
研究期,h5中性前10%最低波,1,150,指数>MA60,close,0.03527112057540305,-0.19320890309974936,0.2815338404034675,0.058888888888888886,0.4677777777777778,0.18255432337501223,0.053513527,0.016922193842480837,-0.035019947052641,0.15738720954210228,0.0005589360352145079,,,
研究期,h5中性前10%最低波,1,150,指数>MA60,open,0.07011372525788917,-0.16935090471175973,0.4817941186071058,0.058888888888888886,0.4677777777777778,0.4140144711787918,0.053513527,-0.008657925529364063,0.03675866688584928,0.2707314472074056,-0.01689920931148814,,,
研究期,h5中性前10%最低波,1,300,不择时,close,0.034353097314260506,-0.4594477905022907,0.26017944641603985,0.04833333333333333,1.0,0.07477040487386832,0.053513527,0.2843774459490671,0.08793467860444704,-0.2607740024538503,0.09656297375399348,,,
研究期,h5中性前10%最低波,1,300,不择时,open,0.059911370277404785,-0.39492619037628174,0.3472821538974871,0.051666666666666666,1.0,0.15170270204544067,0.053513527,0.38182640075683594,0.2916686534881592,-0.18342065811157227,-0.1496371030807495,,,
研究期,h5中性前10%最低波,1,300,指数>MA60,close,0.015120610641969678,-0.25840334140881205,0.17527076579717152,0.04111111111111111,0.4677777777777778,0.058515538380936885,0.053513527,0.006690515741093694,0.039370428350509634,-0.012292304557181777,0.0226940407345535,,,
研究期,h5中性前10%最低波,1,300,指数>MA60,open,0.058529831178549596,-0.23904429085269174,0.38628485177241295,0.043333333333333335,0.4677777777777778,0.2448493162910045,0.053513527,0.014131059965374337,0.11888923176157618,0.03020633939089601,0.05514610888503335,,,
研究期,h5中性前10%最低波,2,20,不择时,close,0.07836708436726258,-0.3392730857194527,0.4447844614958133,0.17666666666666667,1.0,0.23098526722530793,0.053513527,-0.08474682224904784,0.30566730599513203,0.2663664090736295,-0.1271746761547239,,,
研究期,h5中性前10%最低波,2,20,不择时,open,0.1732877492904663,-0.36032629013061523,0.82326615702235,0.17833333333333334,1.0,0.4809189736843109,0.053513527,-0.07249313592910767,0.5858157873153687,0.39616715908050537,-0.12200319766998291,,,
研究期,h5中性前10%最低波,2,20,指数>MA60,close,0.14729362030344428,-0.12921519031557993,0.9032766232309323,0.09333333333333334,0.4677777777777778,1.139909479247074,0.053513527,0.04418002479473815,0.3304111627513746,0.21773253330437492,-0.018708627108125042,,,
研究期,h5中性前10%最低波,2,20,指数>MA60,open,0.23012057051120238,-0.11571948105046415,1.3665007833297398,0.095,0.4677777777777778,1.9886070039568275,0.053513527,0.07567546103200007,0.5360995990000328,0.27391323749982943,0.019844000843842746,,,
研究期,h5中性前10%最低波,2,60,不择时,close,0.03266212012718617,-0.3185107900721005,0.2548065042620025,0.14,1.0,0.1025463536723278,0.053513527,0.02183229245722762,0.23530201017549657,0.09852387155112652,-0.18806162977369145,,,
研究期,h5中性前10%最低波,2,60,不择时,open,0.0656810998916626,-0.3377152681350708,0.3941573053989305,0.14,1.0,0.1944866180419922,0.053513527,0.02576613426208496,0.4089473485946655,0.10509073734283447,-0.20829540491104126,,,
研究期,h5中性前10%最低波,2,60,指数>MA60,close,0.1301877049700082,-0.12921519031557993,0.8113063743689435,0.08055555555555556,0.4677777777777778,1.0075263183225835,0.053513527,0.08288107502968756,0.2986254678303475,0.15597757782126864,-0.033875433156381196,,,
研究期,h5中性前10%最低波,2,60,指数>MA60,open,0.17070156131521963,-0.12982414335986747,1.0346836655442613,0.08222222222222222,0.4677777777777778,1.314867611658654,0.053513527,0.06091694474560527,0.44751830359027767,0.19656021394078826,-0.026747619694580727,,,
研究期,h5中性前10%最低波,2,150,不择时,close,-0.038970317296634804,-0.35405960979976847,-0.07181404461371875,0.08166666666666667,1.0,-0.11006710796149188,0.053513527,0.049277370071068916,0.08060929925737437,0.02824354087483627,-0.2592540745755475,,,
研究期,h5中性前10%最低波,2,150,不择时,open,-0.0669475793838501,-0.3938791751861572,-0.20945827092267716,0.08222222222222222,1.0,-0.169969841837883,0.053513527,-0.013345658779144287,0.050035715103149414,-0.004669666290283203,-0.24896317720413208,,,
研究期,h5中性前10%最低波,2,150,指数>MA60,close,0.14859623802085165,-0.12100807502180344,0.9344012236702692,0.05555555555555555,0.4677777777777778,1.2279861322814807,0.053513527,0.04950467754405197,0.2789400939803719,0.25259678834355714,-0.008522139549706487,,,
研究期,h5中性前10%最低波,2,150,指数>MA60,open,0.17582507284967352,-0.12100807502180377,1.1196263870067635,0.055,0.4677777777777778,1.4530028084323512,0.053513527,-0.004261219203885003,0.35333866820555726,0.32499660995098356,0.01787432648965659,,,
研究期,h5中性前10%最低波,2,300,不择时,close,0.08322007213538352,-0.24269754992033044,0.47073957974052216,0.042777777777777776,1.0,0.3428962186173775,0.053513527,0.16975894569395278,0.06005840013013253,0.03653101830205108,0.044828301116508484,,,
研究期,h5中性前10%最低波,2,300,不择时,open,0.08482849597930908,-0.2633652687072754,0.4774057230639885,0.04388888888888889,1.0,0.32209447026252747,0.053513527,0.22557199001312256,0.16296660900115967,0.11651158332824707,-0.15148282051086426,,,
研究期,h5中性前10%最低波,2,300,指数>MA60,close,0.016502031627201763,-0.20000410324288542,0.1824015613075328,0.03888888888888889,0.4677777777777778,0.08250846537464114,0.053513527,0.00878336222609799,0.13829716339763842,0.0178259704304502,-0.09115072290545334,,,
研究期,h5中性前10%最低波,2,300,指数>MA60,open,0.06492195090514086,-0.17768734910965933,0.47786464571038434,0.04,0.4677777777777778,0.3653718243332812,0.053513527,0.020166517659956362,0.24469271528371994,0.03612432190275294,-0.04144460008348194,,,
研究期,h5中性前10%最低波,3,20,不择时,close,-0.004966018004543327,-0.40692316429540554,0.08036555379200347,0.18314814814814812,1.0,-0.012203822343567174,0.053513527,-0.20761469399634014,0.15805999581114905,0.2466292450695322,-0.14173716962167715,,,
研究期,h5中性前10%最低波,3,20,不择时,open,0.07101190090179443,-0.4139783978462219,0.4343091973093987,0.18314814814814812,1.0,0.17153528332710266,0.053513527,-0.15799397230148315,0.3611510992050171,0.33578217029571533,-0.1587221622467041,,,
研究期,h5中性前10%最低波,3,20,指数>MA60,close,0.07148384668650509,-0.14144356381512524,0.5421792110168038,0.1,0.4677777777777778,0.5053877656811485,0.053513527,-0.004103433825054625,0.21491314122178817,0.14946526225306234,-0.07242846836584393,,,
研究期,h5中性前10%最低波,3,20,指数>MA60,open,0.11293279772529785,-0.20575573433323635,0.8136712472879257,0.1,0.4677777777777778,0.5488682883675795,0.053513527,0.05087996394327221,0.3700421219211123,0.15732521406411326,-0.10944779078840117,,,
研究期,h5中性前10%最低波,3,60,不择时,close,0.021716541845139936,-0.38712499940030043,0.20746166709829206,0.15018518518518517,1.0,0.05609697611567651,0.053513527,-0.07114860928417899,0.16443254121867557,0.17587506676641018,-0.1488742103380324,,,
研究期,h5中性前10%最低波,3,60,不择时,open,0.05335426330566406,-0.3769680857658386,0.35177233790463996,0.1512962962962963,1.0,0.141535222530365,0.053513527,-0.05962294340133667,0.2734494209289551,0.23897182941436768,-0.18356603384017944,,,
研究期,h5中性前10%最低波,3,60,指数>MA60,close,0.1174170272136843,-0.14144356381512524,0.8323121670305177,0.08962962962962961,0.4677777777777778,0.8301334047772935,0.053513527,0.05442442042488138,0.2870968741051627,0.1529382707648108,-0.03747832710454191,,,
研究期,h5中性前10%最低波,3,60,指数>MA60,open,0.12388712046936212,-0.18245900977362872,0.886461956667316,0.08962962962962961,0.4677777777777778,0.678986039785402,0.053513527,0.024703357189375108,0.42875809090326245,0.15317308090824922,-0.08874369227805667,,,
研究期,h5中性前10%最低波,3,150,不择时,close,-0.04554246703595999,-0.3465810648232741,-0.1206868586513993,0.07944444444444444,1.0,-0.13140494867826275,0.053513527,-0.03252336616171747,0.09885453147142576,0.016027687519216682,-0.22044721642396403,,,
研究期,h5中性前10%最低波,3,150,不择时,open,-0.027692973613739014,-0.37593168020248413,-0.03435278373968913,0.07944444444444444,1.0,-0.07366491109132767,0.053513527,-0.06936734914779663,0.14812898635864258,0.07398104667663574,-0.21431761980056763,,,
研究期,h5中性前10%最低波,3,150,指数>MA60,close,0.14545399013415938,-0.14575190714256392,1.0046202048679083,0.05555555555555555,0.4677777777777778,0.9979559992438854,0.053513527,0.13692234594267894,0.22388828402382632,0.2782869006149973,-0.07223156697422728,,,
研究期,h5中性前10%最低波,3,150,指数>MA60,open,0.14462655608021868,-0.13123765190045045,1.0295708490974422,0.05555555555555555,0.4677777777777778,1.1020202966594093,0.053513527,0.05772317827514284,0.21050724333318604,0.3358480433617088,-0.03775323143137754,,,
研究期,h5中性前10%最低波,3,300,不择时,close,0.11814488392695743,-0.2125286904252328,0.650345249320223,0.03944444444444444,1.0,0.5559008700922692,0.053513527,0.09909852928184493,0.13401394447108572,0.2746097688774536,-0.04971450548647238,,,
研究期,h5中性前10%最低波,3,300,不择时,open,0.12001454830169678,-0.21759134531021118,0.6595404884792775,0.03944444444444444,1.0,0.5515593886375427,0.053513527,0.11850452423095703,0.14656710624694824,0.31306326389312744,-0.0979304313659668,,,
研究期,h5中性前10%最低波,3,300,指数>MA60,close,0.0657017194226126,-0.17910738933642,0.4878312120874726,0.0374074074074074,0.4677777777777778,0.3668286365293623,0.053513527,0.06348770591526254,0.18552852837509914,0.11530481497021006,-0.10071618905513924,,,
研究期,h5中性前10%最低波,3,300,指数>MA60,open,0.10484306810157795,-0.17843579646257068,0.7292203530812822,0.03814814814814815,0.4677777777777778,0.5875674622472414,0.053513527,0.04475878384550347,0.3236088994573414,0.11757026839039408,-0.06531610184742365,,,
研究期,h5原始前10%最低波,1,20,不择时,close,0.02762272579784697,-0.3589054288543706,0.2347659999717218,0.11722222222222223,1.0,0.07696380042513974,0.053513527,-0.21271979239276273,0.2517939873770918,0.32874118799165664,-0.1556037384360136,,,
研究期,h5原始前10%最低波,1,20,不择时,open,0.06555676460266113,-0.38567137718200684,0.37889505572989185,0.11722222222222223,1.0,0.16998089849948883,0.053513527,-0.23135912418365479,0.14175164699554443,0.5190839767456055,-0.05193161964416504,,,
研究期,h5原始前10%最低波,1,20,指数>MA60,close,-0.0027568406022002723,-0.27563294082133816,0.07229877133518701,0.07777777777777778,0.4677777777777778,-0.01000185461862928,0.053513527,-0.20572257640543745,0.07075018300493974,0.16236699091885343,0.0013226919344444532,,,
研究期,h5原始前10%最低波,1,20,指数>MA60,open,0.04702713543584092,-0.23384502865905432,0.35549237691719404,0.07777777777777778,0.4677777777777778,0.20110384944041895,0.053513527,-0.21323443528112318,0.12141000594762041,0.3049661916726356,0.028978526904616553,,,
研究期,h5原始前10%最低波,1,60,不择时,close,-0.05731938507694656,-0.3910263229796579,-0.10829496480971859,0.065,1.0,-0.14658702421915581,0.053513527,-0.22637340601159794,-0.031182187888626034,0.07697720194003543,-0.0035326015834740154,,,
研究期,h5原始前10%最低波,1,60,不择时,open,-0.05956852436065674,-0.4813937544822693,-0.11467651248978132,0.065,1.0,-0.12374179065227509,0.053513527,-0.3124547004699707,-0.02133464813232422,0.0934680700302124,0.08361399173736572,,,
研究期,h5原始前10%最低波,1,60,指数>MA60,close,0.001413709152468634,-0.28894745307300274,0.0977265680817723,0.06111111111111111,0.4677777777777778,0.004892616762783715,0.053513527,-0.20572257640543745,-0.058944812137914804,0.42978710340491766,-0.05940136823943365,,,
研究期,h5原始前10%最低波,1,60,指数>MA60,open,0.049996213799572864,-0.2299037366132517,0.3645492419045357,0.06111111111111111,0.4677777777777778,0.21746585999895,0.053513527,-0.21323443528112318,0.05740511259374936,0.47355632100609624,-0.023442127769619736,,,
研究期,h5原始前10%最低波,1,150,不择时,close,0.015562899410295206,-0.41882252959436006,0.19507396199306626,0.042777777777777776,1.0,0.037158696847966265,0.053513527,0.10645271739658257,0.07740758882666587,0.11718145434727223,-0.20511978354263005,,,
研究期,h5原始前10%最低波,1,150,不择时,open,0.0341106653213501,-0.4107089638710022,0.25964637553619796,0.042777777777777776,1.0,0.08305313438177109,0.053513527,0.043642282485961914,0.09106123447418213,0.12302625179290771,-0.1150064468383789,,,
研究期,h5原始前10%最低波,1,150,指数>MA60,close,-0.0746117996289557,-0.305391551453031,-0.4098923561341355,0.03777777777777778,0.4677777777777778,-0.24431520542712507,0.053513527,-0.07061713884342613,-0.09131794369177026,-0.0738071120445426,-0.03954496882769121,,,
研究期,h5原始前10%最低波,1,150,指数>MA60,open,-0.051215740268785837,-0.2335386594400276,-0.25507677768163245,0.03777777777777778,0.4677777777777778,-0.21930304983161883,0.053513527,-0.07560034998521148,-0.01903528487103201,-0.08758948277921075,-0.004415298223183317,,,
研究期,h5原始前10%最低波,1,300,不择时,close,0.22154979581706802,-0.21413281464064282,0.841839469712682,0.02277777777777778,1.0,1.0346372936295278,0.053513527,0.06846150929278627,0.34324114693169605,0.20515096269971744,0.20953847400773595,,,
研究期,h5原始前10%最低波,1,300,不择时,open,0.2006838321685791,-0.268723726272583,0.7821871677776417,0.02277777777777778,1.0,0.7468035221099854,0.053513527,-0.013898372650146484,0.34299135208129883,0.17479097843170166,0.2618837356567383,,,
研究期,h5原始前10%最低波,1,300,指数>MA60,close,-0.017089130860460156,-0.1991277603061714,-0.03339556946334142,0.02666666666666667,0.4677777777777778,-0.08581993205861677,0.053513527,-0.10574572847228192,0.060784887305669555,-0.04891201784475008,0.04010975895077307,,,
研究期,h5原始前10%最低波,1,300,指数>MA60,open,0.017988916920735898,-0.17887613827886728,0.192744899670914,0.02666666666666667,0.4677777777777778,0.10056633094734659,0.053513527,-0.12318367925708373,0.1740746211345241,-0.05583640282448288,0.09877520890461455,,,
研究期,h5原始前10%最低波,2,20,不择时,close,0.01750167603104069,-0.3658908363734229,0.1886385223509126,0.13666666666666666,1.0,0.04783305371763597,0.053513527,-0.13937060593413342,0.04715584767459169,0.4004147475458746,-0.15528666251004575,,,
研究期,h5原始前10%最低波,2,20,不择时,open,0.05132949352264404,-0.3556346893310547,0.34068688517938794,0.13666666666666666,1.0,0.14433208107948303,0.053513527,-0.11590594053268433,-0.05922943353652954,0.4995741844177246,-0.035651445388793945,,,
研究期,h5原始前10%最低波,2,20,指数>MA60,close,0.0009341882703983728,-0.2364328031820324,0.0807971478653252,0.08277777777777778,0.4677777777777778,0.003951178761261525,0.053513527,-0.1049290999463901,0.15453365172632694,0.17203154617849736,-0.1715001235264616,,,
研究期,h5原始前10%最低波,2,20,指数>MA60,open,0.03588186855420705,-0.20274100286543528,0.31248529287485693,0.08277777777777778,0.4677777777777778,0.17698377756384495,0.053513527,-0.14125648415927483,0.20008441035045466,0.26026001244698316,-0.12312690677733495,,,
研究期,h5原始前10%最低波,2,60,不择时,close,-0.013383275891642232,-0.3063305116732584,0.047766402313265365,0.08277777777777778,1.0,-0.04368900707454584,0.053513527,-0.0354768172383918,0.047483678028101606,-0.03401954732788104,-0.025036796506168635,,,
研究期,h5原始前10%最低波,2,60,不择时,open,-0.01408541202545166,-0.35623615980148315,0.04577968972420361,0.08277777777777778,1.0,-0.039539534598588943,0.053513527,-0.08814799785614014,0.0014019012451171875,-0.00300443172454834,0.042438387870788574,,,
研究期,h5原始前10%最低波,2,60,指数>MA60,close,0.008485237891154407,-0.2532951002011091,0.13192972040136539,0.06888888888888889,0.4677777777777778,0.03349941583716925,0.053513527,-0.1012404855777016,0.15337303165213778,0.21332057911983315,-0.17974978770304073,,,
研究期,h5原始前10%最低波,2,60,指数>MA60,open,0.0582575957662963,-0.20186863243817643,0.4458715644071134,0.06888888888888889,0.4677777777777778,0.2885916205140889,0.053513527,-0.15248240145918934,0.2796085589035622,0.26273550398555634,-0.10015499568748731,,,
研究期,h5原始前10%最低波,2,150,不择时,close,-0.01650542364648222,-0.3549055887802304,0.037324481310097316,0.04555555555555556,1.0,-0.0465065193907187,0.053513527,-0.06064862591797504,-0.05834523996095786,0.14014367732397082,-0.06747632479766974,,,
研究期,h5原始前10%最低波,2,150,不择时,open,0.005132555961608887,-0.3675163984298706,0.13415104827450722,0.04555555555555556,1.0,0.013965515419840813,0.053513527,-0.06005728244781494,-0.017181217670440674,0.13990724086761475,-0.03226673603057861,,,
研究期,h5原始前10%最低波,2,150,指数>MA60,close,-0.026317392801054718,-0.22254354908765006,-0.11345847791149666,0.04888888888888889,0.4677777777777778,-0.11825727103277867,0.053513527,-0.06129364196392406,0.1545228043631406,-0.01676938682839868,-0.14946992797450553,,,
研究期,h5原始前10%最低波,2,150,指数>MA60,open,0.022974367734135193,-0.1539898697946287,0.2330896916832184,0.04833333333333333,0.4677777777777778,0.14919402013116423,0.053513527,-0.10597753660010623,0.271610712117639,0.02482593646989284,-0.0666733580504979,,,
研究期,h5原始前10%最低波,2,300,不择时,close,0.17577382247937479,-0.2049383151608356,0.8431533623430746,0.02388888888888889,1.0,0.8576913611367766,0.053513527,0.1254736689090652,0.32815666553621337,0.14173153104477865,0.06473707477353319,,,
研究期,h5原始前10%最低波,2,300,不择时,open,0.15290331840515137,-0.1851797103881836,0.756571594124924,0.02388888888888889,1.0,0.8257023096084595,0.053513527,0.06227850914001465,0.2549785375595093,0.1493586301803589,0.10304772853851318,,,
研究期,h5原始前10%最低波,2,300,指数>MA60,close,-0.0035659543577284403,-0.20986314964241815,0.04399543819215295,0.03222222222222222,0.4677777777777778,-0.016991808060654777,0.053513527,-0.03939042244486479,0.129381265279491,0.01779920512454769,-0.10622568757506845,,,
研究期,h5原始前10%最低波,2,300,指数>MA60,open,0.020236583073081293,-0.20149221263790318,0.21550395618767906,0.03222222222222222,0.4677777777777778,0.10043357412252935,0.053513527,-0.07676427916381423,0.2285326890384971,0.02620860868385866,-0.07496431883015486,,,
研究期,h5原始前10%最低波,3,20,不择时,close,-0.010445291308975646,-0.3995897375836076,0.0551585813763372,0.13574074074074072,1.0,-0.02614003896131126,0.053513527,-0.15160080511065954,-0.06813096103611427,0.26439700515573783,-0.03763230295634723,,,
研究期,h5原始前10%最低波,3,20,不择时,open,-0.003554821014404297,-0.40942734479904175,0.08877418865574294,0.1361111111111111,1.0,-0.00868242233991623,0.053513527,-0.1455896496772766,-0.12439078092575073,0.316867470741272,0.0017876625061035156,,,
研究期,h5原始前10%最低波,3,20,指数>MA60,close,-0.04263941719081188,-0.22782127894324367,-0.2537422731099713,0.08074074074074072,0.4677777777777778,-0.1871616970486523,0.053513527,-0.13282184978878342,0.10062112896700359,0.07160461473865776,-0.16743926468110681,,,
研究期,h5原始前10%最低波,3,20,指数>MA60,open,-0.0015201021002005932,-0.1896491582205342,0.0561538952747706,0.0811111111111111,0.4677777777777778,-0.008015337977049902,0.053513527,-0.1571133573284721,0.21147933207799174,0.09048989253520934,-0.1069901252306531,,,
研究期,h5原始前10%最低波,3,60,不择时,close,-0.02745679156397618,-0.4215441794574226,-0.02552771472015368,0.09055555555555556,1.0,-0.06513384101119918,0.053513527,-0.15512639679716744,-0.026466468437100876,0.13082230740083567,-0.02979238933035888,,,
研究期,h5原始前10%最低波,3,60,不择时,open,-0.0010756850242614746,-0.4448133707046509,0.10049550783502291,0.09055555555555556,1.0,-0.002418283838778734,0.053513527,-0.15654665231704712,-0.0415416955947876,0.25370490550994873,-0.017241954803466797,,,
研究期,h5原始前10%最低波,3,60,指数>MA60,close,-0.024836629298237822,-0.23094113266245253,-0.11151058043120919,0.06925925925925926,0.4677777777777778,-0.10754528226264248,0.053513527,-0.13237435726955327,0.12294625689348893,0.11546122387190305,-0.16137883617429238,,,
研究期,h5原始前10%最低波,3,60,指数>MA60,open,0.012545315741629093,-0.19566968389193684,0.15936512554527338,0.06962962962962962,0.4677777777777778,0.06411476469986806,0.053513527,-0.16448982943914459,0.2572136839198078,0.10654791419571108,-0.0991751928161968,,,
研究期,h5原始前10%最低波,3,150,不择时,close,-0.010601730218434358,-0.32261254548168405,0.05322507212280008,0.05092592592592592,1.0,-0.032862113910062614,0.053513527,-0.048926443063396,-0.011973590253787969,0.029670620292508776,-0.006322677033247293,,,
研究期,h5原始前10%最低波,3,150,不择时,open,-0.00028073787689208984,-0.3545166850090027,0.10301771942684838,0.05129629629629629,1.0,-0.000791889033280313,0.053513527,-0.05471682548522949,0.03289949893951416,0.026721596717834473,-0.003500699996948242,,,
研究期,h5原始前10%最低波,3,150,指数>MA60,close,-0.031458399088267974,-0.21766108841513865,-0.1658819138276942,0.04814814814814814,0.4677777777777778,-0.1445292740072506,0.053513527,-0.04218516362220859,0.08564448628000654,0.0027345231800584013,-0.14760327300017062,,,
研究期,h5原始前10%最低波,3,150,指数>MA60,open,-0.0035720007354037575,-0.20261661708738088,0.040541934063588116,0.04777777777777778,0.4677777777777778,-0.017629357289403805,0.053513527,-0.058769882929087025,0.1847626979005661,-0.012603973736609042,-0.10370869168545138,,,
研究期,h5原始前10%最低波,3,300,不择时,close,0.1486586721478449,-0.2036729143926982,0.7958992688074318,0.025370370370370366,1.0,0.7298892569545046,0.053513527,0.06811995693955919,0.22891421329996264,0.25981733050117106,0.008246662002870941,,,
研究期,h5原始前10%最低波,3,300,不择时,open,0.149572491645813,-0.20297878980636597,0.7954837290239698,0.025370370370370366,1.0,0.7368872761726379,0.053513527,0.04421675205230713,0.1833568811416626,0.2580934762954712,0.07564854621887207,,,
研究期,h5原始前10%最低波,3,300,指数>MA60,close,-0.0494582481296969,-0.23010623389024454,-0.32711729282118784,0.03296296296296296,0.4677777777777778,-0.21493658513088074,0.053513527,-0.07724358583646684,0.06418681532835846,-0.017477068410142738,-0.1403957006387968,,,
研究期,h5原始前10%最低波,3,300,指数>MA60,open,-0.026719871067794942,-0.2114776992208186,-0.14952658139627956,0.03296296296296296,0.4677777777777778,-0.12634841009829062,0.053513527,-0.1022476702777988,0.15184057652299154,-0.026669273027459806,-0.10090476332079534,,,
研究期,AE+h5前10%最低波,1,20,不择时,close,0.12796716105726458,-0.33046750150072357,0.5650345300747974,0.20166666666666666,1.0,0.38723069734887194,0.053513527,0.16127627646986364,0.2045435014477841,0.1440786868815216,-0.025722156862822976,,,
研究期,AE+h5前10%最低波,1,20,不择时,open,0.0737842321395874,-0.3884153962135315,0.3928539166441619,0.20166666666666666,1.0,0.18996217846870422,0.053513527,0.03514742851257324,0.09413754940032959,0.15655207633972168,-0.007344961166381836,,,
研究期,AE+h5前10%最低波,1,20,指数>MA60,close,0.12519017854572634,-0.16064646178138808,0.6894033657170462,0.10444444444444445,0.4677777777777778,0.7792899834674754,0.053513527,0.0640404356894102,0.24656361997180132,-0.02107536173626956,0.18994331234640516,,,
研究期,AE+h5前10%最低波,1,20,指数>MA60,open,0.1840915086667445,-0.1573083312435729,0.9542397929706526,0.10444444444444445,0.4677777777777778,1.1702591160394493,0.053513527,0.048061689880732894,0.5963618980951242,0.08373026494731639,0.028593934602268334,,,
研究期,AE+h5前10%最低波,1,60,不择时,close,0.15220342976914725,-0.30673204780705776,0.6366485561215695,0.18833333333333332,1.0,0.4962097402514884,0.053513527,0.24361278850695434,0.2686709768793758,0.16642915084157694,-0.08365443077252699,,,
研究期,AE+h5前10%最低波,1,60,不择时,open,0.016022086143493652,-0.3969194293022156,0.19878166742353423,0.18833333333333332,1.0,0.04036609083414078,0.053513527,0.05664265155792236,0.027126431465148926,0.08636140823364258,-0.10063600540161133,,,
研究期,AE+h5前10%最低波,1,60,指数>MA60,close,0.16495075749054644,-0.14220808896564874,0.8602087330366965,0.10222222222222223,0.4677777777777778,1.1599252805541276,0.053513527,0.0640404356894102,0.3139315528422595,0.05564999175329488,0.18994331234640516,,,
研究期,AE+h5前10%最低波,1,60,指数>MA60,open,0.18852829010294747,-0.18784686669810857,0.9642903699081021,0.10222222222222223,0.4677777777777778,1.003627547357146,0.053513527,0.048061689880732894,0.49621110902481713,0.17233246437581107,0.028593934602268334,,,
研究期,AE+h5前10%最低波,1,150,不择时,close,0.008828448958222213,-0.3666043965051158,0.16949745932396162,0.12055555555555555,1.0,0.024081677804153163,0.053513527,0.11909319783217698,0.2175775715349333,-0.05601040440008842,-0.1969359612581002,,,
研究期,AE+h5前10%最低波,1,150,不择时,open,-0.013378262519836426,-0.44359463453292847,0.08925797320649222,0.12055555555555555,1.0,-0.030158756300807,0.053513527,0.16191303730010986,0.21580100059509277,-0.09898525476455688,-0.2524222135543823,,,
研究期,AE+h5前10%最低波,1,150,指数>MA60,close,0.14562370473357644,-0.1584708556392832,0.8148578909329915,0.07666666666666666,0.4677777777777778,0.9189305134128266,0.053513527,0.05075764765697022,0.273461402595238,0.10831290153465534,0.1133381779974243,,,
研究期,AE+h5前10%最低波,1,150,指数>MA60,open,0.20576547437625292,-0.16062555326577777,1.0875770269084561,0.07666666666666666,0.4677777777777778,1.2810257782320895,0.053513527,0.0459593986799296,0.6385204263028648,0.08256809835388657,0.0747763160721,,,
研究期,AE+h5前10%最低波,1,300,不择时,close,-0.03629736616148915,-0.4012010304168655,-0.01658202890968261,0.050555555555555555,1.0,-0.09047176704350583,0.053513527,0.20361102558006072,0.106706942322355,-0.16588139783194844,-0.21471566953761068,,,
研究期,AE+h5前10%最低波,1,300,不择时,open,-0.013865411281585693,-0.36858415603637695,0.07617099374126086,0.04833333333333333,1.0,-0.03761803358793259,0.053513527,0.15226459503173828,0.13190805912017822,-0.08364737033843994,-0.2052912712097168,,,
研究期,AE+h5前10%最低波,1,300,指数>MA60,close,0.07628711002558375,-0.18725305087552258,0.47270040853119505,0.04111111111111111,0.4677777777777778,0.40740115938776345,0.053513527,0.07959567071636009,0.07533734467798725,0.11083189366864366,0.01698260077008218,,,
研究期,AE+h5前10%最低波,1,300,指数>MA60,open,0.17863218481698961,-0.17128105402351346,0.9486301509942519,0.04111111111111111,0.4677777777777778,1.042918528469979,0.053513527,0.04816711119840855,0.3619350120409599,0.11543011769441924,0.1514665352843616,,,
研究期,AE+h5前10%最低波,2,20,不择时,close,0.01511755868088116,-0.35937122889300466,0.1785633422861473,0.21666666666666667,1.0,0.0420666916699169,0.053513527,-0.1268470048896717,0.12444692238273047,0.1878633455908323,-0.09376696294402742,,,
研究期,AE+h5前10%最低波,2,20,不择时,open,-0.023467600345611572,-0.4497981071472168,0.008724033486254489,0.21666666666666667,1.0,-0.05217362940311432,0.053513527,-0.19308841228485107,0.04898059368133545,0.27239787578582764,-0.14936625957489014,,,
研究期,AE+h5前10%最低波,2,20,指数>MA60,close,0.07014215818310277,-0.1538143633237048,0.509945627922237,0.10277777777777777,0.4677777777777778,0.45601825907173227,0.053513527,0.039575895619925916,0.15895903773142184,0.07938967848561496,-0.012600165386846274,,,
研究期,AE+h5前10%最低波,2,20,指数>MA60,open,0.13307932704841718,-0.13546313446870617,0.8970876759438916,0.10277777777777777,0.4677777777777778,0.9824025375639032,0.053513527,0.037545002164949715,0.32109806063076696,0.13367225804478777,0.02026031128298933,,,
研究期,AE+h5前10%最低波,2,60,不择时,close,0.09431133682837722,-0.32021498385771974,0.5048760524115221,0.18333333333333332,1.0,0.29452505842225774,0.053513527,0.0029087959962548204,0.05876069114567373,0.505031318943747,-0.12749609407886942,,,
研究期,AE+h5前10%最低波,2,60,不择时,open,0.006892800331115723,-0.4107549786567688,0.1460031805850558,0.18333333333333332,1.0,0.016780808568000793,0.053513527,-0.0649372935295105,-0.11657780408859253,0.5879175662994385,-0.2180722951889038,,,
研究期,AE+h5前10%最低波,2,60,指数>MA60,close,0.0936701455858222,-0.15381436332370468,0.6532248599579423,0.09777777777777778,0.4677777777777778,0.6089817853271086,0.053513527,0.039575895619925916,0.18996520776246295,0.14118211059159447,-0.014429116249734308,,,
研究期,AE+h5前10%最低波,2,60,指数>MA60,open,0.14519802166628604,-0.1309891947168509,0.9689248491235803,0.09777777777777778,0.4677777777777778,1.1084732750678348,0.053513527,0.037545002164949715,0.2793498814449449,0.21891448750062192,0.019091046297807113,,,
研究期,AE+h5前10%最低波,2,150,不择时,close,0.06101731919823217,-0.27798608945362724,0.36868449334031883,0.11666666666666667,1.0,0.21949774292001356,0.053513527,0.018797646250190647,0.11558274787333622,0.14110616015392585,-0.040682864293644094,,,
研究期,AE+h5前10%最低波,2,150,不择时,open,0.05246269702911377,-0.34200841188430786,0.33561581056596784,0.11666666666666667,1.0,0.15339592099189758,0.053513527,-0.04812890291213989,0.1342376470565796,0.17452704906463623,-0.04771846532821655,,,
研究期,AE+h5前10%最低波,2,150,指数>MA60,close,0.1417607779176817,-0.12776418979470605,0.9221516093546348,0.06888888888888889,0.4677777777777778,1.109550165390362,0.053513527,0.01983356277599113,0.2193321821257821,0.22674107954231726,0.06896380449286332,,,
研究期,AE+h5前10%最低波,2,150,指数>MA60,open,0.1821302429618099,-0.11391625805150096,1.181797579483244,0.06888888888888889,0.4677777777777778,1.5988081602844586,0.053513527,0.005235360182698878,0.37078810637482373,0.24809534500400354,0.0778094870976005,,,
研究期,AE+h5前10%最低波,2,300,不择时,close,0.005916552289728427,-0.2479881703226302,0.1355336923810683,0.051111111111111114,1.0,0.023858203728149816,0.053513527,0.14498659281741944,0.11175083732644242,-0.04164824108502718,-0.16224501391725676,,,
研究期,AE+h5前10%最低波,2,300,不择时,open,0.06270015239715576,-0.24680328369140625,0.39301554185417015,0.05277777777777778,1.0,0.2540490925312042,0.053513527,0.10599720478057861,0.3449399471282959,-0.01630502939224243,-0.1447380781173706,,,
研究期,AE+h5前10%最低波,2,300,指数>MA60,close,0.08724440334257966,-0.17850613254503145,0.5778685720088299,0.042777777777777776,0.4677777777777778,0.4887473729821056,0.053513527,0.07111984239696678,0.14787625531518822,0.17646910283236705,-0.058804078113329106,,,
研究期,AE+h5前10%最低波,2,300,指数>MA60,open,0.16905802158903915,-0.1397286177316729,1.0309352734404273,0.043333333333333335,0.4677777777777778,1.209902626487645,0.053513527,0.05538911249387257,0.2653689114235396,0.24883253562301433,0.06679512805867427,,,
研究期,AE+h5前10%最低波,3,20,不择时,close,-0.007013103427410905,-0.3805892883093017,0.07033738279770442,0.22314814814814815,1.0,-0.01842695956726826,0.053513527,-0.1747466020592311,0.009218144256810223,0.4022870156285978,-0.16571044641999222,,,
研究期,AE+h5前10%最低波,3,20,不择时,open,-0.039609551429748535,-0.43573492765426636,-0.09279453937914897,0.22314814814814815,1.0,-0.09090285748243332,0.053513527,-0.20515984296798706,-0.023495614528656006,0.42069053649902344,-0.21872293949127197,,,
研究期,AE+h5前10%最低波,3,20,指数>MA60,close,0.01773681071872546,-0.15126708589886906,0.19415567414373547,0.10555555555555556,0.4677777777777778,0.11725492438311108,0.053513527,0.001995284443743195,0.031707211895614984,0.14054418706429606,-0.09503995112571806,,,
研究期,AE+h5前10%最低波,3,20,指数>MA60,open,0.06378487287573398,-0.16132883527047326,0.515777784544453,0.10555555555555556,0.4677777777777778,0.39537180547294276,0.053513527,0.03693090436902491,0.1625720993124833,0.14987048185506047,-0.09378280178908627,,,
研究期,AE+h5前10%最低波,3,60,不择时,close,0.044936231612857425,-0.37271669597235424,0.31397858607157386,0.18796296296296294,1.0,0.12056404260513864,0.053513527,-0.09787842951865788,0.0391296717655123,0.5403742750342491,-0.18557315216868453,,,
研究期,AE+h5前10%最低波,3,60,不择时,open,-0.01390165090560913,-0.4139416813850403,0.03870038550712178,0.18796296296296294,1.0,-0.03358359634876251,0.053513527,-0.12634152173995972,-0.052917420864105225,0.6010490655899048,-0.2831292152404785,,,
研究期,AE+h5前10%最低波,3,60,指数>MA60,close,0.04816523665285888,-0.15126708589886895,0.4054090295344629,0.09629629629629628,0.4677777777777778,0.3184118763619219,0.053513527,0.017974763494239765,0.04032967947561472,0.21444855503463356,-0.07515592344354172,,,
研究期,AE+h5前10%最低波,3,60,指数>MA60,open,0.07254503049385863,-0.1584449121122593,0.5858401291839592,0.09629629629629628,0.4677777777777778,0.4578564847980728,0.053513527,0.04018661885891306,0.11860766908340259,0.23548326112442952,-0.09933657311889987,,,
研究期,AE+h5前10%最低波,3,150,不择时,close,0.08546019344522904,-0.3546005792802027,0.4956421295290205,0.11759259259259258,1.0,0.24100409993323513,0.053513527,-0.07468461191575637,0.12463112978360358,0.3484226050851966,-0.03564521119057973,,,
研究期,AE+h5前10%最低波,3,150,不择时,open,0.04340255260467529,-0.42676424980163574,0.30740064597920735,0.11759259259259258,1.0,0.10170147567987442,0.053513527,-0.1309606432914734,0.12794458866119385,0.3549995422363281,-0.11936867237091064,,,
研究期,AE+h5前10%最低波,3,150,指数>MA60,close,0.10030368956682367,-0.13251898693094755,0.7427468498639657,0.06777777777777778,0.4677777777777778,0.7569005158414734,0.053513527,-0.026531454123789322,0.0937305225117886,0.3233784517795053,0.009726648308331809,,,
研究期,AE+h5前10%最低波,3,150,指数>MA60,open,0.12938352520122032,-0.14911192031356257,0.9558051212004179,0.06777777777777778,0.4677777777777778,0.8676940443738096,0.053513527,-0.043246102257941565,0.2504208885046362,0.2991690517224108,0.007824366998774313,,,
研究期,AE+h5前10%最低波,3,300,不择时,close,0.07756493377968621,-0.21029530497606574,0.46513803994176034,0.05537037037037037,1.0,0.36883816207173087,0.053513527,0.16952424381102804,0.22406764873078178,0.015294247786835635,-0.09372105838506517,,,
研究期,AE+h5前10%最低波,3,300,不择时,open,0.11654555797576904,-0.23869216442108154,0.6379890251027744,0.05574074074074074,1.0,0.4882672131061554,0.053513527,0.1758493185043335,0.34692931175231934,0.06294751167297363,-0.10795974731445312,,,
研究期,AE+h5前10%最低波,3,300,指数>MA60,close,0.04218180874648625,-0.210722279063282,0.3509902834152372,0.04,0.4677777777777778,0.2001772614362178,0.053513527,0.028967553350726316,0.1353524064330418,0.11862343824874899,-0.10881325590862723,,,
研究期,AE+h5前10%最低波,3,300,指数>MA60,open,0.10733636852510187,-0.14952864146329392,0.7700222472462966,0.04037037037037036,0.4677777777777778,0.7178314968604236,0.053513527,0.03355097487618619,0.251336990640743,0.14209112081113617,-0.013903718932525178,,,
样本外,h5中性,1,20,不择时,close,-0.045782639410461234,-0.5996440708733375,0.1405579368987812,0.14786795048143053,1.0,-0.07634969081539018,0.034577727,,,,,0.13106423029493963,0.37549799165855036,-0.4410000417498433
样本外,h5中性,1,20,不择时,open,0.06408309936523438,-0.5766429305076599,0.3689181977394256,0.15061898211829436,1.0,0.11113133281469345,0.034577727,,,,,0.7949634790420532,0.18712842464447021,-0.43529629707336426
样本外,h5中性,1,20,指数>MA60,close,0.21040188486363465,-0.39047127307153306,0.7494048360261385,0.08528198074277854,0.517193947730399,0.5388408811961174,0.034577727,,,,,0.3730164311871078,0.6240555196424329,-0.20784021589577095
样本外,h5中性,1,20,指数>MA60,open,0.3215068481142602,-0.2516325808057609,1.0166603889142585,0.08665749656121045,0.517193947730399,1.2776837048873109,0.034577727,,,,,1.0788502342428905,0.3801516107856102,-0.20020750608491744
样本外,h5中性,1,60,不择时,close,0.061738735146390944,-0.6374230238328007,0.3521054802798868,0.09147180192572214,1.0,0.09685676989694889,0.034577727,,,,,1.0710900219935677,0.0537960424527939,-0.4522728140151384
样本外,h5中性,1,60,不择时,open,0.08316099643707275,-0.5433762073516846,0.3977910940088947,0.09284731774415406,1.0,0.15304496884346008,0.034577727,,,,,0.9855011701583862,0.08534979820251465,-0.41125351190567017
样本外,h5中性,1,60,指数>MA60,close,0.03263946972888765,-0.4552014921869051,0.25929261847978036,0.06602475928473177,0.517193947730399,0.07170334519792376,0.034577727,,,,,0.5928147884835193,-0.0499611495238077,-0.27280031357719736
样本外,h5中性,1,60,指数>MA60,open,0.1925421774042706,-0.2766221977717105,0.7186344107179199,0.06740027510316368,0.517193947730399,0.6960474573453101,0.034577727,,,,,0.9870766530181956,-0.013897408700473735,-0.13758274307807683
样本外,h5中性,1,150,不择时,close,0.04936436317471182,-0.5763199141740218,0.3420885407973684,0.07634112792297111,1.0,0.0856544463598148,0.034577727,,,,,0.6910483557541751,0.47927719241399447,-0.5385288786719534
样本外,h5中性,1,150,不择时,open,0.07071089744567871,-0.5982493162155151,0.3864255394120406,0.08459422283356259,1.0,0.11819636821746826,0.034577727,,,,,0.880135178565979,0.5247819423675537,-0.5724257230758667
样本外,h5中性,1,150,指数>MA60,close,-0.09081551128086629,-0.4248985524412311,-0.14369349551252592,0.05364511691884457,0.517193947730399,-0.2137345744274505,0.034577727,,,,,-0.03110468839962721,0.05458402476838753,-0.2630376427272151
样本外,h5中性,1,150,指数>MA60,open,0.020358202337583675,-0.32131381411415183,0.2106011123831103,0.05364511691884457,0.517193947730399,0.0633592501888235,0.034577727,,,,,0.04433306849769525,0.15643442451071676,-0.12073743966793593
样本外,h5中性,1,300,不择时,close,-0.07053441065835708,-0.6684678403384752,0.07976350004658884,0.06258596973865199,1.0,-0.10551653557879816,0.034577727,,,,,0.4613600388619301,-0.3123114654700083,-0.19979383389448635
样本外,h5中性,1,300,不择时,open,0.11277484893798828,-0.5001761317253113,0.45965333953382354,0.05845942228335626,1.0,0.22547027468681335,0.034577727,,,,,0.5959821939468384,-0.12686997652053833,-0.013348400592803955
样本外,h5中性,1,300,指数>MA60,close,0.018029435712512143,-0.4533336046561198,0.20627726025571264,0.04676753782668501,0.517193947730399,0.03977079026865553,0.034577727,,,,,0.11215642504975243,0.05543598928738991,-0.10148732252236448
样本外,h5中性,1,300,指数>MA60,open,0.050578955453003394,-0.2985815737243007,0.31704522588605116,0.04676753782668501,0.517193947730399,0.16939744412930902,0.034577727,,,,,0.10952555878260939,0.16949904611162747,-0.10729124185140848
样本外,h5中性,2,20,不择时,close,0.08475222741945454,-0.5193423554441401,0.404815228314647,0.1609353507565337,1.0,0.16319144111974976,0.034577727,,,,,0.10468977996194795,0.4175490727589828,-0.18625332573192965
样本外,h5中性,2,20,不择时,open,0.224570631980896,-0.4366436004638672,0.7279494133252373,0.16162310866574967,1.0,0.5143110752105713,0.034577727,,,,,0.5840942859649658,0.5978243350982666,-0.27749884128570557
样本外,h5中性,2,20,指数>MA60,close,0.1543816683102972,-0.2620494981205267,0.6897214071976174,0.09491059147180192,0.5199449793672627,0.5891317076260574,0.034577727,,,,,0.1083718417675934,0.537844685509979,-0.10014475516285093
样本外,h5中性,2,20,指数>MA60,open,0.265026826619857,-0.24391508453956912,1.0197441608162747,0.09559834938101788,0.5213204951856947,1.0865536550153914,0.034577727,,,,,0.47634830202763045,0.6791448264916755,-0.18730045999126166
样本外,h5中性,2,60,不择时,close,0.17339681987131939,-0.3554108514435277,0.612761763685745,0.10110041265474554,1.0,0.4878771122689565,0.034577727,,,,,0.39525325902151986,0.3834787223976097,-0.16576935488701838
样本外,h5中性,2,60,不择时,open,0.2695382833480835,-0.33429408073425293,0.8229749697853089,0.10385144429160935,1.0,0.8062909245491028,0.034577727,,,,,0.6562584638595581,0.43377935886383057,-0.14256125688552856
样本外,h5中性,2,60,指数>MA60,close,0.07280229137207272,-0.2724008840932566,0.40384998781622355,0.07290233837689133,0.5199449793672627,0.2672615825547351,0.034577727,,,,,0.12535514023172922,0.271795228110701,-0.1385563308379042
样本外,h5中性,2,60,指数>MA60,open,0.2478842132599004,-0.24391508453956878,0.9637336848921342,0.07221458046767538,0.5213204951856947,1.016272584075003,0.034577727,,,,,0.39345120702467073,0.4727058653799958,-0.05736338638889982
样本外,h5中性,2,150,不择时,close,0.06783302575635486,-0.5086821752507337,0.3618245831220043,0.07221458046767538,1.0,0.13335050657695918,0.034577727,,,,,0.6594253737725684,0.12849252136625622,-0.35066389925342456
样本外,h5中性,2,150,不择时,open,0.3368401527404785,-0.47306740283966064,0.9480814363932174,0.07840440165061899,1.0,0.7120341658592224,0.034577727,,,,,0.8435676097869873,0.8037902116775513,-0.2858167290687561
样本外,h5中性,2,150,指数>MA60,close,-0.046068672476141326,-0.25592828000104784,-0.06333623698862448,0.055020632737276476,0.5199449793672627,-0.18000618171603666,0.034577727,,,,,-0.02629513154295926,0.09480996815284626,-0.18491109561686314
样本外,h5中性,2,150,指数>MA60,open,0.09682377683992183,-0.2793378958847482,0.4964948888018971,0.05364511691884457,0.5213204951856947,0.34661883785317216,0.034577727,,,,,0.07737921311391771,0.3881245931212227,-0.11937491529012534
样本外,h5中性,2,300,不择时,close,0.11077015840148241,-0.37322444209198924,0.4641858548005701,0.05639614855570839,1.0,0.2967923477374526,0.034577727,,,,,0.2092488427852479,0.28459756051792606,-0.11965091891539104
样本外,h5中性,2,300,不择时,open,0.2102893590927124,-0.3529702425003052,0.6846896621110352,0.05295735900962861,1.0,0.5957707762718201,0.034577727,,,,,0.28188347816467285,0.45213782787323,-0.05133557319641113
样本外,h5中性,2,300,指数>MA60,close,0.011230432441641902,-0.2953036564537931,0.1700231815488714,0.04745529573590096,0.5199449793672627,0.03803011644523662,0.034577727,,,,,-0.06352473079175258,0.08705462097794148,0.015554712295890782
样本外,h5中性,2,300,指数>MA60,open,0.0967277082476048,-0.23558504535512603,0.49193822540268195,0.04883081155433287,0.5213204951856947,0.41058509508443264,0.034577727,,,,,-0.0003740428625309544,0.3212571484171105,-0.003103949095892844
样本外,h5中性,3,20,不择时,close,0.055614926405209486,-0.4924965172804112,0.3302977233586993,0.1772122879413113,1.0,0.11292450698396347,0.034577727,,,,,0.1294095333036387,0.2308239993544583,-0.1547454992579146
样本外,h5中性,3,20,不择时,open,0.204864501953125,-0.4328244924545288,0.7041012717170131,0.17904630903255386,1.0,0.47332003712654114,0.034577727,,,,,0.5636333227157593,0.6347053050994873,-0.31831902265548706
样本外,h5中性,3,20,指数>MA60,close,0.12788318871196447,-0.38670072256769994,0.6152556985149722,0.10729023383768914,0.5199449793672627,0.3307032577100393,0.034577727,,,,,0.050159942129086144,0.4454557828730028,-0.05710979318262155
样本外,h5中性,3,20,指数>MA60,open,0.13849966766931576,-0.285863755697239,0.65150985520151,0.10774873911049976,0.5213204951856947,0.48449537553827593,0.034577727,,,,,0.26566231673634344,0.4234438677672909,-0.18306751480815064
样本外,h5中性,3,60,不择时,close,0.24754202491727773,-0.39242002467379145,0.8247125417153884,0.10660247592847318,1.0,0.6308088511106256,0.034577727,,,,,0.34731093080331465,0.672752891721468,-0.1423746960194765
样本外,h5中性,3,60,不择时,open,0.28342127799987793,-0.3716667890548706,0.9004976361762095,0.11027051811095827,1.0,0.7625682353973389,0.034577727,,,,,0.49019908905029297,0.6169010400772095,-0.12711119651794434
样本外,h5中性,3,60,指数>MA60,close,0.26254603999567716,-0.22168576358420744,1.1266120901606322,0.07794589637780833,0.5199449793672627,1.1843161949186192,0.034577727,,,,,0.2831059222799004,0.49416649013804026,0.04473328694428935
样本外,h5中性,3,60,指数>MA60,open,0.26398107123966996,-0.19941837222236658,1.1304582490495048,0.07657038055937643,0.5213204951856947,1.3237550196493986,0.034577727,,,,,0.39685653864314174,0.4298817780574946,0.006201420594996732
样本外,h5中性,3,150,不择时,close,0.2585101227827775,-0.4185607187664483,0.8644855453843245,0.07725813846859238,1.0,0.6176167786232778,0.034577727,,,,,0.7210162154513362,0.378159360575947,-0.16355094704006679
样本外,h5中性,3,150,不择时,open,0.45405375957489014,-0.4115280508995056,1.2896085689965169,0.07909215955983492,1.0,1.1033360958099365,0.034577727,,,,,0.8306478261947632,0.903301477432251,-0.12441706657409668
样本外,h5中性,3,150,指数>MA60,close,0.20079600723580504,-0.17946046897880108,0.9068104764411916,0.06052269601100413,0.5199449793672627,1.1188871197005745,0.034577727,,,,,0.36267595097087924,0.3412322258831386,-0.05619414660947364
样本外,h5中性,3,150,指数>MA60,open,0.31957035937990974,-0.17928285169871983,1.310160678968442,0.05960568546538285,0.5213204951856947,1.7824926162873593,0.034577727,,,,,0.49409363875289336,0.5626005871116679,-0.021402785715623818
样本外,h5中性,3,300,不择时,close,0.21115562538180144,-0.33828807586646026,0.732985566875687,0.05524988537368179,1.0,0.624188791877948,0.034577727,,,,,0.2760455159084325,0.5228395245513839,-0.08930148367996305
样本外,h5中性,3,300,不择时,open,0.331188440322876,-0.33341270685195923,1.008573431825376,0.056625401192113706,1.0,0.9933288097381592,0.034577727,,,,,0.44922614097595215,0.680797815322876,-0.03723466396331787
样本外,h5中性,3,300,指数>MA60,close,0.12184820873111724,-0.24215092743425515,0.6173189808475631,0.04906006419073819,0.5199449793672627,0.5031911709865305,0.034577727,,,,,0.07300213758431306,0.2503930308699631,0.04986129547486162
样本外,h5中性,3,300,指数>MA60,open,0.1717972787854123,-0.22274495613826828,0.8094787179335697,0.048143053645116916,0.5213204951856947,0.7712734858910548,0.034577727,,,,,0.08473799074383304,0.39039399861836,0.06336854264229785
样本外,h5原始,1,20,不择时,close,-0.10749306916778223,-0.6483346526563137,0.02871713745508083,0.09559834938101788,1.0,-0.1657987410164932,0.034577727,,,,,-0.2716980205585585,1.0225360659677198,-0.5162298312969082
样本外,h5原始,1,20,不择时,open,0.2661552429199219,-0.6721903085708618,0.7047673246976628,0.0969738651994498,1.0,0.3959522247314453,0.034577727,,,,,0.41721975803375244,1.2777349948883057,-0.3742220997810364
样本外,h5原始,1,20,指数>MA60,close,0.18253219684351452,-0.4218847550467305,0.6387815936574829,0.0811554332874828,0.5199449793672627,0.43265890663268014,0.034577727,,,,,0.15769556995696532,1.0641295046725636,-0.31037096168598977
样本外,h5原始,1,20,指数>MA60,open,0.660585072429787,-0.37652982333058105,1.4558814168896699,0.08253094910591471,0.5213204951856947,1.7544030552124807,0.034577727,,,,,0.6272270082257008,1.3663411415966271,0.1769129527084532
样本外,h5原始,1,60,不择时,close,0.060057826942836234,-0.685954697411291,0.3710579374667738,0.08046767537826685,1.0,0.08755363461973088,0.034577727,,,,,0.33731577892090003,1.4732053113240218,-0.6402709727277712
样本外,h5原始,1,60,不择时,open,0.11343836784362793,-0.6456085443496704,0.4671291819658561,0.08046767537826685,1.0,0.17570766806602478,0.034577727,,,,,0.7701529264450073,0.5454573631286621,-0.4965288043022156
样本外,h5原始,1,60,指数>MA60,close,0.18873436742942618,-0.4513532370496546,0.6614655372999969,0.07152682255845942,0.5199449793672627,0.41815224072196694,0.034577727,,,,,0.12179785611114524,1.324367357527854,-0.35805701186442096
样本外,h5原始,1,60,指数>MA60,open,0.46166517730362133,-0.4224824611407174,1.1757193845191767,0.07290233837689133,0.5213204951856947,1.092744006596414,0.034577727,,,,,0.35400199122616693,1.4701905850280506,-0.07356297027840453
样本外,h5原始,1,150,不择时,close,0.012240713993843189,-0.6645681362854234,0.2895959411096169,0.04470426409903714,1.0,0.01841905039603939,0.034577727,,,,,-0.047414691982587964,1.3894924155256234,-0.5444525770850204
样本外,h5原始,1,150,不择时,open,0.0025025606155395508,-0.637587308883667,0.2692955024077564,0.04470426409903714,1.0,0.003925047814846039,0.034577727,,,,,-0.06005430221557617,1.1265668869018555,-0.4959745407104492
样本外,h5原始,1,150,指数>MA60,close,0.22415111154866474,-0.44904162123038116,0.7178681471966215,0.05639614855570839,0.5199449793672627,0.49917669309692747,0.034577727,,,,,-0.05098280788867915,1.6410505710842678,-0.2711227445029911
样本外,h5原始,1,150,指数>MA60,open,0.44877226411039906,-0.4259887955459726,1.1370340114544755,0.055020632737276476,0.5213204951856947,1.0534837272779107,0.034577727,,,,,0.15232726380757144,1.420435421688409,0.08201143140274159
样本外,h5原始,1,300,不择时,close,0.29641511897258765,-0.37236875439862605,0.7763980198406446,0.04332874828060523,1.0,0.7960257553061798,0.034577727,,,,,0.15073054405667774,0.589263309320629,0.18509300302358445
样本外,h5原始,1,300,不择时,open,0.6481465101242065,-0.3505921959877014,1.2555197609767381,0.04470426409903714,1.0,1.8487191200256348,0.034577727,,,,,0.471102237701416,0.9812039136886597,0.5204393863677979
样本外,h5原始,1,300,指数>MA60,close,0.25618850563682405,-0.44904162123038116,0.778098384826883,0.05364511691884457,0.5199449793672627,0.5705228502758017,0.034577727,,,,,-0.062096472755990506,1.0905958828127074,0.006251113425433719
样本外,h5原始,1,300,指数>MA60,open,0.4392197530669497,-0.4259887955459726,1.1272501899413119,0.052269601100412656,0.5213204951856947,1.0310594026399675,0.034577727,,,,,0.15250928460494295,1.120467642182028,0.21077917043062522
样本外,h5原始,2,20,不择时,close,0.12473768154025588,-0.5278349411052773,0.49407160527831556,0.11966987620357634,1.0,0.2363194851766678,0.034577727,,,,,0.12273070472094516,0.8662392640576784,-0.3225696005166303
样本外,h5原始,2,20,不择时,open,0.31269729137420654,-0.5521065592765808,0.872988879955568,0.12173314993122421,1.0,0.5663712620735168,0.034577727,,,,,0.42139244079589844,1.1422114372253418,-0.2612527012825012
样本外,h5原始,2,20,指数>MA60,close,0.059712462941865496,-0.4128456798107627,0.34978412239444423,0.08253094910591471,0.5199449793672627,0.14463627903103182,0.034577727,,,,,0.04105680094914166,0.3342282446912914,-0.14425686907294244
样本外,h5原始,2,20,指数>MA60,open,0.2942676905799777,-0.37744980359133107,1.0714176836494391,0.08528198074277854,0.5213204951856947,0.7796207277897659,0.034577727,,,,,0.35503314775644346,0.5953266730340745,-0.002352295492192291
样本外,h5原始,2,60,不择时,close,0.18202181427284914,-0.5550360798061396,0.6250899088542141,0.07152682255845942,1.0,0.3279459135997517,0.034577727,,,,,0.6277132153558851,0.44921448645589757,-0.3022855922714921
样本外,h5原始,2,60,不择时,open,0.46442484855651855,-0.5042586326599121,1.1493153263099858,0.07702888583218707,1.0,0.9210052490234375,0.034577727,,,,,0.8447306156158447,0.9309070110321045,-0.12519407272338867
样本外,h5原始,2,60,指数>MA60,close,0.050707168786713996,-0.38303916229644963,0.3192357425314275,0.06946354883081156,0.5213204951856947,0.1323811604085267,0.034577727,,,,,0.18314194209079404,0.25393798006990664,-0.21892636155602097
样本外,h5原始,2,60,指数>MA60,open,0.2216671695884438,-0.3613768989443724,0.8619068893776337,0.07083906464924347,0.5213204951856947,0.6133960699645207,0.034577727,,,,,0.4127078072707189,0.36010971079715626,-0.054959108378632604
样本外,h5原始,2,150,不择时,close,0.13464447626881615,-0.5318126980283057,0.5152454898443015,0.0453920220082531,1.0,0.2531802583278102,0.034577727,,,,,0.05346397858916174,1.117179742329328,-0.3467524144514049
样本外,h5原始,2,150,不择时,open,0.0787804126739502,-0.5407862067222595,0.38879338510797073,0.0453920220082531,1.0,0.14567755162715912,0.034577727,,,,,0.007537245750427246,0.9207428693771362,-0.35226887464523315
样本外,h5原始,2,150,指数>MA60,close,0.07275880341506036,-0.38762625344209345,0.39137279083679083,0.054332874828060526,0.5213204951856947,0.18770349729660304,0.034577727,,,,,0.003238199128557273,0.49631517693412164,-0.17879028608749337
样本外,h5原始,2,150,指数>MA60,open,0.20516782242681764,-0.36016981442468454,0.8031237756786759,0.054332874828060526,0.5213204951856947,0.5696419139248008,0.034577727,,,,,0.23519522539026894,0.4585124493127295,-0.03208765668896618
样本外,h5原始,2,300,不择时,close,0.22155486632038368,-0.47727283686646427,0.6917142410516458,0.041953232462173314,1.0,0.46421008950562237,0.034577727,,,,,-0.2047607142341491,1.6259239140590886,-0.13068341366960923
样本外,h5原始,2,300,不择时,open,0.3470630645751953,-0.48575252294540405,0.9310373815286962,0.041953232462173314,1.0,0.7144853472709656,0.034577727,,,,,-0.22837752103805542,2.0555970668792725,0.030412912368774414
样本外,h5原始,2,300,指数>MA60,close,0.09580499920331453,-0.38762625344209345,0.46462667955301185,0.054332874828060526,0.5213204951856947,0.24715817969648077,0.034577727,,,,,-0.045356762677656426,0.5320651822547107,-0.10201872139066848
样本外,h5原始,2,300,指数>MA60,open,0.24305759670692018,-0.36016981442468454,0.8996234474624052,0.054332874828060526,0.5213204951856947,0.6748416634946686,0.034577727,,,,,0.20437329673791238,0.6168781989958863,-0.018028153060281493
样本外,h5原始,3,20,不择时,close,0.2635633033116265,-0.4692986046988732,0.835430405301352,0.13502980284273267,1.0,0.5616110950952915,0.034577727,,,,,0.01101185562229512,1.228917631934304,-0.10903870133527782
样本外,h5原始,3,20,不择时,open,0.29766225814819336,-0.4855486750602722,0.9044148726342205,0.1373223292067859,1.0,0.6130430698394775,0.034577727,,,,,0.15394806861877441,1.1429572105407715,-0.12104576826095581
样本外,h5原始,3,20,指数>MA60,close,0.051745732664525645,-0.3742000182907056,0.33143970994492816,0.09124254928931683,0.5199449793672627,0.1382836187472493,0.034577727,,,,,-0.0633853397412596,0.4728756187012495,-0.15752647782455442
样本外,h5原始,3,20,指数>MA60,open,0.14018995530041112,-0.40653297394123933,0.682083710357001,0.09307657038055936,0.5226960110041265,0.3448427662369014,0.034577727,,,,,-0.09270142977911477,0.6997205160476547,-0.04140243094839202
样本外,h5原始,3,60,不择时,close,0.41983476266442143,-0.45764587638393384,1.1682340727571736,0.07817514901421366,1.0,0.9173791010239729,0.034577727,,,,,0.7760406396448829,0.73520218145979,-0.0778728609784749
样本外,h5原始,3,60,不择时,open,0.5301260948181152,-0.4470221996307373,1.3680614168390761,0.07955066483264557,1.0,1.1859055757522583,0.034577727,,,,,0.6710922718048096,1.0558600425720215,0.033718228340148926
样本外,h5原始,3,60,指数>MA60,close,0.1061002596155256,-0.3171005829091096,0.5345135212725681,0.06923429619440623,0.5213204951856947,0.33459496870725425,0.034577727,,,,,0.16811208866520033,0.3727182907088691,-0.15779053906712204
样本外,h5原始,3,60,指数>MA60,open,0.19507542071338513,-0.31974377805994547,0.8594980026217437,0.06969280146721687,0.5213204951856947,0.6100991922251336,0.034577727,,,,,0.21146909216424836,0.41480973202508653,-0.007821992688232693
样本外,h5原始,3,150,不择时,close,0.24749117228458828,-0.46293238059016284,0.7811002673446624,0.05524988537368179,1.0,0.5346162477748427,0.034577727,,,,,0.007676560972579516,1.2046080338946634,-0.13005475319657356
样本外,h5原始,3,150,不择时,open,0.23638200759887695,-0.4645773768424988,0.7772789985739131,0.0515818431911967,1.0,0.508810818195343,0.034577727,,,,,0.21538078784942627,0.6918838024139404,-0.08486050367355347
样本外,h5原始,3,150,指数>MA60,close,0.062462966278704624,-0.3738611169109921,0.3634941327070575,0.05639614855570839,0.5213204951856947,0.1670753214316632,0.034577727,,,,,-0.03947765932146563,0.4634664979501937,-0.14785808001856826
样本外,h5原始,3,150,指数>MA60,open,0.1337636826081412,-0.3716580296259808,0.6340015212609401,0.05593764328289775,0.5213204951856947,0.35991064889074154,0.034577727,,,,,0.021021888142156886,0.4460579687813422,-0.01546852865517545
样本外,h5原始,3,300,不择时,close,0.26681641821862545,-0.4346100150405703,0.8477892716033171,0.045162769371847766,1.0,0.6139214674878546,0.034577727,,,,,-0.09862464726298104,1.5038763539942344,-0.10356727186873538
样本外,h5原始,3,300,不择时,open,0.29667532444000244,-0.4442741274833679,0.9380789453136391,0.04149472718936267,1.0,0.6677753925323486,0.034577727,,,,,-0.07773095369338989,1.5233190059661865,-0.068137526512146
样本外,h5原始,3,300,指数>MA60,close,0.1465321887980986,-0.3738611169109921,0.6629049279574655,0.05364511691884457,0.5213204951856947,0.39194284232822374,0.034577727,,,,,0.03784050200884015,0.5939234138496101,-0.09146061361424274
样本外,h5原始,3,300,指数>MA60,open,0.19539510423891504,-0.3716580296259808,0.8527333558576613,0.05318661164603393,0.5213204951856947,0.5257389553390021,0.034577727,,,,,0.05198684260428155,0.6033344097129043,0.009047585195469221
样本外,h5中性前10%最低波,1,20,不择时,close,0.18669849736481914,-0.32673778835099687,0.708328120547614,0.1643741403026135,1.0,0.5714016071023256,0.034577727,,,,,0.09722348326258334,0.6282255765066262,-0.06784498118074223
样本外,h5中性前10%最低波,1,20,不择时,open,0.0773390531539917,-0.36358481645584106,0.3957227277524992,0.1643741403026135,1.0,0.21271255612373352,0.034577727,,,,,0.07490062713623047,0.2928580045700073,-0.10158902406692505
样本外,h5中性前10%最低波,1,20,指数>MA60,close,0.12397403913338878,-0.26966994837506975,0.6697015398648637,0.08528198074277854,0.517193947730399,0.45972508201380974,0.034577727,,,,,0.16127643509046719,0.05625339993216594,0.15484851416510015
样本外,h5中性前10%最低波,1,20,指数>MA60,open,0.23037964769094543,-0.19353711233987725,1.1107639112632635,0.08528198074277854,0.5185694635488308,1.1903641885819176,0.034577727,,,,,0.2758729978507233,0.11859525259928438,0.2995468279652529
样本外,h5中性前10%最低波,1,60,不择时,close,0.19628661026513128,-0.3672592503210719,0.7262893668740111,0.14924346629986246,1.0,0.5344633527774457,0.034577727,,,,,0.2387870890345274,0.4633313863028037,-0.05903952145788782
样本外,h5中性前10%最低波,1,60,不择时,open,0.08918631076812744,-0.3737030625343323,0.42879057652489905,0.14924346629986246,1.0,0.23865555226802826,0.034577727,,,,,0.20391845703125,0.14398884773254395,-0.06345832347869873
样本外,h5中性前10%最低波,1,60,指数>MA60,close,0.20270913481681196,-0.25697120836034804,0.9816308370827256,0.07977991746905089,0.517193947730399,0.7888398708564854,0.034577727,,,,,0.3292411876950019,0.05625339993216594,0.2344323186694024
样本外,h5中性前10%最低波,1,60,指数>MA60,open,0.30214624897535547,-0.19353711233987725,1.3613498182676596,0.07977991746905089,0.5185694635488308,1.5611798963123205,0.034577727,,,,,0.4390474873451873,0.11859525259928438,0.36421119780798983
样本外,h5中性前10%最低波,1,150,不择时,close,0.22577058707939712,-0.4415184484091502,0.7550951009060355,0.09009628610729023,1.0,0.511350291007949,0.034577727,,,,,0.47087904450669704,0.8294606845979147,-0.3184214994225367
样本外,h5中性前10%最低波,1,150,不择时,open,0.18950653076171875,-0.4537698030471802,0.6758722867927631,0.09009628610729023,1.0,0.4176270067691803,0.034577727,,,,,0.4199979305267334,0.6913291215896606,-0.30170297622680664
样本外,h5中性前10%最低波,1,150,指数>MA60,close,0.25532812091805446,-0.28735426750892723,1.0584672543659255,0.06052269601100413,0.517193947730399,0.8885482130872554,0.034577727,,,,,0.2770458357618901,0.2094406872338097,0.2748438660962371
样本外,h5中性前10%最低波,1,150,指数>MA60,open,0.30272910493831406,-0.2197849946783178,1.2320769660086321,0.06052269601100413,0.517193947730399,1.377387502642731,0.034577727,,,,,0.30397976091693524,0.3262425731995866,0.2714959011901059
样本外,h5中性前10%最低波,1,300,不择时,close,0.0027205411709969596,-0.6043221081134531,0.2029424101061719,0.05295735900962861,1.0,0.004501806461275806,0.034577727,,,,,0.2431168630096574,0.441912162547379,-0.4375747709640856
样本外,h5中性前10%最低波,1,300,不择时,open,-0.018123865127563477,-0.6023542881011963,0.14412896824880164,0.05295735900962861,1.0,-0.030088379979133606,0.034577727,,,,,0.21459543704986572,0.3114994764328003,-0.40552598237991333
样本外,h5中性前10%最低波,1,300,指数>MA60,close,0.49168700887989414,-0.286158873827722,1.710324412319752,0.04676753782668501,0.517193947730399,1.7182308635164238,0.034577727,,,,,0.31126696067049164,0.9148255661545999,0.31115434028501965
样本外,h5中性前10%最低波,1,300,指数>MA60,open,0.3804943131249141,-0.22547766400460012,1.4918836448886998,0.04676753782668501,0.517193947730399,1.687503348966536,0.034577727,,,,,0.2599734853334972,0.7703970573826144,0.17166165985234105
样本外,h5中性前10%最低波,2,20,不择时,close,0.11663595671875071,-0.47085088311552337,0.5459608559296889,0.1843191196698762,1.0,0.247713152722566,0.034577727,,,,,0.12479280918018376,0.2090077530340111,0.021530676295245188
样本外,h5中性前10%最低波,2,20,不择时,open,0.09699666500091553,-0.5222876667976379,0.48367515186725735,0.1843191196698762,1.0,0.18571501970291138,0.034577727,,,,,-0.03229600191116333,0.05763554573059082,0.2874019145965576
样本外,h5中性前10%最低波,2,20,指数>MA60,close,0.09627911583125592,-0.23348547673209297,0.6056458396249195,0.10797799174690509,0.517193947730399,0.4123559082937264,0.034577727,,,,,0.13002768633941097,0.139046506026546,0.021679845260487163
样本外,h5中性前10%最低波,2,20,指数>MA60,open,0.20139284413245462,-0.19379109159131735,1.1247729610458508,0.10797799174690509,0.5185694635488308,1.0392265324412768,0.034577727,,,,,0.1957866862691544,0.22855461190849824,0.17590991429287062
样本外,h5中性前10%最低波,2,60,不择时,close,0.18147877002119128,-0.4487414165482738,0.7633674128168574,0.16299862448418156,1.0,0.404417250845997,0.034577727,,,,,0.23281107170582183,0.05265536803396276,0.26651662018978794
样本外,h5中性前10%最低波,2,60,不择时,open,0.1444481611251831,-0.49604368209838867,0.6487823886321178,0.1623108665749656,1.0,0.2912004888057709,0.034577727,,,,,0.08317375183105469,-0.021686971187591553,0.410625696182251
样本外,h5中性前10%最低波,2,60,指数>MA60,close,0.1251469011901909,-0.22812022336392446,0.7631820159052044,0.09559834938101788,0.517193947730399,0.5486006428747955,0.034577727,,,,,0.1333495627197565,0.10907251311327015,0.13045815823879914
样本外,h5中性前10%最低波,2,60,指数>MA60,open,0.22248459832474943,-0.19379109159131735,1.2476162936323438,0.09559834938101788,0.5185694635488308,1.1480641163523828,0.034577727,,,,,0.17666143152733205,0.2333632432018411,0.2537180962637047
样本外,h5中性前10%最低波,2,150,不择时,close,0.018150376083475805,-0.4245365566603999,0.19991338492706298,0.09903713892709766,1.0,0.04275338789727562,0.034577727,,,,,0.21950454748937664,0.28343142247788244,-0.3259073287840787
样本外,h5中性前10%最低波,2,150,不择时,open,0.03434860706329346,-0.37330543994903564,0.2598130924494918,0.09834938101788171,1.0,0.09201207011938095,0.034577727,,,,,0.08755254745483398,0.2944917678833008,-0.21449238061904907
样本外,h5中性前10%最低波,2,150,指数>MA60,close,0.16271282061019,-0.23659609915623914,0.9081868861596848,0.06740027510316368,0.517193947730399,0.6877240207698462,0.034577727,,,,,0.2914887039923926,0.023648751225658682,0.18531604142072666
样本外,h5中性前10%最低波,2,150,指数>MA60,open,0.21831264100654146,-0.21631297473297917,1.203532751112176,0.06740027510316368,0.5185694635488308,1.0092443196069525,0.034577727,,,,,0.3035800900066601,0.137950357442308,0.21410951990386673
样本外,h5中性前10%最低波,2,300,不择时,close,0.18980750842764005,-0.4396031053945111,0.7484297637228655,0.05639614855570839,1.0,0.4317701719993582,0.034577727,,,,,0.03898958756544535,0.7891536863783246,-0.09713125485602525
样本外,h5中性前10%最低波,2,300,不择时,open,0.1501779556274414,-0.43274712562561035,0.6408499222494336,0.05570839064649243,1.0,0.3470339775085449,0.034577727,,,,,0.06225001811981201,0.5041954517364502,-0.05044734477996826
样本外,h5中性前10%最低波,2,300,指数>MA60,close,0.21153590066830685,-0.24089373121348745,1.1391301285382147,0.04883081155433287,0.517193947730399,0.8781295370481734,0.034577727,,,,,0.1740801415989055,0.27208855390608844,0.18600375849064443
样本外,h5中性前10%最低波,2,300,指数>MA60,open,0.17438016136798073,-0.20008359287983213,1.0095811599931392,0.04883081155433287,0.5185694635488308,0.871536535595457,0.034577727,,,,,0.16000360966402605,0.2376550279935703,0.12444096980832309
样本外,h5中性前10%最低波,3,20,不择时,close,0.029617044336489373,-0.4450832608540084,0.24172696960828732,0.19646950939935806,1.0,0.06654270546967177,0.034577727,,,,,-0.01752696936565712,0.19734921074431577,-0.07268784689849428
样本外,h5中性前10%最低波,3,20,不择时,open,-0.0010070204734802246,-0.4760974049568176,0.11240100846986628,0.19784502521779,1.0,-0.002115156501531601,0.034577727,,,,,-0.07441270351409912,0.013036608695983887,0.06329488754272461
样本外,h5中性前10%最低波,3,20,指数>MA60,close,0.041061451302482954,-0.2165490436485752,0.3363414879760977,0.1095827602017423,0.517193947730399,0.18961732922320906,0.034577727,,,,,0.055979054037366804,0.10118093073408829,-0.03047951726362974
样本外,h5中性前10%最低波,3,20,指数>MA60,open,0.11621206014407659,-0.19738282323131007,0.7845074763068689,0.1095827602017423,0.5185694635488308,0.5887648086170566,0.034577727,,,,,0.10880146165491356,0.1733211970827928,0.06657404029239067
样本外,h5中性前10%最低波,3,60,不择时,close,0.07520857575734419,-0.44456399913034106,0.42199505292495043,0.17262723521320494,1.0,0.16917378803607058,0.034577727,,,,,0.12856148758876262,-0.04056922568861254,0.14628852746091048
样本外,h5中性前10%最低波,3,60,不择时,open,0.06506669521331787,-0.46501725912094116,0.38504903379809097,0.1721687299403943,1.0,0.13992318511009216,0.034577727,,,,,0.09099256992340088,-0.11612862348556519,0.2512906789779663
样本外,h5中性前10%最低波,3,60,指数>MA60,close,0.08337637938087439,-0.21400855543761887,0.58663834092465,0.0972031178358551,0.517193947730399,0.3895936740023353,0.034577727,,,,,0.1529244202784572,0.02242136748205592,0.0769477677076964
样本外,h5中性前10%最低波,3,60,指数>MA60,open,0.15565630101170802,-0.1862430766656702,1.0020186419446961,0.0972031178358551,0.5185694635488308,0.8357695963707188,0.034577727,,,,,0.1904612054488275,0.07638713842995593,0.2009221480793899
样本外,h5中性前10%最低波,3,150,不择时,close,0.00472060867830737,-0.3528269058613246,0.13954938944509745,0.10293443374598807,1.0,0.013379389723080705,0.034577727,,,,,0.22619863781874794,0.01515003324244879,-0.1852901688713211
样本外,h5中性前10%最低波,3,150,不择时,open,0.011389493942260742,-0.37372976541519165,0.16659456693775185,0.1033929390187987,1.0,0.030475212261080742,0.034577727,,,,,0.22055041790008545,-0.06181818246841431,-0.096743643283844
样本外,h5中性前10%最低波,3,150,指数>MA60,close,0.13207245944142798,-0.19786912504933674,0.8410160946971037,0.0687757909215956,0.517193947730399,0.6674738133526239,0.034577727,,,,,0.17727630719888454,0.14166827075067356,0.07671400089852054
样本外,h5中性前10%最低波,3,150,指数>MA60,open,0.18340369508310306,-0.20035747636084167,1.148531179978313,0.0687757909215956,0.5185694635488308,0.9153823376812501,0.034577727,,,,,0.2720603870246019,0.19059945635274045,0.09050265954998693
样本外,h5中性前10%最低波,3,300,不择时,close,0.16816781413904125,-0.3703728169369299,0.7371546710919836,0.05295735900962861,1.0,0.45405009884318326,0.034577727,,,,,0.17396810204908886,0.5077554859495681,-0.10227113294905699
样本外,h5中性前10%最低波,3,300,不择时,open,0.15617549419403076,-0.3710298538208008,0.7093996108696545,0.05295735900962861,1.0,0.4209243357181549,0.034577727,,,,,0.17324411869049072,0.36701691150665283,-0.03923529386520386
样本外,h5中性前10%最低波,3,300,指数>MA60,close,0.19089034184033382,-0.21007598835831487,1.149603401241527,0.048143053645116916,0.517193947730399,0.9086728251624019,0.034577727,,,,,0.1609742748299865,0.32118172794386934,0.0971737653215281
样本外,h5中性前10%最低波,3,300,指数>MA60,open,0.1900626732097257,-0.18939766121803692,1.1973521009638126,0.048143053645116916,0.5185694635488308,1.0035111943168253,0.034577727,,,,,0.21970242992242262,0.2671881653019914,0.08659059413825565
样本外,h5原始前10%最低波,1,20,不择时,close,0.03309209370474453,-0.5327164309203918,0.2577144242556981,0.13823933975240715,1.0,0.062119528859979456,0.034577727,,,,,0.3375864103252906,0.508531525540082,-0.4539264503744874
样本外,h5原始前10%最低波,1,20,不择时,open,-0.07834213972091675,-0.4671204090118408,-0.1271957961341169,0.13823933975240715,1.0,-0.16771294176578522,0.034577727,,,,,-0.009560942649841309,0.3275090456008911,-0.40355533361434937
样本外,h5原始前10%最低波,1,20,指数>MA60,close,0.08426883235193405,-0.2031609438669103,0.4844242637301434,0.0907840440165062,0.517193947730399,0.4147885452192924,0.034577727,,,,,0.18566115844197384,0.1368931812239096,-0.055915978048566295
样本外,h5原始前10%最低波,1,20,指数>MA60,open,0.11628855002571536,-0.21018319774040495,0.6256390627364529,0.0907840440165062,0.517193947730399,0.5532723418231658,0.034577727,,,,,0.16189817160679,0.1882334571872537,0.005264947372108475
样本外,h5原始前10%最低波,1,60,不择时,close,0.38261192578519654,-0.41311863410675376,1.188368185039753,0.10797799174690509,1.0,0.9261550900807974,0.034577727,,,,,0.5750335437965621,1.14943175752343,-0.2244599608719382
样本外,h5原始前10%最低波,1,60,不择时,open,0.20972108840942383,-0.4105899930000305,0.7696711791927181,0.10797799174690509,1.0,0.510779857635498,0.034577727,,,,,0.257327675819397,0.8255864381790161,-0.23173671960830688
样本外,h5原始前10%最低波,1,60,指数>MA60,close,0.18213039196955605,-0.2031609438669103,0.8756495810317757,0.07702888583218707,0.517193947730399,0.896483293013586,0.034577727,,,,,0.18566115844197384,0.28859353855329317,0.07753295646535618
样本外,h5原始前10%最低波,1,60,指数>MA60,open,0.2008907039848209,-0.21018319774040495,0.95000363549459,0.07702888583218707,0.517193947730399,0.9557885984441957,0.034577727,,,,,0.16189817160679,0.3421140470861779,0.10642960830834824
样本外,h5原始前10%最低波,1,150,不择时,close,0.15363773313683815,-0.5413782749131582,0.602735572334833,0.029573590096286108,1.0,0.2837899861450536,0.034577727,,,,,1.0903152656783308,0.14554231418502472,-0.3606870312482289
样本外,h5原始前10%最低波,1,150,不择时,open,0.016112208366394043,-0.5500165224075317,0.20654782422918738,0.029573590096286108,1.0,0.02929404377937317,0.034577727,,,,,0.6386433839797974,0.09865903854370117,-0.41744565963745117
样本外,h5原始前10%最低波,1,150,指数>MA60,close,0.12955662740059593,-0.2585118749522124,0.6758870759660044,0.061898211829436035,0.517193947730399,0.5011631571065944,0.034577727,,,,,0.5028756202133979,-0.10395817981491473,0.0675507369342565
样本外,h5原始前10%最低波,1,150,指数>MA60,open,0.1371638295251918,-0.229970385200564,0.7424931398739556,0.061898211829436035,0.517193947730399,0.5964412739734603,0.034577727,,,,,0.4755379570634708,-0.058261688000302736,0.05546678950224493
样本外,h5原始前10%最低波,1,300,不择时,close,0.07110955633577731,-0.5755711632151967,0.3742860391885984,0.028198074277854195,1.0,0.12354607193757308,0.034577727,,,,,1.1270508236804089,0.029535663607174634,-0.439634912605539
样本外,h5原始前10%最低波,1,300,不择时,open,-0.018569886684417725,-0.574547529220581,0.09405317206203728,0.028198074277854195,1.0,-0.032320886850357056,0.034577727,,,,,0.64505934715271,0.038706302642822266,-0.44656068086624146
样本外,h5原始前10%最低波,1,300,指数>MA60,close,0.22871759783795897,-0.19792244985739604,1.013048838490071,0.048143053645116916,0.517193947730399,1.1555919907153078,0.034577727,,,,,0.4723617248125176,0.010262584867987368,0.24186507147321556
样本外,h5原始前10%最低波,1,300,指数>MA60,open,0.22772923742694262,-0.19254206512830518,1.0613488329217275,0.048143053645116916,0.517193947730399,1.1827505707658719,0.034577727,,,,,0.39673182522511485,0.03594930400231999,0.2735921991277084
样本外,h5原始前10%最低波,2,20,不择时,close,0.07533452955320064,-0.3786260575669701,0.41837877291267395,0.14305364511691884,1.0,0.19896815881425625,0.034577727,,,,,0.2239265866741702,0.47063868000970954,-0.3102002445388333
样本外,h5原始前10%最低波,2,20,不择时,open,0.018625974655151367,-0.277346134185791,0.19596300231869812,0.14305364511691884,1.0,0.06715786457061768,0.034577727,,,,,0.01120460033416748,0.3162485361099243,-0.20621460676193237
样本外,h5原始前10%最低波,2,20,指数>MA60,close,0.058773391570485334,-0.21328251906269258,0.41891225225210277,0.09284731774415406,0.517193947730399,0.275565910552704,0.034577727,,,,,0.06313707940578661,0.13595132544704414,-0.01836099085680054
样本外,h5原始前10%最低波,2,20,指数>MA60,open,0.10148578556986543,-0.1822910532301577,0.6744347421907463,0.09284731774415406,0.517193947730399,0.5567238971499667,0.034577727,,,,,0.07406283585011386,0.22599207374168273,0.012882612229229151
样本外,h5原始前10%最低波,2,60,不择时,close,0.1529358428248393,-0.36064914328205333,0.7036984972714952,0.11623108665749655,1.0,0.4240571360659869,0.034577727,,,,,0.31217446749548117,0.6436019978260057,-0.291466024296557
样本外,h5原始前10%最低波,2,60,不择时,open,0.14592015743255615,-0.24344104528427124,0.6961447143039263,0.11623108665749655,1.0,0.5994065403938293,0.034577727,,,,,0.15233838558197021,0.5229606628417969,-0.14496731758117676
样本外,h5原始前10%最低波,2,60,指数>MA60,close,0.1390821136544944,-0.1766344937745835,0.866864612715858,0.07977991746905089,0.517193947730399,0.7874006411906583,0.034577727,,,,,0.22795209997198485,0.20712272999712034,-0.005572035128794672
样本外,h5原始前10%最低波,2,60,指数>MA60,open,0.20181318078009447,-0.1822910532301577,1.204435935799505,0.07977991746905089,0.517193947730399,1.1070931743714731,0.034577727,,,,,0.19897861374161008,0.33356749274032715,0.08155459780893937
样本外,h5原始前10%最低波,2,150,不择时,close,0.2017876824004543,-0.39753090476665476,0.838578399506995,0.05845942228335626,1.0,0.5076025033044939,0.034577727,,,,,0.5363074668494321,0.657868291759379,-0.32107896578291395
样本外,h5原始前10%最低波,2,150,不择时,open,0.1344836950302124,-0.34494441747665405,0.623740868155541,0.0577716643741403,1.0,0.38987061381340027,0.034577727,,,,,0.22711610794067383,0.6388260126113892,-0.275809645652771
样本外,h5原始前10%最低波,2,150,指数>MA60,close,0.21534534433474284,-0.2334848314665936,1.1800807269806364,0.06464924346629987,0.517193947730399,0.9223097833897355,0.034577727,,,,,0.311113916431653,0.08356418659946452,0.258543948411196
样本外,h5原始前10%最低波,2,150,指数>MA60,open,0.21814141097542894,-0.20010198773979482,1.2339979066879643,0.06464924346629987,0.5185694635488308,1.0901511446207717,0.034577727,,,,,0.24661847690330752,0.16953765659540498,0.2347790498103477
样本外,h5原始前10%最低波,2,300,不择时,close,0.15419376364333837,-0.3652881120686007,0.6909910278719462,0.03782668500687758,1.0,0.4221154714566264,0.034577727,,,,,0.4787203990325819,0.38932989509295246,-0.25377718676114747
样本外,h5原始前10%最低波,2,300,不择时,open,0.1048729419708252,-0.3783850073814392,0.5219552754590485,0.037138927097661624,1.0,0.27715933322906494,0.034577727,,,,,0.2901792526245117,0.42365431785583496,-0.2671845555305481
样本外,h5原始前10%最低波,2,300,指数>MA60,close,0.1367117301191083,-0.20333438343032906,0.8687208628849329,0.04332874828060523,0.517193947730399,0.6723492987891618,0.034577727,,,,,0.268780409134473,-0.007886787071853751,0.16375872843098027
样本外,h5原始前10%最低波,2,300,指数>MA60,open,0.14534869438682185,-0.18010994204199193,0.93621209467094,0.04332874828060523,0.5185694635488308,0.8069998398696634,0.034577727,,,,,0.2510462149935595,0.01367389553028664,0.18150025361014066
样本外,h5原始前10%最低波,3,20,不择时,close,0.011858979409662851,-0.3141974835890522,0.16512913601284288,0.16162310866574967,1.0,0.037743712248101725,0.034577727,,,,,0.10934122212729025,0.027889213043837513,-0.0916701372278883
样本外,h5原始前10%最低波,3,20,不择时,open,0.031308770179748535,-0.36403530836105347,0.2504714753609355,0.16254011921137093,1.0,0.08600476384162903,0.034577727,,,,,-0.0017556548118591309,0.037677764892578125,0.05826079845428467
样本外,h5原始前10%最低波,3,20,指数>MA60,close,0.023295098879100307,-0.2274337789262223,0.22714919764928143,0.10774873911049976,0.517193947730399,0.1024258533146787,0.034577727,,,,,0.05492438005825817,0.051840926071265114,-0.03477991209830089
样本外,h5原始前10%最低波,3,20,指数>MA60,open,0.06022071852762223,-0.18929679677292932,0.48326863218064114,0.10820724438331039,0.517193947730399,0.31812856611546314,0.034577727,,,,,0.04370330175556991,0.20370340805908538,-0.052515972900297525
样本外,h5原始前10%最低波,3,60,不择时,close,0.22256260646996506,-0.28804454322860984,0.9912722939894901,0.1281522237505731,1.0,0.7726673242107757,0.034577727,,,,,0.27380419625340413,0.5337691149986288,-0.06854405518692563
样本外,h5原始前10%最低波,3,60,不择时,open,0.18316900730133057,-0.2655295729637146,0.8671154983815758,0.1290692342961944,1.0,0.6898252367973328,0.034577727,,,,,0.15823423862457275,0.442651629447937,-0.012161731719970703
样本外,h5原始前10%最低波,3,60,指数>MA60,close,0.08652639440484289,-0.23592364093407014,0.6103620309200419,0.09766162310866575,0.517193947730399,0.3667559302758601,0.034577727,,,,,0.19018962861002264,0.09129208968577252,-0.014117532031974855
样本外,h5原始前10%最低波,3,60,指数>MA60,open,0.1339902180255308,-0.19682792855824072,0.9257614918886913,0.09766162310866575,0.517193947730399,0.68074799652166,0.034577727,,,,,0.12982193096369388,0.23696843014514513,0.04073525206122408
样本外,h5原始前10%最低波,3,150,不择时,close,0.25633507787675325,-0.3401870470283129,1.0509382312075846,0.07404860155891792,1.0,0.753512163722739,0.034577727,,,,,0.3233019541157698,0.5790756575778744,-0.05545269165573152
样本外,h5原始前10%最低波,3,150,不择时,open,0.20307719707489014,-0.32512950897216797,0.8947360393109215,0.07404860155891792,1.0,0.6246039867401123,0.034577727,,,,,0.13245010375976562,0.589958667755127,-0.03654623031616211
样本外,h5原始前10%最低波,3,150,指数>MA60,close,0.17211306511130475,-0.2175458312368278,1.0528332836795105,0.06785878037597431,0.517193947730399,0.7911577258584036,0.034577727,,,,,0.3371976041239626,0.08257317517758933,0.1087722798434172
样本外,h5原始前10%最低波,3,150,指数>MA60,open,0.16341781437319347,-0.18449129129028552,1.0608132042207707,0.06785878037597431,0.5185694635488308,0.8857752213141906,0.034577727,,,,,0.2440218518104489,0.13494991543576496,0.11187349956425496
样本外,h5原始前10%最低波,3,300,不择时,close,0.20019215414142755,-0.31710969021303925,0.9016897910342463,0.042411737734983954,1.0,0.6313025439460249,0.034577727,,,,,0.4504409262386788,0.4589112192815743,-0.18604677341113163
样本外,h5原始前10%最低波,3,300,不择时,open,0.17855215072631836,-0.3067358136177063,0.831237785877162,0.04287024300779459,1.0,0.5821040272712708,0.034577727,,,,,0.3416461944580078,0.4247525930404663,-0.14649349451065063
样本外,h5原始前10%最低波,3,300,指数>MA60,close,0.1616096781329146,-0.18079613220428126,1.0619506721569518,0.04585052728106372,0.517193947730399,0.8938779616718354,0.034577727,,,,,0.3114484467022558,0.01519102985463916,0.17367666287034855
样本外,h5原始前10%最低波,3,300,指数>MA60,open,0.1562224436772537,-0.18125691515911269,1.0676628527645333,0.04585052728106372,0.5185694635488308,0.861884047514088,0.034577727,,,,,0.2827745523085543,0.021559790651482613,0.17602953221544282
样本外,AE+h5前10%最低波,1,20,不择时,close,-0.20464849021080178,-0.6481155607938527,-0.47915274064346414,0.18500687757909215,1.0,-0.31575926052467473,0.034577727,,,,,-0.16390139589864472,-0.3742952802873345,-0.03375307825467022
样本外,AE+h5前10%最低波,1,20,不择时,open,-0.25074994564056396,-0.6702027916908264,-0.6746434114786481,0.18500687757909215,1.0,-0.3741404116153717,0.034577727,,,,,-0.17127084732055664,-0.4169185161590576,-0.12439602613449097
样本外,AE+h5前10%最低波,1,20,指数>MA60,close,-0.059736892976167466,-0.4519512962569916,-0.17191967403930636,0.1155433287482806,0.517193947730399,-0.1321755097748397,0.034577727,,,,,0.041873631794890676,-0.26680966251129,0.08959368281600089
样本外,AE+h5前10%最低波,1,20,指数>MA60,open,-0.0027763887693530442,-0.3203433887840962,0.08997132928882173,0.1155433287482806,0.517193947730399,-0.008666914525350995,0.034577727,,,,,0.045478119201783906,-0.1361831592325078,0.09816041895451111
样本外,AE+h5前10%最低波,1,60,不择时,close,-0.317939104069209,-0.775508215578913,-0.936317955720368,0.16987620357634112,1.0,-0.40997515910501225,0.034577727,,,,,-0.16390139589864472,-0.43754080270936846,-0.31997293841913643
样本外,AE+h5前10%最低波,1,60,不择时,open,-0.30545884370803833,-0.7463836669921875,-0.906062547817437,0.16987620357634112,1.0,-0.40925177931785583,0.034577727,,,,,-0.17127084732055664,-0.46568799018859863,-0.23769217729568481
样本外,AE+h5前10%最低波,1,60,指数>MA60,close,-0.059736892976167466,-0.4519512962569916,-0.17191967403930636,0.1155433287482806,0.517193947730399,-0.1321755097748397,0.034577727,,,,,0.041873631794890676,-0.26680966251129,0.08959368281600089
样本外,AE+h5前10%最低波,1,60,指数>MA60,open,-0.0027763887693530442,-0.3203433887840962,0.08997132928882173,0.1155433287482806,0.517193947730399,-0.008666914525350995,0.034577727,,,,,0.045478119201783906,-0.1361831592325078,0.09816041895451111
样本外,AE+h5前10%最低波,1,150,不择时,close,-0.3022629904320093,-0.7358280116682349,-0.919823433607238,0.11760660247592847,1.0,-0.4107794017609262,0.034577727,,,,,-0.333819858827756,-0.35750349367627343,-0.20050479442141989
样本外,AE+h5前10%最低波,1,150,不择时,open,-0.3549903631210327,-0.7721227407455444,-1.1636391314203194,0.11760660247592847,1.0,-0.4597589671611786,0.034577727,,,,,-0.3077316880226135,-0.42089027166366577,-0.3245929479598999
样本外,AE+h5前10%最低波,1,150,指数>MA60,close,-0.0659586383394466,-0.3433796061238261,-0.22588834225370935,0.0907840440165062,0.517193947730399,-0.19208665035180117,0.034577727,,,,,-0.03523800978904368,-0.2149708651329153,0.07745618108664276
样本外,AE+h5前10%最低波,1,150,指数>MA60,open,-0.0352385034498055,-0.26168705505330236,-0.07199680440520588,0.0907840440165062,0.517193947730399,-0.1346589476603184,0.034577727,,,,,0.013587000344461808,-0.12224558588043488,0.010055171519819606
样本外,AE+h5前10%最低波,1,300,不择时,close,-0.04463810952287384,-0.5493227471691275,0.037392848472435285,0.04745529573590096,1.0,-0.08126026048058499,0.034577727,,,,,-0.0011551331060113412,0.4938324958851106,-0.4150615227075273
样本外,AE+h5前10%最低波,1,300,不择时,open,-0.07169550657272339,-0.5556590557098389,-0.047155784364959534,0.04745529573590096,1.0,-0.12902787327766418,0.034577727,,,,,0.020769119262695312,0.2911355495452881,-0.3920971155166626
样本外,AE+h5前10%最低波,1,300,指数>MA60,close,0.14056975266557648,-0.30101166297921145,0.71436314782795,0.0453920220082531,0.517193947730399,0.4669910503610106,0.034577727,,,,,0.2865801974546358,-0.07354775648073453,0.2414668308849217
样本外,AE+h5前10%最低波,1,300,指数>MA60,open,0.20359129737401194,-0.23403750626420372,0.9803251900250212,0.0453920220082531,0.517193947730399,0.8699088476194016,0.034577727,,,,,0.2969155708850275,0.06314087758518228,0.2597530965722812
样本外,AE+h5前10%最低波,2,20,不择时,close,-0.13746820074616983,-0.5004421962537358,-0.42760894731932025,0.20426409903713894,1.0,-0.2746934646503515,0.034577727,,,,,-0.1454273464365693,-0.11161622078516475,-0.15220311179819523
样本外,AE+h5前10%最低波,2,20,不择时,open,-0.11682075262069702,-0.5243580341339111,-0.35092333275107723,0.2097661623108666,1.0,-0.22278814017772675,0.034577727,,,,,0.005724430084228516,-0.22393035888671875,-0.1151432991027832
样本外,AE+h5前10%最低波,2,20,指数>MA60,close,-0.11628871953765263,-0.3958969051496053,-0.6425075264248641,0.12517193947730398,0.517193947730399,-0.29373485375872876,0.034577727,,,,,-0.09240508855926544,-0.2196337420027945,-0.023120810564821848
样本外,AE+h5前10%最低波,2,20,指数>MA60,open,0.019017549368395503,-0.25333320662322767,0.19689489856783135,0.13067400275103164,0.517193947730399,0.07506931137014163,0.034577727,,,,,0.12281862898247575,-0.14775335681403423,0.10535663991832855
样本外,AE+h5前10%最低波,2,60,不择时,close,-0.17145511258710422,-0.5568875171835092,-0.575235386714045,0.20082530949105915,1.0,-0.3078810483205807,0.034577727,,,,,-0.1624780979568573,-0.1655872544119833,-0.18295707310953313
样本外,AE+h5前10%最低波,2,60,不择时,open,-0.1889440417289734,-0.6116155385971069,-0.6734648712884422,0.20495185694635487,1.0,-0.30892616510391235,0.034577727,,,,,-0.057959914207458496,-0.31218862533569336,-0.17305302619934082
样本外,AE+h5前10%最低波,2,60,指数>MA60,close,-0.13238935008345187,-0.4281025959233531,-0.7502397368250392,0.12310866574965612,0.517193947730399,-0.3092467818325369,0.034577727,,,,,-0.11051375989519618,-0.2382966973721875,-0.033251771870847824
样本外,AE+h5前10%最低波,2,60,指数>MA60,open,-0.022827208222027773,-0.2710078667349124,-0.0567034745953601,0.12723521320495185,0.517193947730399,-0.08423079557449273,0.034577727,,,,,0.05172024240532491,-0.1889962527460325,0.0944514708040296
样本外,AE+h5前10%最低波,2,150,不择时,close,-0.11405883582128806,-0.527386732544441,-0.31637825837707656,0.13686382393397525,1.0,-0.21627172013030632,0.034577727,,,,,-0.069321012534453,-0.22622527900531386,-0.03199418508761853
样本外,AE+h5前10%最低波,2,150,不择时,open,-0.18134981393814087,-0.5778486728668213,-0.6181835213306235,0.1375515818431912,1.0,-0.31383615732192993,0.034577727,,,,,-0.14509546756744385,-0.27815377712249756,-0.10728371143341064
样本外,AE+h5前10%最低波,2,150,指数>MA60,close,-0.043772909765487866,-0.34961057650306493,-0.16322673677444305,0.08803301237964237,0.517193947730399,-0.12520476412161438,0.034577727,,,,,-0.01820411339275496,-0.2321890023316392,0.16092972810467177
样本外,AE+h5前10%最低波,2,150,指数>MA60,open,0.00015905617541855932,-0.27335598917102866,0.08744157213765578,0.08872077028885832,0.5185694635488308,0.0005818646077626044,0.034577727,,,,,0.008889889461956235,-0.1440133873744397,0.15849738409592207
样本外,AE+h5前10%最低波,2,300,不择时,close,0.1494863479526154,-0.3013040057052073,0.6581543296231864,0.05983493810178817,1.0,0.4961312996909549,0.034577727,,,,,0.1372776745341362,0.6621656341740967,-0.19881869267900676
样本外,AE+h5前10%最低波,2,300,不择时,open,0.1273796558380127,-0.30698633193969727,0.5856546948157597,0.05983493810178817,1.0,0.4149359166622162,0.034577727,,,,,0.12296044826507568,0.5335618257522583,-0.1699995994567871
样本外,AE+h5前10%最低波,2,300,指数>MA60,close,0.03951146559264518,-0.34114725772741006,0.30965486382341695,0.054332874828060526,0.517193947730399,0.1158193850240953,0.034577727,,,,,0.07431052435334173,-0.1415872043222508,0.2170739760867888
样本外,AE+h5前10%最低波,2,300,指数>MA60,open,0.11691698037990217,-0.235135257368162,0.7288555741241164,0.054332874828060526,0.5185694635488308,0.49723287646667097,0.034577727,,,,,0.13132953840493555,0.01945210672632469,0.20537642089332797
样本外,AE+h5前10%最低波,3,20,不择时,close,-0.13054735271888174,-0.46377446215790197,-0.49250880491427973,0.22627235213204952,1.0,-0.28148887739841544,0.034577727,,,,,-0.14958149334714643,-0.115133060527296,-0.12406457446902641
样本外,AE+h5前10%最低波,3,20,不择时,open,-0.11647641658782959,-0.5091863870620728,-0.4374620090792825,0.23039889958734525,1.0,-0.2287500649690628,0.034577727,,,,,-0.1187443733215332,-0.2001875638961792,-0.019004404544830322
样本外,AE+h5前10%最低波,3,20,指数>MA60,close,-0.1207921313639011,-0.3764342748052587,-0.7172001431585682,0.1315910132966529,0.517193947730399,-0.32088505072071527,0.034577727,,,,,-0.051083084892741715,-0.23855696794379566,-0.05690648568813472
样本外,AE+h5前10%最低波,3,20,指数>MA60,open,-0.059618571935278086,-0.28939524574071285,-0.32444905485116093,0.13250802384227417,0.517193947730399,-0.2060108893035999,0.034577727,,,,,-0.045860486074911444,-0.15713808694837073,0.03535877234714069
样本外,AE+h5前10%最低波,3,60,不择时,close,-0.12149984305996153,-0.4353882568312121,-0.4322807270477434,0.20426409903713894,1.0,-0.2790609097825614,0.034577727,,,,,-0.20546406051854538,-0.013818443685794768,-0.13242318250405594
样本外,AE+h5前10%最低波,3,60,不择时,open,-0.09928500652313232,-0.4725912809371948,-0.3428136169031599,0.20563961485557083,1.0,-0.2100864052772522,0.034577727,,,,,-0.1254955530166626,-0.09579581022262573,-0.07388544082641602
样本外,AE+h5前10%最低波,3,60,指数>MA60,close,-0.12122355355419778,-0.386091335002299,-0.7365989433086056,0.1265474552957359,0.517193947730399,-0.31397636404732043,0.034577727,,,,,-0.1097333082254357,-0.21637493834106025,-0.02465824964001273
样本外,AE+h5前10%最低波,3,60,指数>MA60,open,-0.05515305411541371,-0.28675271433663085,-0.2862208311386214,0.12746446584135715,0.517193947730399,-0.19233664184488683,0.034577727,,,,,-0.05923127134301498,-0.15857332046961292,0.06681749115246216
样本外,AE+h5前10%最低波,3,150,不择时,close,-0.08850967213991767,-0.41762178799186966,-0.28378989454264913,0.1373223292067859,1.0,-0.2119373909237724,0.034577727,,,,,-0.20134521864647192,0.09550528260584423,-0.1328237513175775
样本外,AE+h5前10%最低波,3,150,不择时,open,-0.06749427318572998,-0.3689900040626526,-0.1883221887002125,0.13823933975240715,1.0,-0.18291626870632172,0.034577727,,,,,-0.11437910795211792,0.05799746513366699,-0.13334906101226807
样本外,AE+h5前10%最低波,3,150,指数>MA60,close,-0.055912815896823065,-0.32930116872401316,-0.28354610243639283,0.08986703347088491,0.517193947730399,-0.16979233967943647,0.034577727,,,,,-0.11524729740881101,-0.10316106313400941,0.06172489450703367
样本外,AE+h5前10%最低波,3,150,指数>MA60,open,0.0339053390449624,-0.2951019845311509,0.29032878605019463,0.0907840440165062,0.5185694635488308,0.11489363278539173,0.034577727,,,,,-0.011460371360636601,0.02645580307879647,0.0884569541284781
样本外,AE+h5前10%最低波,3,300,不择时,close,0.15034227997601524,-0.2793352478673502,0.705518343934967,0.067629527739569,1.0,0.5382144971815704,0.034577727,,,,,0.12268638394445963,0.42667314067033635,-0.052341527828273615
样本外,AE+h5前10%最低波,3,300,不择时,open,0.10557794570922852,-0.2993449568748474,0.5425478110819147,0.06717102246675836,1.0,0.35269659757614136,0.034577727,,,,,0.15085291862487793,0.3151053190231323,-0.10896605253219604
样本外,AE+h5前10%最低波,3,300,指数>MA60,close,0.043228854516236925,-0.288033052199115,0.3455392236549424,0.052269601100412656,0.517193947730399,0.1500829650839972,0.034577727,,,,,-0.018603548599167796,-0.028861355703063696,0.19024515256795893
样本外,AE+h5前10%最低波,3,300,指数>MA60,open,0.08778124592920578,-0.21333465712643873,0.6184396709522032,0.051811095827602016,0.5185694635488308,0.41147203699387563,0.034577727,,,,,0.06878922001895549,0.04112679278982512,0.1547293665342202
