datetime,account,return,total_turnover,turnover,total_cost,cost,value,cash,bench
2023-01-03,1000000.0,0.0,0.0,0.0,0.0,0.0,0.0,1000000.0,0.022618413
2023-01-04,999582.1719991011,-3.89945853385143e-17,835656.0017977988,0.8356560017977988,417.82800089889963,0.00041782800089889963,835656.0017977989,163926.17020130221,-0.00037676096
2023-01-05,1013369.1601422556,0.013985903095569933,1133010.7529844062,0.2974790462618163,610.8992513831091,0.00019315195477934466,969415.3128144217,43953.84732783393,0.009996414
2023-01-06,1021907.5429042692,0.008596285776179992,1367540.8893670312,0.23143603102121432,783.7273867198601,0.00017054805112925436,990404.3915126434,31503.151391625775,0.002289772
2023-01-09,1032250.6759837623,0.010242199949720527,1538343.1955376158,0.1671406648835991,907.1756917799238,0.00012080183370525153,1019484.6711686961,12766.004815066104,0.005450487
2023-01-10,1034950.5040910796,0.0027870430624303845,1772758.6734244847,0.2270916196431305,1084.2746696522158,0.00017156586282059057,1017212.1204253227,17738.383665756963,0.00068092346
2023-01-11,1022537.8099017596,-0.01179655978369348,2046413.8681899996,0.2644137991950118,1288.1133642980603,0.00019695501750091994,1010614.0706438142,11923.739257945392,-0.008149624
2023-01-12,1021077.5627804254,-0.0012695173116702594,2261456.539407579,0.21030290433782578,1450.2310341245761,0.00015854442569912525,1005973.275538984,15104.287241441412,0.00041162968
2023-01-13,1024497.302715942,0.00350316729263925,2465005.124859944,0.19934683991889485,1607.49661978815,0.00015401923555673363,991133.694762963,33363.6079529791,0.0043053627
2023-01-16,1038349.536213381,0.013699512696884549,2712767.4356283,0.2418379336983497,1790.3769288302176,0.00017850736020217137,1016934.5047062414,21415.03150713955,0.011399984
2023-01-17,1040869.2538265568,0.002609531138889489,2968684.768559484,0.24646549548666885,1980.2647634546336,0.00018287467562887609,1027844.7704499309,13024.483376625929,0.00086176395
2023-01-18,1037926.332685142,-0.002699791914110478,3147972.0164169506,0.17224761630565175,2113.0555097422753,0.00012757677854299365,1031733.3984766385,6192.934208503553,0.002352357
2023-01-19,1041548.8802381583,0.0036363684367543754,3347304.0183792384,0.19204831372435732,2264.790512578525,0.0001461905320811232,1026563.6755743552,14985.204663803159,0.00953722
2023-01-20,1051683.6013587608,0.009895520401147294,3576344.090994707,0.21990333527418954,2436.7375851647716,0.0001650878569874988,1036202.2712689636,15481.330089797317,0.009102702
2023-01-30,1068111.1666142747,0.01577689543718949,3798623.0455530966,0.21135534895781236,2601.4745412949364,0.00015664117603177125,1060683.612635118,7427.553979156775,0.007362485
2023-01-31,1071892.5127122137,0.003721868570783615,4056539.8284850265,0.24146998083493587,2795.4978244806775,0.00018165083303151012,1062316.1980690735,9576.31464314014,0.0027745962
2023-02-01,1082558.9644717139,0.010099914727644349,4266842.0456575975,0.19619711368301518,2955.0690405742753,0.0001488686731189437,1065764.0081879883,16794.9562837256,0.016375542
2023-02-02,1091709.0215093545,0.008617616289197341,4507933.77572261,0.22270540264073702,3134.089769181726,0.0001653681087891709,1082285.3617194712,9423.65978988323,0.0023869276
2023-02-03,1087345.8885435653,-0.0038306922215597694,4749964.4856070755,0.22169891895721758,3315.221478068391,0.00016591573882593708,1079668.654569306,7677.2339742594195,-0.0011755228
2023-02-06,1084493.539041786,-0.0024695262064951804,4963403.82088463,0.19629387256289146,3482.341812564572,0.00015369565127066294,1048820.0932499606,35673.44579182539,-0.00486207
2023-02-07,1092956.5154762745,0.007964640350791755,5192853.388303353,0.2115730146455788,3656.9663793011873,0.00016101946249574367,1047308.1295608907,45648.38591538387,0.004775524
2023-02-08,1089249.6739210035,-0.0032637526510216792,5381606.718991046,0.17269976253853053,3796.668209735144,0.00012782011768609043,1051193.6601633038,38056.01375769974,-0.006729901
2023-02-09,1102301.2278218425,0.012132305942799581,5599063.60955959,0.19963916058451348,3960.2246010003782,0.00015015509775318596,1062553.877100101,39747.35072174164,0.017659903
2023-02-10,1102267.9014497912,0.00011538454085925645,5815192.503533674,0.19607062799082345,4120.739494112575,0.00014561799357637982,1069008.1750946296,33259.72635516151,-0.0033989549
2023-02-13,1110447.9062588436,0.007567898300731031,6028837.073037677,0.1938227260568874,4282.586063392358,0.00014683052011848398,1070897.4578658403,39550.44839300334,0.0110087395
2023-02-14,1114512.004932791,0.003809583082023293,6257551.95730209,0.20596633392282634,4448.830946596848,0.00014970975429597395,1096292.9213982713,18219.08353451961,0.0013145208
2023-02-15,1111737.7103396312,-0.002333541107547006,6491820.472009293,0.21019828738527607,4622.365961391356,0.00015570493097108722,1102357.6467634842,9380.063576146862,0.00030446053
2023-02-16,1093790.3969591544,-0.016010158206762503,6689962.225635732,0.17822706901424376,4770.58271490674,0.00013331989383548424,1086116.7969543035,7673.60000485097,-0.019593418
2023-02-17,1095840.96066386,0.0020244607249847594,6904057.721075682,0.19573722354406936,4934.354710210473,0.00014972886556604946,1075529.6377592345,20311.322904625355,-0.008180261
2023-02-20,1107907.6412877257,0.011150331690630547,7109062.789433382,0.18707556636093298,5086.664277926047,0.0001389887521847196,1093525.5621616216,14382.079126104047,0.013221145
2023-02-21,1109589.7570360247,0.001674097493959554,7338998.946359153,0.2075409071630869,5259.2939354454165,0.00015581592822910852,1094670.1482672747,14919.608768750088,0.0044716597
2023-02-22,1115040.5311908012,0.005046935533188657,7538391.763866082,0.1796995837809048,5408.547752716224,0.00013451261272409305,1101433.3596768836,13607.171513917732,0.0011372566
2023-02-23,1110611.4370276753,-0.003813342989244215,7774452.934258013,0.21170635845840602,5585.609923502483,0.00015879438086180303,1097116.1557152986,13495.281312376781,-0.0045209527
2023-02-24,1108338.975341121,-0.0018973408932372955,7991142.125036087,0.19510801307611078,5750.863114087202,0.00014879478553452092,1084063.7572146691,24275.218126451808,-0.0031535625
2023-02-27,1098214.209569688,-0.009008468084102193,8180227.111025575,0.1706021264219205,5891.192599793199,0.0001266124252851499,1080016.3360734184,18197.87349626948,-0.0072745085
2023-02-28,1109799.1335464828,0.01070365126997667,8407627.552963095,0.20706383140555268,6061.170541965398,0.00015477667352237318,1094060.7951161466,15738.338430336156,0.008887172
2023-03-01,1119395.2379690895,0.00879974171387123,8635216.360834043,0.2050720720457441,6231.011848845768,0.00015303788023119465,1107227.9369369969,12167.30103209263,0.0067858696
2023-03-02,1113695.7382119952,-0.00493855681878572,8863753.132682284,0.20416092913069153,6402.314620551566,0.0001530315351498108,1102098.968673139,11596.769538856079,-0.0043497086
2023-03-03,1115387.1181233006,0.0016583353095677698,9070046.687984496,0.1852333166268644,6557.815676038278,0.0001396261565446631,1100822.2935997364,14564.824523564308,-0.00062674284
2023-03-06,1123682.781825303,0.007592953834167696,9299489.381558174,0.20570678094232225,6731.234869171357,0.0001554789277330601,1103942.68468359,19740.097141713093,0.004176259
2023-03-07,1105580.6820590387,-0.0159651207812132,9518246.815040674,0.19467899394805321,6893.603303825189,0.0001444966829429226,1092801.5151841512,12779.16687488741,-0.020251453
2023-03-08,1114894.2071483112,0.008571971389076932,9734912.199652843,0.1959742858464662,7057.084189478896,0.00014786879719102896,1098351.1323807559,16543.07476755546,0.0052689314
2023-03-09,1118376.9399783947,0.0032606658083972704,9935727.288963161,0.18012030919414793,7209.648780624115,0.0001368422135185811,1094173.3331520655,24203.606826329084,0.00020313263
2023-03-10,1102188.5189898096,-0.014321811637804134,10167656.404189307,0.20738009425572237,7380.885894774868,0.00015311216462855618,1088995.0383530548,13193.480636754746,-0.013718545
2023-03-13,1102893.2003094535,0.0007796952650475286,10370159.25470509,0.18372796216511406,7535.575744576994,0.0001403479052239671,1078603.561861341,24289.638448112742,0.005048394
2023-03-14,1093585.1453397637,-0.008289151589123968,10594453.79915288,0.20336923319942266,7701.581790287677,0.0001505186954313476,1078320.9634379945,15264.181901769261,-0.009186864
2023-03-15,1099583.4063894672,0.005633510084800569,10808065.193652002,0.19533128756312318,7864.043685443869,0.00014855898129972997,1075468.2892554523,24115.11713401478,0.00496614
2023-03-16,1079756.6901858659,-0.017880322396683596,11030198.588555368,0.20201595769142314,8029.854080757974,0.00015079383187360977,1058965.9869008374,20790.703285028394,-0.01671058
2023-03-17,1079490.9357023959,-9.438978049514267e-05,11249031.574948236,0.20266879416621117,8193.690567253163,0.0001517346342785677,1060017.0821017185,19473.85360067726,0.006964326
2023-03-20,1083763.3517971667,0.004106084697883496,11463528.193612717,0.1987016394212829,8353.75568507382,0.00014827833428402722,1067678.9480251176,16084.40377204922,-0.002214849
2023-03-21,1100612.9713508184,0.01570263268533279,11690398.969877882,0.2093360842004419,8522.073962518172,0.0001553090692402874,1092036.1048743108,8576.86647650753,0.013083458
2023-03-22,1102452.7193769799,0.001836312146936651,11931288.911789875,0.2188688923194694,8703.394904724266,0.0001647454163506291,1091443.2307542837,11009.488622696226,0.0045437813
2023-03-23,1098974.9295582117,-0.0030058164314381206,12148923.23164781,0.1974092095132428,8867.414224705457,0.0001487767385379411,1084955.1399045328,14019.789653678938,0.0041663647
2023-03-24,1097193.1304270348,-0.0014634718397526821,12381434.500271328,0.2115710398571034,9040.894493879727,0.0001578564392219656,1086959.55021601,10233.580211024779,-0.00012809038
2023-03-27,1095810.692954849,-0.0011039740818989605,12608925.692684036,0.2073392423849454,9212.059187236513,0.00015600233779277116,1083563.0812481681,12247.611706680742,0.0027287006
2023-03-28,1086576.6451331093,-0.008292667049960074,12793244.286796529,0.1682029526609918,9358.913782515609,0.00013401456677074642,1040013.2892428172,46563.355890292034,-0.008902669
2023-03-29,1086549.5264341994,0.00015142505031836152,13058303.407859407,0.2439396449851063,9550.567404589525,0.00017638297577290377,1068740.6990589614,17808.82737523812,-0.0027983785
2023-03-30,1099706.8906479701,0.012266441805430602,13286753.728381975,0.21025302111380748,9721.29972554209,0.00015713257131763622,1084490.4733511286,15216.417296841559,0.00019979477
2023-03-31,1103726.6083438038,0.003813484299559316,13520148.992441509,0.21223406531718006,9895.296991311669,0.00015822149269889107,1092880.9174130359,10845.690930767963,0.010013819
2023-04-03,1109608.6324909,0.005464615871039624,13707749.787110927,0.16997034705081715,10044.714785459631,0.00013537572893360946,1064043.5667706733,45565.06572022679,0.0125643015
2023-04-04,1091959.211837371,-0.01573321817209494,13973027.739436513,0.23907343955145532,10236.420738369387,0.00017276898114915057,1075595.8974077844,16363.314429586724,-0.0012696981
2023-04-06,1095955.0085884116,0.003811456775159275,14195781.324672915,0.20399441922522799,10402.579323484017,0.00015216556013575408,1083384.2679946253,12570.74059378642,0.0042669773
2023-04-07,1109594.914605815,0.012608478465484069,14432963.931584934,0.21641637207124914,10580.998431007061,0.00016279783944128163,1095073.9837634205,14520.930842394573,0.008572221
2023-04-10,1108646.4186406424,-0.0007016025415125242,14657895.28446746,0.20271483756973957,10750.999784042786,0.00015321028494089467,1089084.1356559629,19562.282984679518,-0.010552466
2023-04-11,1106898.5329565771,-0.0014369527244363985,14863940.476757249,0.1858529363603852,10905.812976405747,0.00013964162943202728,1086373.8705817726,20524.66237480459,0.0022343397
2023-04-12,1106203.6895789686,-0.0004680628421752087,15099098.280639043,0.2124474799453179,11082.558280679095,0.00015967615730888522,1084347.9670604228,21855.72251854588,0.0052804947
2023-04-13,1102674.1211244222,-0.003065488802212417,15287070.21172104,0.16992524329180378,11221.071711855095,0.00012521512311057184,1090818.9805790486,11855.140545373579,-0.0077196956
2023-04-14,1110349.5227120891,0.007114232864818541,15513921.09657944,0.2057279485502703,11390.350595876416,0.00015351669253714235,1102100.7795406366,8248.743171452468,0.007646203
2023-04-17,1119438.2006299582,0.008333557709342545,15731224.50284811,0.19570720914788517,11554.834503069498,0.00014813705398937895,1105328.531399378,14109.669230580042,-0.001042664
2023-04-18,1119165.5983355856,-8.967346211742025e-05,15961894.896400375,0.20605906911382643,11727.052898365142,0.00015384359332987638,1108365.7469745225,10799.851361063134,-0.00223881
2023-04-19,1106423.7774085442,-0.01122620214702039,16199671.578763966,0.21245889144306246,11904.894582500181,0.00015890560288801212,1097765.078282215,8658.699126329375,-0.0045004487
2023-04-20,1094067.2939734086,-0.011004933952158593,16439744.91989171,0.21698136467208032,12085.257424156898,0.00016301424945798016,1084357.6144450943,9709.6795283145,-0.00024110079
2023-04-21,1067688.3123566657,-0.023961799873564747,16656830.489748579,0.1984206739865723,12248.41749449646,0.0001491316587547376,1056758.221111049,10930.091245616732,-0.027339578
2023-04-24,1062813.9516992522,-0.004435178556727366,16839730.338709183,0.1713045341452666,12387.389843677236,0.00013016190921302508,1044832.9829615285,17980.968737723746,-0.0071219206
2023-04-25,1041329.0410698769,-0.020091166481365375,17016100.42582643,0.16594634162946637,12519.128430745115,0.00012395263240311464,1025635.723999442,15693.317070434929,-0.018145025
2023-04-26,1053680.4185925873,0.012015296182333124,17232299.25506383,0.20761816938791566,12679.627759754141,0.00015412931232968078,1044746.77252725,8933.646065337325,0.003204465
2023-04-27,1063946.6505518286,0.009885021300356026,17430745.67767422,0.18833644348772685,12829.049182068711,0.00014180905298985614,1052816.0044816702,11130.646070158247,0.0013722181
2023-04-28,1066938.5356490673,0.0029570596827573647,17636780.824874528,0.1936517654277554,12983.317829781561,0.00014499660075327717,1056993.00897616,9945.526672907272,0.013538957
2023-05-04,1068174.963947969,0.0013109503037325415,17849520.423880924,0.19939255345855195,13145.592928252892,0.00015209413949287325,1047510.1155073999,20664.848440569138,0.0015870333
2023-05-05,1060525.6438232295,-0.007058557123857099,17998446.547948167,0.1394210958819078,13255.139051691704,0.00010255447575173394,1048564.2199525809,11961.423870648543,-0.011927605
2023-05-08,1064389.376583527,0.003800985496805561,18217751.37784982,0.20678880438105507,13422.448882556579,0.0001577612308003394,1041270.4287892135,23118.94779431343,0.0073418617
2023-05-09,1056333.6681096947,-0.007424206123144194,18426096.22367385,0.19574119246922003,13575.911229347872,0.00014417876593608652,1044553.3329690872,11780.335140607545,-0.013556123
2023-05-10,1070466.6081630099,0.013514146109736454,18600715.20217987,0.16530664862599828,13718.418707501007,0.00013490763615264806,1012655.8034060895,57810.80475692028,0.002370119
2023-05-11,1074978.0696059985,0.004372325141370548,18829235.82342118,0.21347758024275504,13887.385328381191,0.00015784389684993748,1027031.6116731393,47946.45793285912,-0.0007227659
2023-05-12,1061998.839237571,-0.01190364149974987,19083674.130041298,0.23669162545183284,14070.46213612569,0.00017030748153922852,1045243.1469948207,16755.692242750396,-0.013073623
2023-05-15,1081971.502509308,0.01894897230674598,19285813.45276634,0.19033855335488156,14221.585458897747,0.00014230083611066003,1067291.6106762232,14679.89183308497,0.007645488
2023-05-16,1072367.761230579,-0.008724738490599482,19503920.317765594,0.20158281848775123,14385.40832395197,0.00015141144168241436,1056880.8270434174,15486.934187161762,-0.010571063
2023-05-17,1078154.2028085538,0.005563706959083431,19742789.71585958,0.22274951442019886,14565.306721832554,0.00016775811842212123,1059861.769778898,18292.433029655924,0.005937457
2023-05-18,1081160.8356296306,0.002941357398707395,19961884.237107437,0.2032126023134008,14729.910742134185,0.00015267205736697336,1061900.4891573354,19260.34647229532,0.004387498
2023-05-19,1095974.8055779093,0.013868918286824761,20204886.573086563,0.22476057952803133,14910.472078117968,0.00016700691519095758,1083656.684443845,12318.121134064491,0.0028220415
2023-05-22,1098948.2583799306,0.002861510848561847,20422658.566240188,0.19870164172140134,15073.163072008327,0.0001484441002314573,1089344.8321391826,9603.426240748013,-0.0009602308
2023-05-23,1090753.512223113,-0.0073157501087801,20628215.38190372,0.1870486750364055,15228.278388039183,0.00014114888016613972,1077514.3841655564,13239.128057556718,-0.010238051
2023-05-24,1084112.7614083125,-0.005926909114565065,20862765.76334254,0.2150351833025722,15404.232269500773,0.00016131406361733408,1070885.2057023335,13227.555705979074,-0.0023390055
2023-05-25,1079419.4817904653,-0.004194062836954101,21057718.33724073,0.17982684166999047,15550.674843657658,0.0001350805740600721,1065425.793725673,13993.688064792266,-0.0018700361
2023-05-26,1082582.1726548944,0.00308161192832466,21276970.423624925,0.20312037172102532,15714.335929980069,0.00015161954095079048,1071864.0595393812,10718.113115513239,0.0069850683
2023-05-29,1079029.1073996837,-0.003128746835328957,21498958.632648822,0.20505437335948262,15880.275638513256,0.000153281397684798,1070682.726931639,8346.380468044612,-0.0018773675
2023-05-30,1083815.661502109,0.004608812155967056,21745659.497264426,0.22863226109823903,16066.76400291397,0.0001728297810706194,1069804.905642422,14010.755859686986,0.0046448708
2023-05-31,1084349.3922623885,0.0006410587467092127,21951108.246751763,0.18956060221772036,16227.82275226075,0.0001486034526605405,1042610.9462269329,41738.44603545562,-0.00042957067
2023-06-01,1088309.5661300453,0.003811161791066521,22190346.85207435,0.22062870789593048,16400.27985656052,0.00015904200761338909,1074630.9759675723,13678.590162473101,0.0019979477
2023-06-02,1101945.6357218807,0.012677024400309492,22405993.68433333,0.19814843034579072,16560.737189645966,0.00014743721646775804,1093538.6673276355,8406.968394245283,0.007835984
2023-06-05,1098275.7547681928,-0.0031804372535120416,22626342.685251612,0.1999635860202252,16725.94919213903,0.00014992754373479864,1090232.9911590475,8042.76360914539,0.001008153
2023-06-06,1073487.318897446,-0.022412466121008234,22857056.409628924,0.21006903173056687,16899.31691761901,0.0001578544593443859,1064288.1942257944,9199.124671651472,-0.02158165
2023-06-07,1068252.7901281882,-0.004722670157402327,23075480.154528428,0.20347119249051016,17064.119161569917,0.00015352043852755737,1055280.7265954067,12972.063532781482,-0.0001925826
2023-06-08,1061059.527181468,-0.006584438572757751,23289775.72540987,0.20060380170476896,17223.53723151402,0.00014923253317688254,1053461.3145865623,7598.212594905639,-0.0071017146
2023-06-09,1065301.1053758552,0.004147055555665327,23494606.837170996,0.19304394005605624,17382.231844216294,0.0001495624030857356,1037576.4718679407,27724.633507914594,0.008239031
2023-06-12,1071812.4576183255,0.006253511399613259,23690970.7012764,0.18432710068025615,17532.752208234557,0.00014129372743413858,1031248.4807175825,40563.97690074297,0.005326748
2023-06-13,1070352.218076413,-0.0011970873246323146,23937013.637317657,0.22955782449850443,17709.9386427491,0.00016531477429201566,1059348.4976758184,11003.720400594593,0.0037977695
2023-06-14,1070741.8472364682,0.0005193522842403537,24158932.844157513,0.20733287892716154,17876.199352093623,0.00015533270874452726,1060619.1706866904,10122.67654977781,0.0035332441
2023-06-15,1083700.882692184,0.01226750344812049,24392138.691222344,0.21779838685367825,18052.493199398057,0.00016464645307310988,1068196.6519664724,15504.230725711692,0.0054467916
2023-06-16,1086252.7082059945,0.0024992214980413168,24601499.221205056,0.19319032892416604,18209.07622905833,0.00014448915947293608,1072654.5318169915,13598.176389002834,0.0083248615
2023-06-19,1089091.131199345,0.002768706493131842,24827659.15495743,0.2082019515752355,18378.168162099773,0.00015566537304262108,1077774.1158347402,11317.015364604864,0.0036422014
2023-06-20,1093699.5416001964,0.004323865487633786,24963628.809319343,0.12484690258397416,18478.841316329264,9.243776883815615e-05,1087699.5455576167,5999.996042579629,9.119511e-05
2023-06-21,1075101.7420153373,-0.01685540294515049,25178724.419079367,0.1966679161676491,18641.89442659062,0.0001490840071330679,1062339.1873176696,12762.554697667798,-0.021736145
2023-06-26,1058756.084501884,-0.015050020057649601,25398458.649867106,0.20438459189530775,18807.24915869916,0.00015380379888378968,1043942.6484654124,14813.436036471445,-0.019461215
2023-06-27,1076865.7280092677,0.017272272589307202,25632766.340539016,0.22130469340551182,18984.729348419507,0.00016763085692569747,1055232.0852968465,21633.642712421213,0.013440371
2023-06-28,1072185.409337911,-0.004195595269327982,25845524.758407887,0.19757190923160312,19146.955265639044,0.00015064637400935197,1040085.5772711775,32099.832066733394,-0.0048807263
2023-06-29,1075608.254271461,0.0033502146917551764,26074501.63640862,0.213560897216582,19316.161642738578,0.000157814474647646,1053782.754185887,21825.500085573953,0.006876707
2023-06-30,1092193.04229209,0.015590009840533377,26322085.385884043,0.23018022453083398,19500.11689076061,0.0001710243922836308,1077481.7537926605,14711.288499429415,0.01257658
2023-07-03,1097679.5924805163,0.0051834464933924445,26553651.392866887,0.21201930246403788,19674.890897510777,0.00016002116840387715,1078745.0719356993,18934.520544817075,0.0016418695
2023-07-04,1107194.9748257196,0.00878463638566451,26721139.135511618,0.1525834531242812,19802.2246402132,0.00011600265102376279,1081516.0451481142,25678.929677605367,0.0038666725
2023-07-05,1096505.884237999,-0.009474433646737234,26986663.8985522,0.23981752905117645,20001.269904946526,0.00017977435705455314,1071419.2300136003,25086.654224398793,-0.008138955
2023-07-06,1089142.066393062,-0.006562809055914205,27214396.996814597,0.20768980954503088,20168.929002943263,0.00015290305360581724,1076785.9740669033,12356.09232615876,-0.0026334524
2023-07-07,1081303.6920233811,-0.007057302603094657,27417436.22575552,0.18642125321018282,20320.898232328494,0.00013953113562908414,1070340.338208448,10963.353814933318,-0.006951332
2023-07-10,1083533.8925533402,0.0022260470637712236,27649437.10460956,0.2145566324849129,20497.730611043073,0.00016353627571887968,1061420.4928209095,22113.399732430677,0.00083100796
2023-07-11,1091894.9272156123,0.007865257970021376,27860221.02652772,0.19453375973450202,20658.969532964435,0.00014880837879598164,1057338.844474142,34556.08274147038,0.008046865
2023-07-12,1074374.6680484535,-0.01589308197805577,28088656.604710326,0.20921022022249572,20825.65311046221,0.00015265532730592381,1058557.6934411917,15816.974607261713,-0.014648855
2023-07-13,1086517.2740055344,0.011444206868071823,28293893.10228028,0.1910287943988455,20978.413108343866,0.00014218503323345754,1075522.5605794003,10994.713426134054,0.010075688
2023-07-14,1086898.4499975622,0.0004583376503600542,28446626.885555122,0.14057188682493288,21095.228890759317,0.00010751396706727036,1066958.772516573,19939.677480989238,-0.0005879402
2023-07-17,1082579.6441414724,-0.0038406497721836983,28642569.45604138,0.1802767963158823,21239.63846247917,0.00013286390436951877,1072973.800811567,9605.843329905387,-0.0042631626
2023-07-18,1077669.2957399313,-0.004371562175912471,28877973.134372804,0.21744698379037763,21417.42263927865,0.00016422272279142044,1063315.5643831482,14353.731356783013,-0.0010020733
2023-07-19,1079076.617319048,0.0014515170755278653,29088787.938453767,0.19562105454272685,21574.35644470062,0.00014562334293306413,1069589.010322678,9487.606996370108,-0.002715826
2023-07-20,1067943.1903866434,-0.010152291891608982,29326731.578738987,0.22050671515465503,21752.68258467212,0.0001652580892861403,1059160.270499919,8782.91988672435,-0.01287514
2023-07-21,1070051.5160198223,0.002125884179078064,29541741.978832986,0.20133130865898902,21914.680484090306,0.00015169149527470365,1058470.196641767,11581.319378055294,-0.0011453032
2023-07-24,1072151.3346251366,0.0021116740672727456,29755659.411399227,0.19991320919008695,22074.46191580101,0.00014932125165807828,1063356.367534698,8794.967090438673,-0.0011919141
2023-07-25,1096453.4446204542,0.02283200890985912,29992298.24191404,0.22071401944162325,22251.72074536183,0.0001653300460823421,1088716.9096607515,7736.534959702785,0.016340852
2023-07-26,1097829.0412236261,0.0014161372132587787,30228142.664802477,0.2150975256136614,22428.852667722727,0.00016154987996067126,1089275.2174079998,8553.823815626252,-0.00631243
2023-07-27,1091355.2734401838,-0.005743146765368416,30453255.64133902,0.20505285256949857,22597.62714413403,0.00015373475292946106,1083211.2480653943,8144.025374789431,-0.007696748
2023-07-28,1099265.6952959762,0.007400514810155513,30674874.649713576,0.20306770285350495,22763.796152577026,0.00015225931691262865,1091468.8302812881,7796.86501468821,0.009025335
2023-07-31,1106037.53944041,0.006320817322075352,30909794.654068947,0.21370629990606502,22940.2096565333,0.00016048304309976313,1097523.0851706895,8514.454269720445,0.007806182
2023-08-01,1107023.7073250434,0.0010215672115538228,31098546.45509172,0.17065587223944412,23083.93345693988,0.00012994477608716253,1090013.17829773,17010.529027313565,-0.0012952685
2023-08-02,1103281.3572831524,-0.0032285831588914162,31325471.89907525,0.2049869776789729,23252.16540086769,0.00015196778787539644,1094287.6164391385,8993.740844013933,-0.0017502904
2023-08-03,1106171.5253439143,0.002762953084716758,31535906.9688796,0.19073563458241305,23410.31196952179,0.00014334201118338465,1096054.8658652024,10116.659478711823,0.00054192543
2023-08-04,1102968.4292169658,-0.0027446123225560635,31756704.09745802,0.19960478417646285,23577.39609715073,0.0001510472144697379,1087073.7290854235,15894.700131542288,0.005504966
2023-08-07,1090675.5522546566,-0.011013281839811363,31951316.887350593,0.17644456970607494,23722.970888079493,0.0001319845492151686,1076465.6328767277,14209.919377928745,-0.0047954917
2023-08-08,1089646.8994800965,-0.0007857801804011008,32179031.43029029,0.20878302669291746,23894.59243042979,0.0001573534329210187,1072266.0610623672,17380.838417729312,-0.0050184727
2023-08-09,1089906.6208307007,0.0003828417945855018,32390528.454104107,0.19409684358733942,24052.033454287077,0.00014448811255499865,1077410.199449135,12496.421381565822,-0.0077819824
2023-08-10,1091406.18244346,0.001531271944249917,32616951.771369122,0.20774561135562297,24221.41527185811,0.00015540947667785912,1080821.8243903718,10584.358053088145,0.00090789795
2023-08-11,1075208.445123642,-0.014707747322537296,32803870.232641585,0.17126388349201646,24367.02623404266,0.00013341592207087686,1043081.2331119173,32127.212011724714,-0.019009411
2023-08-14,1074841.6569547758,-0.00017245310423995316,33051824.867452104,0.23061075825348945,24548.39136884226,0.0001686790460232538,1061299.1753109933,13542.481643782554,0.002342701
2023-08-15,1062174.923450461,-0.011638608361317788,33260324.77594977,0.19398197599484904,24705.46377743065,0.00014613539359220924,1045999.6053546772,16175.31809578378,-0.009127438
2023-08-16,1048636.892740021,-0.012584974495143359,33490051.666321155,0.21627971560947915,24876.050166865647,0.00016060103253129836,1039467.2744078072,9169.618332213795,-0.012030184
2023-08-17,1059906.4254518119,0.010896468502157097,33695093.32633681,0.19553161006942366,25032.9563270163,0.00014962868580817223,1038394.0527241525,21512.372727659458,0.009892583
2023-08-18,1049892.9567419728,-0.009297980157861808,33910099.122268215,0.20285356402076218,25191.43612381416,0.00014952244178565414,1039637.2644138732,10255.692328099569,-0.020886421
2023-08-21,1038036.7767284953,-0.011138130814495186,34123493.04317055,0.20325302644617985,25353.7710438825,0.0001546204487094553,1018785.5017540898,19251.274974405464,-0.009798706
2023-08-22,1037950.0901968908,7.144444813765141e-05,34336519.53929337,0.20522056722710946,25514.619540146956,0.00015495452557219482,1014545.1670293555,23404.923167535166,0.0069372654
2023-08-23,1018315.3395358855,-0.018770317951988132,34543350.48819068,0.19926868435270856,25666.716989861823,0.0001465363808446855,1007165.5616505237,11149.777885361815,-0.020579815
2023-08-24,1016687.4560760437,-0.0014364606323306033,34764099.550340146,0.21677868689484264,25831.830553161984,0.00016214384374825842,1007495.7250017392,9191.731074304378,0.0023938417
2023-08-25,999873.5831129308,-0.016397939998048783,34953716.612994544,0.18650477245606528,25974.12361477106,0.0001399575265325507,990503.086627151,9370.496485779811,-0.018193126
2023-08-28,999840.6930164654,0.00012441919100050837,35160571.67181243,0.2068812120967122,26131.417173550108,0.00015731344585516804,982018.4314269379,17822.261589527436,0.0073361397
2023-08-29,1034538.2082859515,0.03485274593435498,35354114.55110065,0.19357371693315512,26281.095552596275,0.00014970222765648317,998780.7467554874,35757.461530464134,0.031508803
2023-08-30,1047110.3722533695,0.012316812694648122,35587356.421441644,0.22545505663578766,26451.144922093186,0.0001643722466071638,1031051.0931277861,16059.279125583442,0.005053401
2023-08-31,1040965.2220765047,-0.00573311348157476,35776788.00635464,0.18090889932198687,26593.092507095444,0.00013556124431924753,1025552.3052658956,15412.916810609135,-0.005754411
2023-09-01,1043007.057125504,0.002114648230659765,35991476.72177762,0.20624004613211003,26752.532723138585,0.00015316574719479334,1034058.8626273043,8948.194498199759,0.00047504902
2023-09-04,1064981.9107865267,0.0212017940357717,36174485.86373882,0.17546299491546077,26891.29986514716,0.00013304525703882903,1050131.341279649,14850.569506877699,0.014992118
2023-09-05,1063766.5380630232,-0.0009838556274668884,36399140.64119721,0.21094703598531228,27058.8841425729,0.00015735880180534986,1052710.7755057986,11055.762557224589,-0.00502038
2023-09-06,1071522.6610736733,0.007444839664246156,36613006.94556055,0.201046279151403,27222.33244799227,0.00015365054226746712,1048436.0382344382,23086.62283923518,0.0044976473
2023-09-07,1047341.0586958217,-0.02241174980385059,36838967.53494821,0.21087803141861802,27389.237036704522,0.00015576393740941738,1034684.7537592748,12656.304936546789,-0.018060267
2023-09-08,1044370.4372276913,-0.0026890156934664695,37043906.960168004,0.19567592000545925,27543.541961590054,0.00014733015917248215,1029467.0133332997,14903.423894391664,0.0031231642
2023-09-11,1064011.2948003674,0.01896695916486517,37269069.32423647,0.21559626358839,27711.21582480391,0.00016055018146525634,1054067.1841191528,9944.11068121453,0.013134003
2023-09-12,1072141.3577016485,0.0078014995427035504,37494106.55234839,0.2114989090920739,27882.036553339334,0.00016054409325370498,1054196.8379430135,17944.51975863494,0.00031864643
2023-09-13,1054711.7696975998,-0.016102515153173704,37716206.09814989,0.20715509592654202,28047.452098652993,0.00015428520141062436,1041569.1216341064,13142.648063493478,-0.013173103
2023-09-14,1042072.5742599694,-0.011836844746737999,37923633.06594179,0.19666696983136175,28202.188065815626,0.00014670924475129128,1032421.6968888504,9650.877371119015,-0.0056412816
2023-09-15,1043095.7249714265,0.0011391699220637916,38140632.587406725,0.2082383960819996,28366.13508756304,0.00015732783473727138,1028819.27202723,14276.452944196564,0.0017054081
2023-09-18,1051076.5212670814,0.007812801246033682,38365790.37159016,0.21585534174210413,28534.838371697366,0.00016173327154508818,1037628.987620045,13447.533647036384,0.00080764294
2023-09-19,1037791.5473174963,-0.01248548111009655,38580467.26886793,0.20424478421321568,28696.616269736336,0.00015391638455014266,1021424.8912458881,16366.65607160822,-0.008699954
2023-09-20,1026892.3424223388,-0.01035247054709852,38789682.73552981,0.20159681123117848,28852.11473726164,0.00014983593567247588,1016333.7147026554,10558.62771968338,-0.008038402
2023-09-21,1020927.2185099035,-0.005650061577083365,39007133.18144274,0.21175583547539464,29015.233681975307,0.00015884717216693418,1010407.2686190144,10519.949890889096,-0.0071707964
2023-09-22,1054410.4244112498,0.032926224675006964,39182738.75361649,0.172005965743628,29147.30675411603,0.00012936580565800867,1042546.9755508255,11863.448860424363,0.019406796
2023-09-25,1044677.9028580555,-0.009080514925053905,39390121.70951333,0.1966814355165691,29305.238711311522,0.00014978224184731049,1023393.4248633651,21284.477994690464,-0.004548371
2023-09-26,1039734.1422266557,-0.004575430404895592,39611317.299738154,0.2117356839076164,29469.14830265202,0.00015689964427511295,1026561.979135807,13172.163090848728,-0.005189657
2023-09-27,1051690.7705771849,0.011648782524331899,39819569.35468312,0.20029356206287977,29624.156858043985,0.00014908479879289425,1043395.5593087785,8295.21126840638,0.006329179
2023-09-28,1054471.6362715603,0.0027784769396357015,40005892.71384698,0.17716553608395816,29765.38971734492,0.00013429124154376907,1040356.2981503024,14115.33812125797,0.007437825
2023-10-09,1045267.3153339,-0.008581043354608991,40215540.824551545,0.1988181601980733,29921.243827953465,0.00014780303731982917,1036835.7210027465,8431.594331153534,-0.0031206608
2023-10-10,1041484.2603047473,-0.0034686157822844186,40421706.646415964,0.19723741366442812,30078.66815043301,0.00015060675883590485,1022010.2659711603,19473.99433358702,-0.0027211308
2023-10-11,1050319.280304915,0.008666100575319824,40679083.99548676,0.24712552928594816,30269.25549767875,0.0001829958977872323,1040818.5315480063,9500.748756908702,0.0026342869
2023-10-12,1055924.47742454,0.005474326774504343,40872603.833468646,0.184248581941395,30413.849336005027,0.00013766655629162577,1048752.483146519,7171.994278021251,0.0074363947
2023-10-13,1048407.6317282404,-0.006980163742627189,41066349.77632275,0.18348465917436046,30560.169280033377,0.0001385704632827836,1037340.0098431894,11067.621885051041,-0.0037005544
2023-10-16,1035711.9889521927,-0.01195528796279884,41282151.912241966,0.20583800555083306,30721.796916373998,0.00015416487962243027,1025701.8570986053,10010.131853587514,-0.009455979
2023-10-17,1035123.2522373188,-0.00041930465119169064,41485339.2744581,0.19618133649461525,30876.254776985275,0.00014913205819654452,1016998.2224476691,18125.02978964969,-0.0021562576
2023-10-18,1012033.797089341,-0.02218131226308644,41658979.33455529,0.16774819783236591,31005.31783630552,0.00012468376016217078,998705.7733696076,13328.023719733304,-0.017194092
2023-10-19,1003830.9481246758,-0.007960294049423368,41855528.68496645,0.19421223972603227,31152.080188185104,0.00014501724379332014,993248.3304719728,10582.617652703,-0.01102227
2023-10-20,997962.0577117614,-0.005706623487035658,42039917.332343526,0.18368495982470218,31292.48533551789,0.00013986931524185992,979065.1980064849,18896.85970527657,-0.011735678
2023-10-23,969778.9595303095,-0.02809515387616053,42235392.93915719,0.19587478832799515,31437.68594298806,0.00014549712220833662,956651.6909928169,13127.268537492651,-0.02358365
2023-10-24,987613.2258429481,0.01855732844843179,42451940.80118495,0.22329610258057606,31599.926304731925,0.00016729622781509135,975330.3367750591,12282.889067888911,0.014398336
2023-10-25,993008.2540582101,0.0056045855194967065,42635750.37032472,0.18611493277936406,31740.06087389275,0.00014189215524247162,971755.9303355026,21252.323722707435,0.010417223
2023-10-26,993162.5394923653,0.0003198865998369618,42857625.47066919,0.2234373173009475,31903.42547373821,0.00016451484585130452,984240.4820210479,8922.057471317483,0.0056741238
2023-10-27,1021073.4010789155,0.028254191883601468,43053695.34668092,0.19741972558887122,32053.56884961029,0.0001511770429327917,999937.6115303264,21135.78954858901,0.018065333
2023-10-30,1033974.5631143244,0.01277000740047973,43241235.20066644,0.18366931680657042,32191.521702412152,0.00013510571586341979,1023784.8771676244,10189.685946699989,0.01519084
2023-10-31,1028963.3195420257,-0.0047060823897512715,43425520.79176412,0.17823029470145602,32336.795791787736,0.00014050064146454338,990679.3234754179,38283.996066607775,-0.0061965585
2023-11-01,1029146.017045392,0.00034743899012365737,43665329.26582564,0.2330583311446453,32511.60026503743,0.00016988406673961454,1011244.3546378391,17901.66240755283,-0.0018292665
2023-11-02,1014090.4574468383,-0.014480387853169421,43869766.3794616,0.19864733502335238,32664.726379229338,0.0001487894930901293,997148.8052937196,16941.652153118663,-0.012280107
2023-11-03,1040449.6407050147,0.026140653725155644,44070869.114159234,0.19830847753359804,32814.53061515539,0.0001477227547365063,1027749.053176552,12700.587528462587,0.01493907
2023-11-06,1075048.2721313068,0.03342703317503627,44311819.845165364,0.23158327090474168,32995.04384566436,0.00017349540376279538,1063327.4688158603,11720.803315446443,0.02065909
2023-11-07,1081397.4850499379,0.006038214759052893,44501033.27133776,0.1760045860985184,33137.203270510894,0.00013223538750004157,1068821.4202904585,12576.064759479294,0.0033117533
2023-11-08,1085244.0128303573,0.0037288574614390514,44746689.07264883,0.22716513095989316,33323.05257100133,0.00017186030396756032,1066423.9993428444,18820.013487512846,0.0036261082
2023-11-09,1081985.1762752663,-0.0028613297178334196,44946673.68374955,0.18427617083014444,33476.64818108,0.00014153094443533344,1048890.1513852912,33095.02488997516,-0.006230712
2023-11-10,1078419.4784315373,-0.003158765976387123,45149069.06664161,0.18705929372230712,33624.60806303552,0.00013674852964702298,1060819.034277584,17600.44415395328,-0.0019882917
2023-11-13,1087968.4396336407,0.008984577620757416,45335107.87603395,0.17251061679905574,33764.790372636984,0.0001299886661963354,1067895.3675604784,20073.07207316238,0.009209156
2023-11-14,1094389.2703482197,0.006056109167977604,45555981.302278765,0.20301455281110356,33932.81529979359,0.00015443915561850902,1065004.7933102692,29384.477037950463,0.0060784817
2023-11-15,1104529.8487559422,0.00941393627460487,45769122.24484394,0.19475788765486926,34094.747742740525,0.0001479660367059425,1067000.360068713,37529.48868722914,0.004090905
2023-11-16,1093862.2613539668,-0.0095406517090724,45948811.05758552,0.1626835281490788,34224.40055546108,0.00011738280578527044,1076917.6128219345,16944.648532032174,-0.01000762
2023-11-17,1107896.3747349393,0.012952624436032864,46128763.73325611,0.16451127534818116,34358.674230556106,0.0001227519038172375,1093849.3265096575,14047.048225281655,0.008800387
2023-11-20,1113918.801681002,0.005589053909941142,46354745.85161303,0.20397405706015265,34528.33984951544,0.0001531421375035423,1099325.2983081108,14593.503372891195,0.008718848
2023-11-21,1112556.0375354139,-0.0010686479211464918,46587044.9858823,0.2085422509420861,34700.71698336108,0.00015474838344187237,1105523.7787216122,7032.258813801629,-0.006580591
2023-11-22,1100786.3823414466,-0.010450598078426973,46777394.19171808,0.1710917917064676,34843.49618931844,0.0001283343949790125,1093827.6964114658,6958.685929980937,-0.012742758
2023-11-23,1112011.0847819631,0.010343537198691318,46992755.14431363,0.19564282048753825,35004.818642363476,0.0001465520064863949,1106006.766911566,6004.317870397204,0.010526657
2023-11-24,1104876.08151824,-0.0062695881373293185,47209512.401649415,0.19492364806622642,35167.97040035888,0.00014671774429963658,1096699.6554315477,8176.426086692423,-0.013250411
2023-11-27,1103748.211167477,-0.0008594522998300666,47447447.96458067,0.21535045143189346,35346.25246183376,0.00016135932749119077,1096428.5100364964,7319.701130980655,-0.0006623268
2023-11-28,1113107.0778666534,0.008635238127310393,47676606.90261241,0.20761885338808408,35518.51439868143,0.00015606995789869333,1104388.7053770567,8718.372489596637,0.0052263737
2023-11-29,1107296.8256684833,-0.005058812625991998,47915896.96229671,0.21497487927479075,35697.76645725872,0.00016103756964768942,1099619.6499812233,7677.175687259998,-0.0048719645
2023-11-30,1099453.4081799118,-0.006930702280304627,48141499.816515304,0.20374198587844466,35866.839311195574,0.00015268973053795843,1092462.4522549661,6990.9559249455815,-0.0053685308
2023-12-01,1101060.1760115728,0.0016227592779388372,48378004.20402158,0.2151108775930734,36044.21969831996,0.00016133506504657734,1094238.2144950603,6821.961516512576,0.008140683
2023-12-04,1099751.5503586396,-0.001059478751816742,48566840.995812066,0.1715045152886363,36186.29549029736,0.0001290354469925934,1091278.8720959648,8472.678262674697,-0.002554655
2023-12-05,1081684.7721430121,-0.016276602190379408,48788771.21873536,0.20180032740205742,36352.855212484195,0.000151452136741722,1072930.433625029,8754.338517983204,-0.019918561
2023-12-06,1087356.3485203963,0.0053865055821487335,48993095.90571449,0.18889485388088245,36507.77989837368,0.0001432253553709093,1072032.2520677184,15324.09645267788,0.0052063465
2023-12-07,1086693.6014314934,-0.0004598237271125389,49208967.245608024,0.19852860581287674,36670.53473840041,0.00014967939466045284,1068126.9193924523,18566.682039041116,-0.00049299
2023-12-08,1076854.1500519668,-0.008901388358104846,49433947.851481296,0.20703223574419372,36836.90434531773,0.00015309707050649706,1067917.227570391,8936.92248157566,-0.0029381514
2023-12-11,1085475.3647165338,0.008158294015695391,49651649.955497354,0.20216489299461055,37000.98244889641,0.00015236799112559532,1073496.4180719997,11978.946644534146,0.011983752
2023-12-12,1087512.4586314238,0.0020205087617315948,49861157.026011094,0.19300951207534023,37157.10101906,0.00014382506986177518,1079736.5614439442,7775.897187479488,0.00064361095
2023-12-13,1079595.125605915,-0.007124269438438541,50082070.27846736,0.20313629577565503,37326.70227161978,0.0001559533881324151,1056323.5768006016,23271.548805313396,-0.009777963
2023-12-14,1080955.5765923033,0.001417481070734747,50311960.94765632,0.21294155904968254,37496.556939835296,0.00015733182207559903,1068107.2171600081,12848.35943229515,-0.004600048
2023-12-15,1072910.248675034,-0.007301814947795195,50516128.27867521,0.18887670820157978,37648.94727004047,0.00014097742174158998,1063154.9518089094,9755.296866124412,-0.0067191124
2023-12-18,1054575.4729149847,-0.016942224573284124,50726019.15806679,0.19562762090377395,37806.23665005917,0.0001466006874414098,1045492.583528793,9082.889386191768,-0.015893161
2023-12-19,1054747.8754859003,0.00032069128777243724,50946125.25418713,0.20871535681741255,37972.02724560586,0.0001572107448018161,1042986.6828695206,11761.192616379612,0.0011148453
2023-12-20,1041106.3347060472,-0.012791547030445055,51145024.980185255,0.1885756118792816,38121.710970919085,0.00014191422309741002,1027459.1025564998,13647.23214954741,-0.017434895
2023-12-21,1053238.4728239188,0.011807186245973583,51360338.258140095,0.2068119948723894,38282.1092487847,0.00015406522131180918,1044098.3613542825,9140.11146963629,0.006526351
2023-12-22,1053877.5920423046,0.0007610144620462388,51577548.74931364,0.2062310642633128,38444.51974020142,0.0001542010623494098,1046889.398917896,6988.193124408714,-0.0112089515
2023-12-25,1051514.4204533831,-0.0021093562852105736,51761019.51641548,0.17409115488098767,38584.68800650585,0.00013300241637437463,1034405.631683035,17108.788770348103,0.00031733513
2023-12-26,1040190.4130145699,-0.010619091589109108,51971181.017092295,0.19986554305760498,38742.56750725561,0.0001501448745531116,1022206.0027764017,17984.41023816823,-0.014669418
2023-12-27,1046427.4194924439,0.006161503652296653,52202344.567235604,0.22223195604483142,38914.69805825484,0.00016547984757942557,1033583.5862383114,12843.833254132584,0.007886291
2023-12-28,1077915.5731328153,0.03023922662030558,52409502.80756227,0.1979671370109403,39069.700297617026,0.00014812516995910306,1066692.5056492921,11223.06748352314,0.019200683
2023-12-29,1087253.963348447,0.00881627193242029,52629248.4054169,0.20386160412913268,39234.50689491479,0.00015289379001991388,1076206.1068350237,11047.856513423452,0.014074564
2024-01-02,1075280.4755157926,-0.010866419432019565,52840291.14354677,0.19410620263909156,39393.43713269944,0.00014617581829288995,1061798.8124911594,13481.66302463317,-0.005518794
2024-01-03,1071098.3669564382,-0.003741689824786053,53045342.189818785,0.1906954054695895,39552.17967802533,0.0001476289665259152,1037958.403989641,33139.962966797095,-0.0052452683
2024-01-04,1065166.3614981405,-0.005370846242816013,53290179.50845305,0.2285852786144914,39731.48049646865,0.00016739902139222698,1049514.381479287,15651.980018853526,-0.0070432425
2024-01-05,1049683.678659222,-0.014384497950496138,53503557.502853416,0.2003236321697713,39892.27999147963,0.0001509618598777534,1031128.5012925694,18555.17736665256,-0.018538713
2024-01-08,1028494.4661497972,-0.020025843787969493,53730300.13611228,0.21601043997224603,40060.69112529377,0.0001604398898811678,1016691.0644369529,11803.401712844243,-0.02329886
2024-01-09,1032191.3211840296,0.003745826141660575,53934712.5601293,0.19874917245033333,40216.39754891855,0.00015139257307593233,1010955.2034467563,21236.117737273275,0.0017551184
2024-01-10,1020271.443463467,-0.011409768522783663,54127870.23449095,0.1871335966476466,40359.21122354515,0.00013835969330063807,1007396.4639793463,12874.97948412065,-0.0074243546
2024-01-11,1044700.1264973984,0.024104109060581982,54348203.34506759,0.21595538323476227,40523.26233425454,0.00016079163222729742,1036784.0870162983,7916.039481100022,0.01796782
2024-01-12,1028369.1687053408,-0.015482713777162888,54555423.096210755,0.19835333210681005,40679.427084787,0.00014948284830407457,1017609.5452744383,10759.623430902451,-0.006526351
2024-01-15,1023079.3925015798,-0.004978191725998548,54778042.912646204,0.2164785013106866,40849.78440162706,0.0001656577443434365,998920.3083336098,24159.084167969955,-0.0027105808
2024-01-16,1014470.2404773595,-0.008261478779515684,54991405.74601998,0.20854963450302133,41006.78773493579,0.00015346153432416467,1002543.3265291683,11926.91394819122,-0.003581345
2024-01-17,979836.2517683837,-0.03402186108432494,55153058.85945674,0.15934731940553779,41126.61084820919,0.00011811397564212145,973696.0481501275,6140.2036182561715,-0.027141571
2024-01-18,984361.1995001738,0.00475829315894195,55335364.76201932,0.18605751954325014,41264.01125009188,0.00014022792240510828,975674.4964407354,8686.703059438383,-0.0029132366
2024-01-19,967869.7035778313,-0.01660197353750391,55533447.59943571,0.20122983059162433,41413.16858698691,0.00015152703801284644,956951.3225243515,10918.381053479785,-0.012362719
2024-01-22,906875.0447610404,-0.06288297058098997,55709740.31970685,0.18214509620401995,41545.30530746156,0.0001365232530641182,896420.0793428536,10454.965418186766,-0.057689965
2024-01-23,919705.5842308362,0.014294514110961352,55883806.97412177,0.19194116700034258,41678.103961881076,0.00014643544905848377,900388.7630337675,19316.821197068726,0.015757322
2024-01-24,919138.2607086075,-0.0004943650582809634,56035008.69171847,0.16440230459527666,41790.75717936022,0.00012248834780464703,902926.375602473,16211.885106134427,0.012556076
2024-01-25,951263.2483566933,0.03511541268815416,56237238.38516845,0.22002097192001668,41941.68887352939,0.00016421000041148525,938164.5986179691,13098.64973872427,0.03359449
2024-01-26,921319.3452159626,-0.03134253883940372,56405715.218015,0.17710852714807995,42070.58670614307,0.00013550174763541997,898188.7613947894,23130.583821173142,-0.008735597
2024-01-29,894847.5466988737,-0.02862076577506337,56545849.05147431,0.1521012602057781,42173.52003977112,0.0001117238383873575,881002.0628463712,13845.483852502586,-0.02628386
2024-01-30,863576.8448008659,-0.03482361825561055,56690969.58563003,0.1621734726670192,42282.3925745678,0.00012166601472877752,849711.6967636138,13865.148037251995,-0.028568089
2024-01-31,819041.7093710797,-0.05142188268054214,56862368.816632494,0.1984759457532563,42410.7808053711,0.00014867030256340914,805949.719358873,13091.990012206697,-0.040048897
2024-02-01,816549.6883551808,-0.002881350699466557,57038198.43029591,0.21467724006195912,42542.85541908136,0.0001612550523363188,802780.1591058554,13769.529249325376,-0.0072288513
2024-02-02,770275.5141939735,-0.05654241477737342,57178687.925108135,0.1720525974300758,42647.338414975005,0.00012795669067501792,760146.9688026583,10128.545391315189,-0.037000775
2024-02-05,700395.4118836969,-0.09066296348127247,57228964.42170771,0.06527079684233161,42691.97991136501,5.7955232338802674e-05,671305.0118083486,29090.40007534832,-0.06155634
2024-02-06,753775.602571895,0.07638963842834563,57398805.50401683,0.2424931394857882,42814.74149383475,0.00017527468111131384,743284.881127391,10490.721444504032,0.06973338
2024-02-07,786648.6869058374,0.043763828731936634,57551195.54474793,0.2021689747069783,42929.76353316111,0.0001525945373316698,773354.952388495,13293.734517342411,0.044727802
2024-02-08,850102.4074111293,0.08077950687951727,57650136.055041976,0.12577470977955532,43021.13604354248,0.00011615415102359124,768231.5347608206,81870.87265030878,0.04069531
2024-02-19,854757.1560438032,0.005661606680016751,57881746.39122476,0.27244992387225225,43179.33287936578,0.0001860915043224801,835088.1454844241,19669.01055937917,0.0073081255
2024-02-20,856979.1694548498,0.0027391946686529407,58043532.22437072,0.1892769566209636,43298.665713147326,0.00013961021904030952,845455.6560409986,11523.513413851091,0.0032646656
2024-02-21,869052.1543701445,0.014225811405040124,58200369.35109665,0.18301159738305336,43416.90484056526,0.00013797199702432348,855201.7505897701,13850.403780374289,0.0054439306
2024-02-22,892448.0707177572,0.027068915485936953,58369415.32268143,0.19451763710003409,43545.28781246939,0.00014772758028219657,872332.077047104,20115.993670653217,0.015383959
2024-02-23,913465.5051086922,0.023701356546167552,58544691.85601962,0.19639969998167991,43680.08334455531,0.0001510401966329627,880131.7786410594,33333.726467632834,0.01439178
2024-02-26,929659.1347052505,0.017927828735674896,58795475.890340425,0.27454132960495425,43862.90687953242,0.00020014279023635278,917566.1948265918,12092.939878658744,0.0056892633
2024-02-27,953833.7337694463,0.026155470866778028,58984356.23914782,0.20317161608623277,44003.98022915391,0.00015174739251738365,944229.515176602,9604.218592844245,0.026378512
2024-02-28,895187.4047171256,-0.06134799672803678,59159528.511985846,0.18365074188115016,44134.5205030955,0.00013685852085112027,889069.4491459229,6117.955571202696,-0.04486072
2024-02-29,931784.6680210487,0.0409821211442516,59277396.37447494,0.13166836560478912,44223.935866097854,9.988451862837844e-05,921698.2632706854,10086.40475036316,0.03737545
2024-03-01,943017.0421845827,0.0122059227001129,59466331.84236861,0.202767307059188,44364.85333357911,0.00015123394097108034,936208.088657712,6808.9535268706495,0.01072669
2024-03-04,942816.5886281525,-7.564690802191677e-05,59637898.5754925,0.18193386275018053,44493.97056655605,0.00013691929965319415,934368.0197982164,8448.56882993612,0.004887104
2024-03-05,928035.0962454581,-0.015530540953631771,59823025.81578814,0.19635551869638923,44633.01130779751,0.00014747379598377224,918944.3240777791,9090.772167679068,-0.009802282
2024-03-06,931693.6333931073,0.004112380701082827,60032443.788402945,0.22565738457741794,44790.90777987566,0.0001701406258415781,919428.787229291,12264.846163816332,0.0011776686
2024-03-07,912602.7452444575,-0.0203372373257017,60222503.400129884,0.20399367873188876,44933.721391364554,0.0001532838761265144,899405.1019174102,13197.643327047295,-0.0145276785
2024-03-08,919540.4423204066,0.007747118796306383,60391489.2050408,0.18516907361005927,45066.066196659645,0.000145019074273813,884053.337350994,35487.1049694125,0.012650609
2024-03-11,943155.8716737564,0.0258316839065507,60583036.89607559,0.20830806587629191,45203.91488862036,0.00014991041787445865,931054.9206578601,12100.951015896284,0.017928004
2024-03-12,955082.7016259303,0.012790982112891256,60762957.82944434,0.1907647916663617,45340.974820693875,0.00014532055219068036,934641.8823542737,20440.819271656528,0.0054347515
2024-03-13,956349.305971163,0.001486111564055615,60970222.431831904,0.2170122043198099,45493.729922976934,0.00015993913618476128,946834.6398322624,9514.666138900571,0.0046248436
2024-03-14,949420.9801519611,-0.007103505064917085,61148573.1117551,0.1864911479619738,45628.62360338272,0.00014105063867726167,935518.5258399238,13902.454312037291,-0.00636214
2024-03-15,959682.2688647051,0.010940949451696418,61305321.35061075,0.16509877297061254,45754.90184286138,0.00013300552875758422,911037.8514444031,48644.417420302096,0.012574196
2024-03-18,973349.993598861,0.01441440049897737,61536216.19186996,0.24059508938552931,45920.42168388859,0.00017247358464069743,955476.2556883956,17873.737910465417,0.016626358
2024-03-19,966830.5980045199,-0.006545166878958573,61736767.6473187,0.20604248910222,46069.079138491885,0.00015272764738369994,956130.0654816788,10700.532522841171,-0.007175982
2024-03-20,975425.6571466062,0.009034783200740438,61922676.35020943,0.19228673903622387,46209.12484121865,0.0001448503005757244,962408.4680917173,13017.18905488888,0.00921452
2024-03-21,970411.8990093234,-0.004979869541754275,62132095.46674379,0.21469510772042785,46365.39045823141,0.00016020248787579298,960745.8571234755,9666.041885847888,-0.00015372038
2024-03-22,951148.3796802685,-0.0196865524843822,62344075.51463896,0.21844337246026915,46524.84500597035,0.00016431635669525205,939763.7450719277,11384.634608340773,-0.011028111
2024-03-25,926666.5433810889,-0.02559762750320292,62519336.390327886,0.18426239210735962,46659.5393818194,0.00014161236955934298,902421.7268191307,24244.816561958123,-0.0231992
2024-03-26,920970.3609453379,-0.005979311963821376,62731448.47694365,0.22889796564990816,46814.893468258815,0.00016764831702306034,911800.812559432,9169.54838590595,-0.0033497214
2024-03-27,886195.1963383764,-0.037650927746572034,62864107.567542456,0.14404273603619305,46914.66955853307,0.00010833800359420475,875998.3347421477,10196.86159622866,-0.03332019
2024-03-28,907892.9175111448,0.024595626585593226,62995928.52587809,0.14874934876683457,47013.474516849856,0.00011149344831142799,898037.9026129618,9855.014898182919,0.022029042
2024-03-29,920188.5066783875,0.013669848380305652,63142063.887460865,0.1609610106700546,47128.6438775378,0.00012685346307542698,888177.3031374476,32011.20354093994,0.010965586
2024-04-01,945682.80593581,0.027853379242194345,63328800.58102893,0.20293308622396386,47264.70407093696,0.00014786121801314549,929776.9696957961,15905.836240013825,0.02164936
2024-04-02,943940.506439045,-0.00172674618046806,63476142.40419485,0.1558046971363853,47374.049394618,0.00011562579227908719,932788.1902963212,11152.316142723737,-0.005038619
2024-04-03,933174.6018459736,-0.011248772848553468,63673491.65699849,0.20906958802746312,47521.78164820798,0.00015650589479128372,923288.7620078597,9885.839838113934,-0.0054455996
2024-04-08,904093.092791975,-0.03102852742020599,63838643.49072109,0.1769784919091253,47648.256980989005,0.0001355323350323035,883887.8983303274,20205.19446164762,-0.018364191
2024-04-09,929724.0503215697,0.02848510434978513,64002334.050940834,0.18105498374535897,47770.48554149373,0.00013519466245147578,911798.5230607006,17925.52726086901,0.012777925
2024-04-10,905806.5989816481,-0.025587730678431956,64176372.784839176,0.1871939677565034,47898.40827652605,0.00013759215434738345,898434.2560215659,7372.342960082271,-0.01862526
2024-04-11,900058.6016297676,-0.006184422678476131,64369394.76432124,0.21309403099852317,48044.51475535114,0.000161299861349382,887472.3882942894,12586.213335478267,0.002398014
2024-04-12,892855.5740867242,-0.007861922324374082,64533005.49541415,0.18177786512640318,48171.35148499652,0.00014092052385890444,863881.4721780819,28974.1019086423,-0.007648766
2024-04-15,870436.9677571564,-0.02494198097109638,64735312.08733002,0.22658378105865745,48320.37107575596,0.00016690223490161514,852453.2981490919,17983.669608064407,-0.009601474
2024-04-16,820295.5917195765,-0.05746270561926506,64902914.887181796,0.19255018578040767,48444.08387498062,0.0001421272347191661,810392.8375674061,9902.754152170433,-0.041768253
2024-04-17,867038.242907311,0.057146179711181785,65074408.49996859,0.20906318955986594,48578.1919879433,0.00016348754560724512,835317.9833777162,31720.259529594823,0.043578982
2024-04-18,870544.336261819,0.0042070120829525715,65269159.50874287,0.22461639998859892,48719.73899772827,0.00016325347923564138,857030.6109249638,13513.725336855176,-0.00014001131
2024-04-19,854379.5058678199,-0.018420073295751987,65443562.92143691,0.20033834628451597,48849.07891058292,0.00014857360787623913,846845.7071073873,7533.798760432637,-0.004223764
2024-04-22,865032.9841823317,0.012605892174287465,65597273.53506056,0.17990905981238423,48965.81652296183,0.00013663437802190778,851797.3143895222,13235.66979280955,-0.0034781098
2024-04-23,879805.2591547584,0.017215046601757777,65755169.69650514,0.18253195465583916,49085.124685291565,0.00013792325207403333,863712.731960205,16092.527194553433,-0.0052706003
2024-04-24,898871.4515728524,0.0218339244316275,65949255.82165776,0.22060123320822891,49228.53381013098,0.00016300098612412607,891544.2096033676,7327.241969484843,0.016706109
2024-04-25,903942.38513895,0.005806518780256285,66144993.71928302,0.21775961099082222,49376.91420862746,0.00016507410290630424,890455.6224578482,13486.762681101838,0.0015794039
2024-04-26,935302.5741188423,0.03480490667429852,66282222.09327449,0.15181097407040264,49478.35558243913,0.00011222106129704031,927836.8795393166,7465.6945795255815,0.019185185
2024-04-29,975503.2961006295,0.04309227440090901,66412059.78427044,0.1388189176302389,49581.948772457574,0.00011075901305632599,943281.5076252129,32221.788475416633,0.023872137
2024-04-30,967870.8989448845,-0.0076437321888798895,66653398.494001925,0.24739917404296122,49757.85998343972,0.00018032866899098324,956196.3069462908,11674.591998593736,-0.008619964
2024-05-06,986088.3701870994,0.01896943562970848,66844625.96578545,0.19757539150313444,49900.35345662788,0.00014722363627577164,978264.794259641,7823.575927458434,0.01990199
2024-05-07,994659.905949924,0.008829858050313283,67023754.537857175,0.18165569890834019,50035.838027620164,0.00013739597290512043,982419.2468395667,12240.659110357305,0.003299594
2024-05-08,974102.819687492,-0.02051657127438012,67224665.44592361,0.20198955126733686,50185.91343586236,0.00015088112765425428,964443.327215938,9659.492471553971,-0.015764296
2024-05-09,986801.6775442873,0.013183708583342054,67410561.29435843,0.19083801491762356,50329.34328403874,0.0001472430274068921,961253.7675198709,25547.910024416447,0.016286016
2024-05-10,966577.5715877962,-0.020363049067611955,67587473.27046332,0.17927814689689317,50459.15826069371,0.0001315512322374853,952635.4982347521,13942.073353044128,-0.009348094
2024-05-13,946112.2312422419,-0.021077730818179312,67710437.74655372,0.12721635562928257,50551.23673743098,9.526237670300787e-05,932841.7576880697,13270.473554172162,-0.009585202
2024-05-14,954541.4961164679,0.009069450286419556,67913982.2188763,0.2151377665367776,50702.68970983003,0.00016007928805675817,946244.0029062784,8297.493210189543,0.005593419
2024-05-15,942709.7137110628,-0.01225107439324076,68090841.74305475,0.185282174633575,50840.31323487692,0.00014417762413347916,914634.3163736479,28075.39733741493,-0.009807885
2024-05-16,946172.433265215,0.003819974322855637,68280802.0895988,0.20150460293472622,50978.72058100755,0.00014681862732247882,934487.0983835477,11685.334881667335,-0.0015062094
2024-05-17,958977.5180255106,0.013690252086246845,68479306.95850886,0.2097977725106876,51126.97494917033,0.0001566885304945579,949937.5715910533,9039.946434457277,0.013532639
2024-05-20,961141.980661014,0.002385982811162071,68644507.1960734,0.17226705992511007,51250.61618796668,0.00012893027883586006,953261.4329735171,7880.547687496844,0.0060306787
2024-05-21,946374.3986776212,-0.015202872493045578,68851315.69873951,0.2151695658157452,51406.079191656834,0.0001617482191166314,937222.8072315974,9151.591446023816,-0.010727584
2024-05-22,961988.4473498662,0.01660716787426115,68987414.53765316,0.1438107783809681,51508.629030154036,0.00010836074881198765,951036.5684945394,10951.87885532679,0.0005273819
2024-05-23,943791.1606256181,-0.01878726884798547,69149561.17339519,0.16855362056448103,51632.78016538407,0.00012905678396872073,922798.7992114292,20992.361414188905,-0.022896707
2024-05-24,922137.6613816293,-0.02276710946166964,69374425.75450608,0.23825671450645605,51798.882746453164,0.00017599505907534246,911494.8216047817,10642.83977684758,-0.011585474
2024-05-27,932380.5901503435,0.011258962030077509,69560738.40257084,0.20204428890325557,51938.26689373921,0.00015115329643646287,923278.4895708426,9102.100579500886,0.01018858
2024-05-28,928316.6225164541,-0.004208128620150388,69749083.08973971,0.20200408412459164,52078.657081344245,0.00015057176124011685,922828.2232109486,5488.39930550542,-0.010470688
2024-05-29,927161.6119463723,-0.0011188370681555345,69900141.61165835,0.16272306048894658,52195.03260316965,0.0001253618851614881,909463.0666170517,17698.545329320543,0.0006021261
2024-05-30,927937.5480169993,0.0009731621669918217,70069339.14396937,0.18248979480053018,52321.375135976064,0.00013626808010437674,912587.810927866,15349.7370891332,-0.0031674504
2024-05-31,938617.4752637855,0.0116606309000681,70258116.14188388,0.20343717992436458,52461.785134930324,0.0001513140612256882,928099.1461000557,10518.329163729843,0.00391984
2024-06-03,917922.551769247,-0.02189777214698781,70441351.03009881,0.19521785289948418,52603.07702296139,0.00015053191715971403,892082.6270141117,25839.924755135326,-0.013181508
2024-06-04,908214.8998693267,-0.01042882599189753,70626852.3653268,0.2020882207005941,52737.87435644167,0.00014685044312340537,899824.4442105342,8390.455658792562,0.005504608
2024-06-05,895076.5014526156,-0.014319617083222491,70804668.68545993,0.1957866141138005,52870.98317774679,0.00014656093103545262,887832.8297940299,7243.671658585692,-0.013101935
2024-06-06,854675.4165084993,-0.04500187763856353,70960522.43500304,0.17412338419138604,52991.944926338954,0.00013514124032510557,831266.9608592719,23408.45564922732,-0.021590054
2024-06-07,868946.1411971619,0.016862387399725134,71152411.71997377,0.2245171456488503,53133.08821186414,0.0001651425591504428,856773.5416449195,12172.599552242318,0.004428029
2024-06-11,886113.194184936,0.019899047433200548,71318669.71293339,0.191332909000047,53257.23570466891,0.00014287133220216406,876248.7497853277,9864.444399608314,0.008795857
2024-06-12,900576.8822247796,0.01646634909313244,71488970.86468713,0.1921889357604982,53384.59685630514,0.0001437301153758188,892298.6476931083,8278.234531671304,0.003373742
2024-06-13,896692.3958457566,-0.0041597392075384265,71671316.27750245,0.2024762309741424,53522.918268934955,0.000153592009033258,882303.0706534509,14389.325192305772,-0.0069434643
2024-06-14,891078.7456879091,-0.006110717725023092,71852962.81801926,0.20257397225442103,53657.134309594425,0.00014967902179306236,884899.0954487583,6179.650239150789,7.915497e-05
2024-06-17,884044.8799254294,-0.007748200054661873,72025604.69326966,0.1937448021129943,53786.74368602705,0.00014545221402691058,877482.9590833789,6561.920842050411,0.00064086914
2024-06-18,891180.0466852481,0.008227086979793822,72209722.5565582,0.20826755232616947,53924.691047396154,0.00015604112924757482,885320.217593839,5859.829091409145,0.008348823
2024-06-19,877947.89513408,-0.014704378244921067,72379036.11631326,0.1899880505458132,54052.59410777803,0.0001435210099885114,868544.4068407391,9403.488293340873,-0.012867153
2024-06-20,856789.8519873564,-0.023948496993656348,72556013.73657162,0.20158100638914697,54185.10472729613,0.00015093221391898514,848409.2570162601,8380.594971096347,-0.020126045
2024-06-21,853029.95899345,-0.004242059820854972,72722600.9250088,0.19443179450687173,54310.44391517068,0.00014628930021034253,843179.5170235488,9850.441969901207,-0.00016009808
2024-06-24,815466.1087726044,-0.04392599411396468,72847420.1882019,0.1463245949068233,54404.105178234524,0.00010979832780358446,805522.0653897236,9944.043382880713,-0.033143282
2024-06-25,814342.2339160293,-0.0012278277255348814,73012240.64724888,0.20211809819423845,54526.72813722452,0.00015037161896839745,808490.3546730211,5851.879243008167,-0.008218408
2024-06-26,839873.2804798136,0.03151162828108036,73182978.35236375,0.20966333072745535,54656.931342186785,0.00015988757495253615,825551.8999373213,14321.38054249224,0.028626442
2024-06-27,818403.0581946862,-0.02542460283988087,73340645.04526354,0.18772676374431096,54773.70903528704,0.00013904203861984693,810087.7616436678,8315.296551018357,-0.024524748
2024-06-28,815737.5256259862,-0.003105885243725263,73505118.13207437,0.20096831892788639,54897.37562212056,0.00015110719051602973,806298.8087602127,9438.716865773466,0.006558299
2024-07-01,827829.2778523135,0.014945219341480112,73638270.15124908,0.1632289982890401,54996.99964134987,0.0001221275423768868,819450.1656127525,8379.11223956095,0.009040117
2024-07-02,822288.1350878445,-0.006548555739623595,73797500.24663843,0.19234653768522336,55117.05623691067,0.00014502579067059994,811492.9833686639,10795.151719180569,-0.0070037246
2024-07-03,819425.2276302093,-0.003317202395145092,73978357.53217238,0.21994393183677505,55252.26752333304,0.00016443297750845298,810491.9981098707,8933.229520338547,-0.007852197
2024-07-04,794836.5883302008,-0.029873811495000683,74123004.54824646,0.17652253213194052,55361.55203886868,0.0001333672821517753,782815.6294050425,12020.958925158231,-0.02162677
2024-07-05,805268.6774784029,0.013273591923881478,74274271.92020252,0.1903125424483151,55479.79941033184,0.00014876941147309077,774178.5959401993,31090.081538203485,0.010273218
2024-07-08,777972.294518948,-0.03373690821010009,74452700.42239797,0.22157635977370185,55608.90691322917,0.0001603284798082698,765866.8154806582,12105.479038289715,-0.024284959
2024-07-09,783930.4522551738,0.007815419795819222,74617152.75608495,0.21138584862930784,55730.92924818559,0.0001568466329920783,777214.6567871578,6715.795468016086,0.02196443
2024-07-10,782634.6814083969,-0.0015012927664601883,74773556.48564126,0.19951225150952154,55849.79097758393,0.00015162279900774988,769802.0187453277,12832.662663069226,-0.004039943
2024-07-11,807956.0022031927,0.032502288080745706,74922786.56858948,0.19067655253875856,55965.88805990652,0.00014834134632734505,778541.3561767269,29414.64602646579,0.02426076
2024-07-12,807028.1156198204,-0.000981026238002747,75109749.61461534,0.2314025089435972,56101.14860596564,0.0001674107818869798,797595.683980442,9432.431639378381,-0.003181696
2024-07-15,793830.3259080448,-0.016201047385765478,75273979.58469155,0.20349968842174102,56224.237574939514,0.0001525212896447111,784855.0175707934,8975.308337251481,-0.01033622
2024-07-16,797030.3111961557,0.00419878433488344,75452280.6329639,0.22460851198697518,56357.37462380672,0.00016771474271269645,790543.0892559909,6487.221940164774,0.0018892288
2024-07-17,799039.9732765458,0.00267172013407008,75608434.98277433,0.19592021484864897,56477.1544733036,0.00015028267785339254,782016.1826297389,17023.790646806792,-0.008497477
2024-07-18,805679.1459555281,0.00847939033991855,75790980.63425156,0.22845621944129443,56613.353624931144,0.00017045348941561225,791631.9023818861,14047.243573642034,0.00350523
2024-07-19,821429.8615006972,0.019707752766105847,75961591.00579096,0.211759696643329,56740.76349706092,0.00015813971699450013,809701.6538982785,11728.207602418755,0.0018680096
2024-07-22,830542.9753005992,0.011254720842386217,76136304.48895666,0.21269434111697189,56872.613479949214,0.0001605127705576849,815687.1356250062,14855.839675593066,0.0011303425
2024-07-23,802460.4616383032,-0.03365667853302796,76309893.22493021,0.20900632614552514,57001.809214688365,0.0001555557491680558,791717.0866615153,10743.374976787985,-0.027330399
2024-07-24,789157.6642768806,-0.016448846446178368,76448093.6731206,0.17222088164722912,57105.057663493186,0.0001286648423699645,780125.08710083,9032.577176050541,-0.0136188865
2024-07-25,794644.9454369419,0.007072393220509927,76571699.82845637,0.15663049467945245,57199.00981817708,0.00011905371884081633,780716.1676873234,13928.777749618555,0.00033688545
2024-07-26,808891.0862744163,0.018067208166472983,76722441.63894252,0.18969706074612502,57309.8846283475,0.00013952748432754863,803799.3741117349,5091.712162681408,0.015004635
2024-07-29,798847.9470808577,-0.012268259503415863,76878952.0763702,0.1934876525200991,57429.33806549161,0.0001476755513455946,785593.2520619205,13254.695018937226,-0.003494203
2024-07-30,802038.4737811653,0.004164854044822358,77060389.98096275,0.22712445497990869,57565.89646878174,0.0001709441750324851,787000.4377825697,15038.035998595624,0.0035939217
2024-07-31,843304.920680135,0.05159048141636431,77211580.05860116,0.18850726315612448,57677.00054662844,0.000138527117437279,837531.9102878452,5773.010392289849,0.03967893
2024-08-01,838692.2423572597,-0.005338267457344168,77356126.66651893,0.17140491460810198,57787.89165481876,0.00013149586284980493,823105.5140652203,15586.728292039455,-0.0022069216
2024-08-02,823477.4345439624,-0.017977575893317492,77540768.5416807,0.22015450464023092,57925.046030001875,0.00016353361609452958,813335.9853798486,10141.449164113787,-0.014021277
2024-08-05,805773.8499663494,-0.02134799577800701,77705093.32288842,0.1995498289503557,58049.03781168625,0.00015057095250344,792763.6094695098,13010.240496839651,-0.027258456
2024-08-06,821805.4977072562,0.020027172733496818,77845837.15897503,0.17466915325248347,58154.762148190275,0.0001312084482618069,808919.1437971079,12886.35391014838,0.015211225
2024-08-07,817552.584794481,-0.005054579582955711,77979376.78066337,0.16249541048447166,58253.7937710936,0.00012050494086449152,809257.6359589348,8294.948835546209,-0.0013768077
2024-08-08,818392.0934146818,0.001175932069942394,78134317.4627739,0.18951769585497988,58375.671454216936,0.00014907626174770342,787530.3361006044,30861.75731407743,-0.0008264184
2024-08-09,811309.8950072407,-0.008502687646770566,78299579.5272531,0.20193506976546904,58499.33751876636,0.00015110857686007076,781693.7389976854,29616.156009555358,-0.007751882
2024-08-12,804254.4281591232,-0.008576346047257197,78435115.96383847,0.16705877423590046,58596.729955737894,0.00012004344772679276,791775.2264565275,12479.201702595701,-0.0060922503
2024-08-13,808728.2834122317,0.005699521365794554,78583408.50845195,0.18438511423917286,58706.73999945715,0.00013678512653149343,801196.5507167801,7531.732695451599,0.005025625
2024-08-14,796721.9723863236,-0.014707923071214275,78730304.1570925,0.18163782775192783,58818.33764742297,0.00013799152354974055,783598.1913971378,13123.780989185818,-0.010284007
2024-08-15,801759.683649629,0.0064727048033592334,78890237.03206827,0.20073862717347105,58937.57252172438,0.0001496568168495197,791614.2652563985,10145.418393230568,0.009156346
2024-08-16,795407.6205837111,-0.007772475078046171,79048283.43815546,0.19712441185338597,59057.97842789339,0.00015017705258128642,777898.2016821982,17509.418901512872,-0.007715583
2024-08-19,787007.7585767547,-0.010403694125155046,79217211.85602817,0.21237968244350444,59182.66284547944,0.00015675537216321045,777670.6073667045,9337.151210050168,0.0017098188
2024-08-20,766607.1013770156,-0.025763831886607386,79379426.4705009,0.2061156484226853,59306.98445979137,0.00015796745706389787,746891.6565726451,19715.444804370527,-0.018078327
2024-08-21,766519.5125477009,5.2637999062282946e-05,79553404.96514218,0.22694610358913436,59434.92595298948,0.0001668931750935958,757101.5203679526,9417.992179748278,-0.0067783
2024-08-22,756219.0555931013,-0.013312649140259336,79681472.5899904,0.1670767968092162,59530.97757787891,0.000125308779903313,746893.4900252621,9325.565567839178,-0.01240474
2024-08-23,751253.7637735279,-0.006434298218413769,79814033.48773128,0.17529431024044143,59630.53047531906,0.00013164558166557536,741498.8545651501,9754.909208377787,0.0007791519
2024-08-26,759108.7623675364,0.010600213590371886,79959266.75051846,0.1933211782629551,59738.98223788074,0.0001443610239194393,751355.043036522,7753.719331014434,0.0039041042
2024-08-27,744968.6620094922,-0.018490372003964476,80096686.70013705,0.18102801130894924,59842.87918828018,0.00013686701504459948,733990.8868869785,10977.77512251364,-0.011790693
2024-08-28,751768.5702452947,0.009274002100494212,80239184.9004812,0.19128079825501387,59951.81188875603,0.00014622454075049026,735685.5266207354,16083.043624559334,0.0024373531
2024-08-29,770926.2181571927,0.0256457622453494,80404689.50396483,0.22015366169089734,60073.841992895126,0.00016232403025213225,763358.5985312022,7567.619625990508,0.016085267
2024-08-30,790060.6656322728,0.02498184545811568,80569892.6695943,0.21429179827918526,60198.55415942754,0.00016176926351074854,779378.588931612,10682.076700660884,0.019121766
2024-09-02,759500.2903979847,-0.03854551967319476,80708454.4749018,0.17538122239841397,60305.630463569585,0.00013552921794474071,739977.4899365298,19522.800461454863,-0.02091235
2024-09-03,770142.0248322044,0.014142411524941011,80844918.20094831,0.17967567329699022,60405.06168947031,0.00013091663974035432,762384.9301332614,7757.094698943081,0.008800864
2024-09-04,773847.5309900066,0.0049496263533899,80981116.80518031,0.17684868484053023,60511.470793630666,0.00013816815694941113,749156.2414497891,24691.28954021747,-0.0047305226
2024-09-05,778752.1014651803,0.006506134974364815,81160076.31646393,0.2312593942823244,60641.65680465696,0.0001682321204278346,770325.4876816707,8426.613783509536,0.007912993
2024-09-06,757554.5780129269,-0.02705924662376138,81326164.59661788,0.2132749046088722,60766.73508459163,0.00016061373022216267,747204.7632323953,10349.81478053158,-0.017125368
2024-09-09,752446.560978753,-0.006595503447210777,81475363.30049393,0.19694779519041122,60878.29828803089,0.00014726754570197883,743551.607272779,8894.953705974072,-0.0072534084
2024-09-10,757119.1677861789,0.006377021036235062,81642612.04043645,0.22227324652128153,61004.05902860928,0.00016713577694447954,747053.2323348465,10065.9354513324,0.0026923418
2024-09-11,759881.8273456792,0.0038020334261268467,81798044.86433882,0.20529505857955635,61119.99185259338,0.00015312361503552142,752499.0004889771,7382.826856702137,-0.00034976006
2024-09-12,756203.5718843535,-0.004696348420795865,81944487.50573461,0.19271765177926,61229.57749407266,0.00014421405741741464,749915.6889394103,6287.8829449432305,-0.0038498044
2024-09-13,739246.0397247177,-0.02227198527981818,82097431.84419064,0.20225286436418008,61344.95483215421,0.0001525744420831591,730397.1971597952,8848.842564922557,-0.012430787
2024-09-18,732739.3007011621,-0.00866203594779237,82236246.09631714,0.18777814782503535,61448.31808535121,0.00013982253220523223,726983.5649809259,5755.735720236167,-0.0031858683
2024-09-19,747446.5930995657,0.0202266327825943,82386541.95888816,0.20511505582844683,61561.874447604925,0.00015497512163610298,738466.5524397996,8980.040659766086,0.018899202
2024-09-20,742220.1787726035,-0.006874140295481052,82501128.04166724,0.153303371554489,61650.23603022137,0.00011821792143037503,723640.4175669167,18579.761205686867,-0.0042188764
2024-09-23,748075.1948659497,0.007991989270019565,82603287.65269199,0.1376405734396656,61727.03564161785,0.00010347281520084587,735952.6215889658,12122.573276983927,0.0012927055
2024-09-24,785685.5072542862,0.050412548725084716,82731287.47635674,0.17110555802841637,61829.10046448826,0.00013643658227259516,749405.1783128934,36280.328941392865,0.03880632
2024-09-25,794061.1447864391,0.010833141042497088,82913969.35952413,0.2325127312145536,61964.90484746688,0.00017284827290910617,762744.737815648,31316.40697079117,0.009412885
2024-09-26,828214.5330423831,0.04315769954836492,83074152.91397937,0.20172697720692098,62081.36890124671,0.00014666887373156716,811709.0383717556,16505.49467062758,0.040089488
2024-09-27,886066.955341545,0.06995406650822208,83189872.14112665,0.13972131921205896,62165.92112960778,0.00010208976658556531,878594.7808967789,7472.174444766179,0.053816795
2024-09-30,1011113.3104951488,0.14113646197921834,83194031.14122444,0.004693776325507122,62175.92112960778,1.128582884139425e-05,1007810.1361481777,3303.174346971093,0.1114372
2024-10-08,1132817.5341768218,0.12036655280709707,83194031.14122444,0.0,62175.92112960778,0.0,1129514.3598298507,3303.174346971093,0.08638549
2024-10-09,1033570.6668507041,-0.08760622459664984,83196831.14140698,0.0024717133148666214,62180.92112960778,4.413773488802257e-06,1033072.4926862722,498.17416443186494,-0.07652539
2024-10-10,1012394.4192288921,-0.020408049904418208,83279917.01438704,0.08038722038544431,62264.007002587845,8.038722038545332e-05,928893.4579573754,83500.96127151657,-0.012719631
2024-10-11,956643.6569819569,-0.05489793961624302,83532674.06631431,0.24966262864209124,62436.40155487387,0.00017028398123463624,942008.0369005008,14635.620081456109,-0.042049468
2024-10-14,984908.6075667939,0.029717115028917496,83744020.078975,0.2209244906587859,62600.14056625397,0.00017115987775079074,949518.7189584088,35389.888608385096,0.0367378
2024-10-15,959287.2982729867,-0.025863562058213038,83948381.97896394,0.20749326223659295,62748.204966589255,0.00015033313669689398,944873.5726905342,14413.725582452535,-0.019334853
2024-10-16,955221.6382424001,-0.004103065213953528,84122418.16524166,0.18142238158582547,62877.84665344443,0.00013514375421062088,944479.3657592064,10742.2724831938,0.0030995607
2024-10-17,951814.6262628806,-0.0034304998443046475,84296987.96278498,0.18275318580986508,63007.97095169695,0.00013622419451463585,944414.6776978695,7399.948565011091,-0.0033741593
2024-10-18,1001077.5421938732,0.05186183284387896,84412565.0774431,0.12142817673637658,63107.90606630902,0.00010499430441034957,940768.4142696146,60309.12792425864,0.044285774
2024-10-21,1020213.1978678006,0.019345351080055858,84733021.41551979,0.320111404531573,63338.446904481534,0.0002302926880841626,999340.2723218472,20872.925545953494,0.01933062
2024-10-22,1033326.8436748186,0.012996877752911858,84931845.82246503,0.19488515475076923,63484.38731205858,0.00014304893122540696,1025311.4490640156,8015.394610803032,0.004818678
2024-10-23,1043286.7952955053,0.009763690949602742,85102300.65400605,0.16495732457198967,63613.51964294129,0.00012496755665756168,1030235.7041078986,13051.091187606664,0.0025081635
2024-10-24,1032612.7457478358,-0.010096060499253063,85291704.09887053,0.18154494595211876,63754.4825872355,0.00013511428010960552,1024061.1749212102,8551.570826625677,-0.007105887
2024-10-25,1066948.8246922102,0.03329965106225587,85329282.4952964,0.036391567488021005,63804.04775870203,4.79997672608943e-05,1059100.421976226,7848.40271598425,0.019325733
2024-10-28,1088345.3352918625,0.020173955125177816,85488872.10602416,0.1495756938237362,63932.114869251585,0.00012003116511844046,1047125.389671492,41219.94562037043,0.017938375
2024-10-29,1062265.2264325432,-0.02378227614094547,85722838.16563284,0.21497410061112646,64128.89442794987,0.00018080617641964936,936022.0044037902,126243.22202875293,-0.016153991
2024-10-30,1060274.6926095097,-0.0017003704299442773,85963711.61028445,0.22675452293636747,64313.18387119947,0.0001734872220834258,919678.320980438,140596.37162907174,0.0059343576
2024-10-31,1079958.7377409877,0.018776151862732234,86298804.62560193,0.31604358535877713,64537.01738436937,0.0002111089840492257,1049531.1928979272,30427.544843060423,0.01616621
2024-11-01,1052157.0353469562,-0.02560498422084015,86493116.12174393,0.17992492615824618,64686.39333938439,0.0001383163539446693,1012557.3708719602,39599.66447499601,-0.030479014
2024-11-04,1075219.578200585,0.022069754547490647,86713044.28420384,0.20902598668400013,64844.698001278404,0.00015045725740151642,1062344.058191197,12875.520009387888,0.020720959
2024-11-05,1128441.4271961588,0.049568849285980106,86809403.05043256,0.08961775639351739,64920.24622686448,7.026306730064332e-05,1103352.6924857246,25088.734710434153,0.035259485
2024-11-06,1127675.9321720435,-0.0005304457017375474,86996077.16970068,0.16542650311230506,65087.16434626101,0.0001479191700815777,995103.9957992458,132571.9363727977,0.0042527914
2024-11-07,1147584.0921603136,0.017814755615560635,87256541.32721853,0.2309742986322003,65268.27550318535,0.0001606056773558175,1072141.111800719,75442.98035959467,0.017595172
2024-11-08,1161666.6150189617,0.012412750241815814,87477100.68507463,0.192194506148037,65430.42736200417,0.00014129845466363182,1099456.4248111707,62210.190207790976,0.0029982328
2024-11-11,1212362.5643019448,0.04375335177840125,87641398.65751138,0.14143298112606437,65561.28613517033,0.00011264744245406844,1124849.258608537,87513.30569340775,0.024270177
2024-11-12,1203221.978357614,-0.007356471260357793,87942100.7388659,0.24802983052157526,65783.16171808018,0.0001830109155816796,1130534.4606712246,72687.51768638933,-0.013229966
2024-11-13,1195723.5322467233,-0.006039892145722441,88248890.374099,0.25497343029909497,66014.27685232813,0.00019208021329814165,1119175.4984022304,76548.03384449297,-0.0027079582
2024-11-14,1161679.1843188426,-0.028309196853563773,88511246.94607225,0.2194124016948051,66208.65192339773,0.0001625585395182279,1094894.9571867452,66784.22713209738,-0.031230748
2024-11-15,1144437.101873285,-0.014656160237578278,88817332.62249994,0.26348554795459067,66424.97809891924,0.00018621851750606202,1130821.528113851,13615.573759433708,-0.023385704
2024-11-18,1130170.4163286912,-0.012322463474793167,89031701.27997996,0.18731362093130724,66589.37925648126,0.00014365241854962793,1112792.585478146,17377.83085054513,-0.024642885
2024-11-19,1163411.119584081,0.029581165717267644,89287638.90003815,0.22645931654236348,66780.43437526382,0.00016904983179722252,1149816.7288966014,13594.390687479623,0.0260638
2024-11-20,1187967.9306995682,0.021245528360307468,89492510.22420858,0.17609538083465023,66940.90719559723,0.00013793302954743792,1156116.691158817,31851.23954075136,0.019659758
2024-11-21,1187824.684949361,3.884493363457037e-05,89751215.01080821,0.21777085047008846,67130.29948123248,0.00015942541944184872,1174708.0549522296,13116.629997131498,0.0018173456
2024-11-22,1140085.1102387183,-0.04004489619259701,89980485.0164155,0.193016703990342,67303.55798807375,0.00014586201906442104,1121917.728205206,18167.38203351227,-0.036995232
2024-11-25,1160763.8899372597,0.01831238577339172,90247103.17152664,0.23385811525536707,67502.4566427236,0.00017445947926484398,1147055.2532924863,13708.636644773323,0.003588438
2024-11-26,1148186.0438889652,-0.010708966809119381,90442831.24893348,0.16862006055117532,67649.72072045575,0.00012686824513477075,1132752.592613754,15433.451275211155,-0.011658728
2024-11-27,1168556.936026944,0.01789524243229072,90679652.72269678,0.2062570565316884,67825.89619524265,0.00015343809108686143,1159062.182368802,9494.753658142221,0.02291882
2024-11-28,1164385.0488874475,-0.003444785410073424,90874160.47842477,0.16645124403549524,67972.35545067355,0.00012533343555245357,1152722.9999451707,11662.048942276651,-0.005323112
2024-11-29,1186576.8350812343,0.019226800302709523,91134502.59343307,0.22358764848195842,68167.96806730628,0.00016799650323545058,1173686.2772494345,12890.557831799775,0.01693046
2024-12-02,1213745.3861875397,0.023062731713277048,91398421.69348586,0.2224205734091553,68365.12016566885,0.00016615198656652491,1204200.8871622346,9544.499025304944,0.020112634
2024-12-03,1213736.269217791,0.00013749551134464085,91631598.20588562,0.19211320187357156,68541.12167793354,0.00014500694648778074,1199891.2598453793,13845.00937241166,-0.0016360879
2024-12-04,1190613.5934092938,-0.018879314290973868,91908929.52090901,0.22849388459168515,68749.28899351403,0.00017150951228856785,1176301.4341007157,14312.159308578197,-0.015601456
2024-12-05,1207098.9006390397,0.014015267415707744,92167150.19064163,0.21688033058081135,68950.74966417611,0.00016920743369408842,1161807.528550561,45291.372088478594,0.012999415
2024-12-06,1219081.7179577285,0.010074600171597049,92401784.66251345,0.19437882989339753,69128.97113699994,0.00014764446619036902,1164986.0916622921,54095.626295436305,0.0101851225
2024-12-09,1215587.8982901908,-0.0027086129257290195,92669201.83257425,0.21935951144340857,69320.7703057574,0.00015733085480009194,1196738.9063160403,18848.991974150413,-0.0072996616
2024-12-10,1229329.331024593,0.011461939242015887,92925467.23223561,0.21081601751861576,69512.33220488722,0.000157587862958549,1213220.503414282,16108.827610310804,0.009320617
2024-12-11,1240813.4032979773,0.00949903520688174,93184354.05423482,0.21059191826443785,69705.7025277579,0.00015729741249198605,1228077.12052548,12736.282772497321,0.013415575
2024-12-12,1245016.452597489,0.0035343437855494338,93426283.39632994,0.19497640938765973,69888.11436921872,0.00014700988962239488,1228603.2421084547,16413.210489034358,0.006635189
2024-12-13,1214173.0056904147,-0.024624289407936695,93676214.85622278,0.20074550771711083,70073.91582988987,0.00014923614887458878,1204534.133655993,9638.872034421747,-0.020825386
2024-12-16,1203424.5311253585,-0.008708972738511372,93904316.31463411,0.18786569734486125,70248.19078855179,0.00014353387684057394,1181164.4746359307,22260.05648942792,-0.012190461
2024-12-17,1182091.0574820233,-0.017604196534889743,94104788.99862537,0.16658517323374264,70396.34247104872,0.0001231084115913678,1168790.474660967,13300.58282105625,-0.021279097
2024-12-18,1184729.7328888774,0.0023896683250255943,94352686.1494561,0.2097107065159409,70582.47262155538,0.00015745838641495382,1170786.1306838593,13943.60220501793,0.008452296
2024-12-19,1179527.46422424,-0.004258303021951482,94562937.61320907,0.1774678712927101,70739.80308443625,0.00013279861095174023,1167173.732217547,12353.73200669292,0.0018270016
2024-12-20,1193993.592087868,0.012428402542353936,94819512.38503733,0.21752335542013845,70933.31735594923,0.0001640608441790278,1177500.6037856573,16492.98830221052,0.010400772
2024-12-23,1148346.7174485533,-0.03810953294851473,95012921.38727063,0.16198495830709897,71077.65385727577,0.00012088549074551564,1134879.0670413848,13467.650407168523,-0.02796191
2024-12-24,1160481.652966256,0.01071889738440079,95245832.49620298,0.2028229848994023,71251.72896561759,0.0001515875873521737,1149620.9710973059,10860.68186895025,0.011150956
2024-12-25,1144204.0630500952,-0.013881779227415892,95470537.80852762,0.19363107701899793,71419.76877783415,0.00014480178276584136,1135468.1091010629,8735.953949032326,-0.0113021135
2024-12-26,1151967.3339108364,0.006951756521320506,95723823.5054031,0.22136409496772913,71610.72597412292,0.0001668908566709143,1139450.6426294232,12516.691281413277,0.010789752
2024-12-27,1152135.5729526435,0.0002503354510503053,95879932.72501202,0.13551531802463496,71730.86519444558,0.00010429047489983412,1128999.797993555,23135.77495908853,0.0018050671
2024-12-30,1141462.3074521793,-0.009143787726748374,96068608.11387557,0.1637614472574781,71869.24758339523,0.00012010946645368802,1130961.5256740674,10500.78177811177,-0.0041545033
2024-12-31,1110073.4901774009,-0.027386681852851133,96231063.8278557,0.1423224515777051,71997.19979695944,0.00011209499668000573,1075258.948296564,34814.54188083683,-0.030623496
2025-01-02,1079421.3582737593,-0.027472107487095877,96444713.98814431,0.1924648792887205,72153.27345987184,0.00014059759492811435,1061418.7192720964,18002.639001662865,-0.026961625
2025-01-03,1050430.9096191963,-0.026748541652313162,96603997.48067753,0.14756377693688816,72270.77495225267,0.0001088560009306705,1040390.2801862854,10040.629432910879,-0.029649377
2025-01-06,1045369.6138262878,-0.004701255051665127,96768070.15238622,0.1561955862172487,72393.72712488876,0.00011704927140867965,1035861.261147731,9508.352678556803,-0.003054142
2025-01-07,1058329.4557277125,0.012539329118540811,96965303.38898055,0.18867320609446095,72542.1188617538,0.00014195145420565317,1047102.2571088984,11227.198618814124,0.014980316
2025-01-08,1047566.6037702451,-0.010034012241448734,97155710.63191101,0.17991301470441645,72685.68010496354,0.0001356489157821154,1033459.7223470095,14106.88142323558,-0.005316198
2025-01-09,1055148.6384618871,0.007400281732332255,97383052.44204313,0.2170189554667946,72855.93341460379,0.00016252265872880765,1042224.2021836119,12924.436278275178,0.001942873
2025-01-10,1027513.9413334549,-0.026050377810344135,97581803.89373788,0.18836346316522856,73003.60986503364,0.0001399579595203944,1020285.7348705046,7228.206462950286,-0.022539198
2025-01-13,1046742.4832428835,0.018831730333042678,97736843.94066548,0.15088850933389583,73124.93341223855,0.0001180748429042873,1019461.5522902495,27280.930952634,0.0026240349
2025-01-14,1096733.550845588,0.04791988142202256,97967413.5154145,0.2202734468507494,73293.64148592633,0.0001611743828005467,1086497.75746263,10235.793382958145,0.045252442
2025-01-15,1082679.0836371665,-0.01268616865786951,98156180.92583337,0.17211784053959803,73434.76189557665,0.0001286733769943629,1074405.0033191557,8274.080318010918,-0.006105602
2025-01-16,1092386.8730024938,0.009118140182022299,98375514.71693088,0.2025843062938595,73598.99218699656,0.00015168880040444902,1085357.2305887896,7029.642413704267,0.0044566393
2025-01-17,1093406.6052365026,0.0010919617035420387,98596939.11350586,0.2026977823034208,73772.10458375848,0.0001584716926212325,1058373.6778968847,35032.92733961789,0.006939769
2025-01-20,1099041.2992268354,0.0053207582345436745,98848699.31984615,0.23025305054366543,73955.16279194228,0.00016742006798486242,1087239.2163810227,11802.082845812547,0.0064332485
2025-01-21,1090168.2787919866,-0.007926979197105328,99063286.24036938,0.19524918733644134,74116.10571106027,0.00014643937332584037,1078516.2239629535,11652.054829033059,0.004910469
2025-01-22,1074252.3246033846,-0.014448721267834688,99282411.83344921,0.20100162272438143,74280.5223043618,0.00015081762742511797,1062475.0924010002,11777.232202384424,-0.008848906
2025-01-23,1071803.1144361605,-0.002141994088915597,99481141.37209618,0.18499335220925628,74428.69034228157,0.00013792666259713986,1063690.5145335,8112.599902660619,-0.0045613647
2025-01-24,1096372.0029464143,0.023061576432165398,99663817.30429447,0.17043795613001714,74577.27127583025,0.0001386270776296896,1042112.0463774513,54259.956568963054,0.018716693
2025-01-27,1074327.1357389241,-0.019943886339624545,99914239.39776154,0.22840978499458378,74756.2198706106,0.000163218865767675,1055718.029044582,18609.106694342012,-0.015503228
2025-02-05,1092321.2831505786,0.016881882305424343,100097757.2489442,0.1708212006172874,74898.73672202429,0.00013265684787498744,1054340.8412009396,37980.44194963902,0.006050229
2025-02-06,1121842.929459206,0.027179665020409575,100312324.51133417,0.1964323736063232,75066.01698409353,0.0001531419964525019,1058610.5066646812,63232.422794524784,0.027270555
2025-02-07,1137998.6401914298,0.014558720884021705,100556165.8640476,0.2173578371002273,75242.90433757966,0.00015767568599946887,1098917.7489462197,39080.89124521011,0.015263557
2025-02-10,1153381.1588015184,0.01367244316657068,100799589.48385197,0.2139050181671743,75419.60745914308,0.000155275336298904,1137935.3438373033,15445.814964214944,0.012471318
2025-02-11,1140594.5662189038,-0.010933467031936617,101031483.6907043,0.20105600397815904,75595.74516674445,0.00015271422309724508,1116456.6791137753,24137.8871051284,-0.003281474
2025-02-12,1154811.3971274947,0.012613145589485933,101251558.60445619,0.1929475383013953,75765.39958044911,0.0001487420848120175,1112450.2508730728,42361.146254422,0.015256405
2025-02-13,1145464.8885209132,-0.007927735469702223,101516712.93806021,0.22960834493283844,75956.86891320658,0.00016580138820393488,1132880.8813814484,12584.007139464855,-0.011474013
2025-02-14,1152798.4278256656,0.006559348436204918,101756717.9588428,0.20952630079521467,76136.8329337015,0.0001571100278135142,1140553.3650748162,12245.062750849309,0.005847931
2025-02-17,1149874.0237013754,-0.0023950369157135607,101974022.79279684,0.18850202143656863,76300.2422669727,0.0001417501354329611,1136069.5390610732,13804.484640302195,0.0052393675
2025-02-18,1133939.206789585,-0.013705978216085287,102207728.38444777,0.2032445179504523,76474.9108586696,0.00015190237199606637,1122751.7989061787,11187.407883406282,-0.02219671
2025-02-19,1155877.8065944794,0.019499723359395503,102436825.41896038,0.20203643470555183,76647.81189254457,0.0001524782217950624,1140550.2677828793,15327.538811600025,0.023833752
2025-02-20,1173321.2756488724,0.015245430357282992,102676951.46585831,0.20774345309510484,76826.19744011672,0.0001543290705595612,1165008.0727901838,8313.202858688426,0.007295847
2025-02-21,1186783.1318033596,0.011638448618185257,102935502.68845432,0.22035842012071255,77019.98066489247,0.0001651578547133909,1179184.4808544985,7598.650948861225,0.018126369
2025-02-24,1193570.2615224256,0.005855753092564757,103151278.46389839,0.18181567437362917,77182.35994008771,0.00013682303939431734,1183944.215399965,9626.046122460564,0.0022933483
2025-02-25,1195904.9170739423,0.002102382547567056,103380584.1985658,0.1921174999575818,77357.04567569082,0.00014635563672665147,1175627.8182768952,20277.098797047114,-0.0044229627
2025-02-26,1218517.154351343,0.019077011374274467,103653451.62718266,0.2281681634728116,77559.1001038605,0.00016895526164743203,1208826.6831542663,9690.471197076637,0.013826609
2025-02-27,1225692.2932382668,0.006045980157053569,103909357.27656497,0.21001398992904222,77751.0917531742,0.00015756171230589067,1215944.1645826322,9748.128655634653,-0.0038134456
2025-02-28,1206777.7208230116,-0.015272580025211601,104168616.55642763,0.21152069021964456,77946.18053366289,0.00015916619657717297,1194647.3985810576,12130.322241954113,-0.035250187
2025-03-03,1206597.8982016272,-3.218818341351621e-05,104355106.69512255,0.15453561619263445,78087.1591724301,0.00011682237443947872,1190164.4156142802,16433.48258734705,0.0005182028
2025-03-04,1219548.4268018838,0.010886804015833182,104603810.43553622,0.20611981902533233,78272.62541581079,0.00015371006667351503,1207546.6581760857,12001.768625798206,0.013382912
2025-03-05,1222486.540544692,0.00258664276772754,104892671.81008656,0.23685929004709233,78489.04779108327,0.000177461075358869,1211595.8168552625,10890.72368942952,0.0063875914
2025-03-06,1243957.5913420871,0.01774386641805128,105186895.38567786,0.24067633125858506,78709.63486697874,0.0001804413125049089,1233609.8779205785,10347.713421508724,0.021369934
2025-03-07,1241934.5451069402,-0.0014709224069571856,105445381.0262382,0.20779296847368212,78902.9160077161,0.00015537598876569288,1234112.4715577455,7822.0735491947125,-0.004163742
2025-03-10,1248973.9539301905,0.0057829532904082655,105635951.16658981,0.15344620302449097,79045.55664856365,0.0001148535898365421,1242442.378686563,6531.575243627431,0.0020297766
2025-03-11,1253883.2044684745,0.004071778789040182,105870568.28061981,0.18784788369022876,79221.85176395629,0.00014115195504108512,1246198.8048596454,7684.399608829142,0.0047171116
2025-03-12,1257066.173147448,0.00268478275555144,106114533.10788652,0.19456742573573713,79405.28708981522,0.00014629378972875248,1247718.3872289686,9347.785918479593,0.0023261309
2025-03-13,1254754.8129394886,-0.0016886349391347286,106362956.4551348,0.19762153540912455,79593.9214369936,0.0001500592022980565,1236328.314399504,18426.498539984404,-0.015245974
2025-03-14,1276546.406453036,0.017528022854911167,106634251.97974133,0.21621397408389476,79795.6989619593,0.00016081032157429923,1265098.159394809,11448.247058226912,0.01613152
2025-03-17,1285392.3773494605,0.00709677720930169,106918673.52662152,0.22280548943807585,80009.09350946668,0.0001671655228737945,1273843.975449731,11548.401899729433,0.002800107
2025-03-18,1293758.2653283405,0.00665632075752544,107169824.01019864,0.1953881849641908,80199.1894935029,0.00014788945958136624,1275467.4739990945,18290.791329246033,0.0033932924
2025-03-19,1292780.2842470193,-0.0006058447471809977,107428237.94223578,0.19973896125916732,80393.35392565286,0.00015007782933907355,1273267.7248616018,19512.55938541756,-0.00714612
2025-03-20,1293439.6665727154,0.0006731108513004255,107712180.55280007,0.2196371758018216,80604.15603763072,0.00016306105109008425,1282757.293080796,10682.373491919447,-0.0045120716
2025-03-21,1278669.8821654008,-0.011273025658685768,107964821.91105227,0.1953251974416654,80792.96189570914,0.00014597190959723274,1270876.9569743883,7792.9251910124,-0.01980853
2025-03-24,1272556.7435111124,-0.004663741809192466,108156001.37544133,0.14951432504635015,80942.71436038753,0.00011711581446243435,1239442.1052383047,33114.63827280766,-0.007067263
2025-03-25,1276008.9917864355,0.0028807762250839942,108447352.81347649,0.22894966336140918,81156.41729684158,0.00016793195080984946,1262350.6247392367,13658.367047198797,-0.007795155
2025-03-26,1279805.2791634,0.00312281054857255,108696964.77515967,0.19561928112569385,81344.86425950122,0.00014768466670114213,1261383.3934898688,18421.885673531113,0.0038268566
2025-03-27,1284107.999478077,0.0035213958973358333,108971537.02141684,0.21454220476153768,81548.84500425885,0.00015938420326799414,1273683.8542903685,10424.145187708611,-0.0009692311
2025-03-28,1274654.1065092697,-0.007221413671839019,109213217.92622358,0.18820917314195054,81729.66290951738,0.00014081206980411765,1266181.872612823,8472.233896446603,-0.009551644
2025-03-31,1268824.1024664147,-0.004425004290069963,109465128.57884392,0.19763059745692144,81919.31706271357,0.00014878872019293617,1257656.867799372,11167.234667042645,-0.006647706
2025-04-01,1279474.9508785957,0.008518979603783358,109677580.3161655,0.1674398657060575,82077.55530023266,0.0001247125091740462,1272868.2163374457,6606.734541150148,0.0052725077
2025-04-02,1283701.5906599208,0.0034257100204645253,109885876.69622113,0.1627983259168828,82234.0256790657,0.00012229264725002338,1276258.9513323312,7442.639327589593,0.00283885
2025-04-03,1280738.231461917,-0.002173195893574763,110114397.87027298,0.17801736456085068,82407.64985167194,0.0001352527517839932,1264536.0480374126,16202.183424504434,-0.011786997
2025-04-07,1142234.9275378676,-0.10814333524341886,110114397.87027298,0.0,82407.64985167194,0.0,1126032.744113363,16202.183424504434,-0.11394334
2025-04-08,1171717.2921476108,0.0259431584883391,110316127.01690641,0.1766091561114021,82558.46699796013,0.0001320368889553042,1157584.7806170392,14132.51153057154,0.006109476
2025-04-09,1194832.0395892286,0.0199121179805045,110603637.536558,0.24537533206889955,82775.09251738284,0.00018487865705699792,1176945.6348420095,17886.40474721914,0.022117376
2025-04-10,1226060.2424341831,0.02629061835988103,110851943.84975465,0.20781691900562813,82959.76282942695,0.00015455754945071333,1214596.1994125252,11464.043021658079,0.023399234
2025-04-11,1248862.8046300423,0.018713961266221525,111040961.53935398,0.15416672285536734,83101.64452053528,0.0001157216311220068,1237066.947664112,11795.856965930303,0.013414979
2025-04-14,1265728.955482885,0.013649773040763655,111281743.02897128,0.19280059324741525,83282.1875099442,0.0001445659112750986,1254286.1527225727,11442.802760312268,0.013022423
2025-04-15,1262390.8996338989,-0.0024925629803339857,111526157.24037379,0.1931015406922249,83465.3342213569,0.00014469662767794468,1251787.03214166,10603.867492238696,-0.004125595
2025-04-16,1240131.0944786961,-0.01748357937777208,111777192.3954908,0.1988569112703576,83654.02787703327,0.00014947323822683673,1228046.763287635,12084.331191060955,0.0
2025-04-17,1242036.0242621452,0.0016885165347349598,112028574.47177637,0.2027060505173788,83843.07995185046,0.0001524452339425202,1228078.6747338325,13957.349528312621,0.0
2025-04-18,1245195.8073403002,0.00269392655313793,112277837.71864851,0.20068922479138354,84029.25069940911,0.00014989158440009237,1234531.3789413979,10664.428398902273,-0.001347661
2025-04-21,1277419.3323931661,0.025992047070997382,112467465.70421344,0.15228768395066455,84170.91368354081,0.00011376763662117704,1269128.5871463108,8290.74524685532,0.020740151
2025-04-22,1267479.1410954164,-0.007630826573085649,112722170.61324497,0.19939021006856955,84363.33959469147,0.0001506364482445685,1253791.9042516253,13687.236843791048,-0.0005595088
2025-04-23,1293727.2417304092,0.020847136531434638,112954241.18207486,0.18309616411464374,84538.5496648603,0.00013823507187456146,1275586.640771201,18140.600959208106,0.0059285164
2025-04-24,1270432.2990270914,-0.017857454144010545,113212054.99015176,0.199279878911777,84730.81747412012,0.0001486154137116694,1256854.1530685606,13578.145958530626,-0.010710955
2025-04-25,1277431.865473974,0.005651888098877777,113450292.73543374,0.1875249436466816,84911.5922185386,0.000142293882607454,1255648.752431785,21783.113042189074,0.0032125711
2025-04-28,1263569.3174069317,-0.010712211537061905,113690566.93537751,0.18809159724116908,85090.01991844016,0.00013967688197237297,1249076.432289712,14492.885117219805,-0.01051271
2025-04-29,1270144.3565179876,0.005360385899340033,113955807.97602983,0.20991411946963182,85288.19995925108,0.00015684144754134042,1258852.6101547827,11291.74636320497,0.0044784546
2025-04-30,1285138.1398541103,0.011956621496768204,114201424.95541899,0.19337721584852194,85481.05194027012,0.00015183469503240088,1239482.2595633438,45655.880290766516,0.007917523
2025-05-06,1318231.6632550692,0.025896468462063053,114452996.36114779,0.19575436906522797,85668.0678474376,0.0001455220270629555,1279413.3873879658,38818.275867103264,0.025680184
2025-05-07,1317365.1634895343,-0.0004973027849943735,114743513.8477497,0.22038424254242087,85879.00733556798,0.00016001700915718243,1306552.3343947502,10812.829094784,0.0014042854
2025-05-08,1333803.6548134629,0.012616618813043093,114985887.62847298,0.18398374834906903,86061.21011696904,0.00013830848609844296,1321483.245065693,12320.409747769852,0.007623315
2025-05-09,1315258.549838153,-0.01373952881956179,115278396.34857813,0.21930418247807978,86280.48133733255,0.00016439542624747703,1303598.6901721773,11659.859665975717,-0.012341499
2025-05-12,1325803.5069068023,0.008139212363455663,115492934.4279913,0.16311475750495993,86440.69291866665,0.00012180995238831368,1317071.7717252637,8731.735181538585,0.014037967
2025-05-13,1329914.8696882038,0.003248526387262425,115753273.8232586,0.19636348366183157,86636.23781377697,0.00014749161100541803,1320217.2847625092,9697.58492569462,-0.0026671886
2025-05-14,1331076.4925539838,0.0010229852620808277,116017234.26875372,0.19847920458022528,86835.09825951012,0.0001495287031265208,1318017.321626925,13059.170927058847,0.0015217066
2025-05-15,1318448.601559883,-0.009331167886949952,116292518.04137245,0.20681288728232974,87042.49103121724,0.00015580830468216612,1301877.0544322992,16571.547127583694,-0.016773343
2025-05-16,1324845.7335649214,0.004993243047801361,116541284.85198645,0.18868146268249192,87228.69333980112,0.0001412283409179349,1309951.5862524179,14894.147312503646,0.0018292665
2025-05-19,1337246.94394016,0.009519379151688052,116822392.83220549,0.2121816699840406,87439.19181986322,0.00015888527602054376,1323893.3155163259,13353.628423834194,0.0044857264
2025-05-20,1352000.4391064364,0.01115241014616762,117036607.0523937,0.16019047279109067,87599.22303911675,0.00011967215178821599,1341324.6254525655,10675.813653870846,0.00831449
2025-05-21,1355976.9397340787,0.0030787987669881126,117283937.70996092,0.18293681748408575,87785.25969636277,0.00013760103315423045,1343332.5064549993,12644.43327907932,-0.0022518635
2025-05-22,1353372.1188896003,-0.0017812600116635742,117536985.05561177,0.18661626037716908,87974.73304135495,0.00013973198174692747,1342165.8159394318,11206.302950168516,-0.010775924
2025-05-23,1341238.6617900145,-0.00879897241612054,117836680.21320252,0.22144327743107153,88199.90619808454,0.0001663793376461319,1328650.377850388,12588.2839396265,-0.0125979185
2025-05-26,1344391.4472481504,0.0025081230702643895,118118465.38617559,0.21009323769193816,88411.11237031473,0.0001574709842827767,1332545.1994792602,11846.247768890058,0.0065295696
2025-05-27,1340987.6908715582,-0.0023924983173703386,118367656.48604748,0.18535605859585075,88598.41447147867,0.00013932110439063449,1327693.6401637811,13294.050707776973,-0.0033721924
2025-05-28,1341117.2142219243,0.0002411501400120924,118624970.00771487,0.19188358209325052,88792.27049052068,0.0001445621166858109,1324533.5083673366,16583.70585458772,-0.0039943457
2025-05-29,1363360.3223285608,0.016737169700536247,118897307.30495109,0.20306748310155792,88995.66878662701,0.00015166332513622666,1350398.722053425,12961.600275135897,0.017565489
2025-05-30,1356020.5137220998,-0.005234541075197875,119167950.80055399,0.19851208163419212,89198.91178556407,0.00014907504319175674,1342220.6475063849,13799.866215714934,-0.010348797
2025-06-03,1360768.3051236942,0.0036644455966940532,119463521.2996882,0.217969047033743,89420.18378450541,0.00016317747165489594,1348813.2125443264,11955.092579367738,0.0072146654
2025-06-04,1376828.187887809,0.011926993707324082,119690049.54758388,0.16647084374520424,89590.176032727,0.00012492372697212346,1364658.8383572213,12169.349530587642,0.008752823
2025-06-05,1381083.498369699,0.0032379914268693224,119961672.43064725,0.19728161106294054,89793.02341948965,0.00014732948420661938,1372596.0983653807,8487.400004318442,0.0071595907
2025-06-06,1382332.2489238405,0.001053767349163034,120236943.07349977,0.19931498941045808,89999.61356239814,0.00014958555594383758,1373502.7959859525,8829.452937887967,-0.0022976995
2025-06-09,1385716.2837774402,0.002593113328972189,120503698.89897935,0.19297518790236864,90200.12288855092,0.0001450514710257816,1375317.5119934387,10398.771784001437,0.010746241
2025-06-10,1380066.8046955976,-0.003919040239546527,120795581.10279861,0.21063633821462632,90418.92409367484,0.00015789754922087778,1370328.6250787985,9738.179616799163,-0.009208977
2025-06-11,1383667.8686828394,0.002754163746372778,121058174.57612243,0.1902759144922281,90618.79006749815,0.00014482340502885692,1362446.0797181164,21221.788964723044,0.004028201
2025-06-12,1385513.4543988933,0.001483048910915115,121336378.98687325,0.20106299860504348,90825.25147716263,0.00014921312717987566,1373265.720438417,12247.733960476271,0.0009230375
2025-06-13,1366481.2997233376,-0.013594490673615645,121595500.42892888,0.18702196014981887,91022.05641872353,0.00014204477115401418,1344574.9306276252,21906.36909571252,-0.013922334
2025-06-16,1366013.7821861792,-0.00018731824860834768,121881487.58288926,0.2092872796856268,91233.60707206174,0.0001548141590968316,1356077.8122720139,9935.96991416541,0.006788373
2025-06-17,1365553.2327827772,-0.00021428307788158717,122102869.3476109,0.16206407842192178,91401.44283778824,0.00012286535312835194,1348587.3298933562,16965.902889421002,-0.0009743571
2025-06-18,1357769.4464911064,-0.0055611607941051,122358529.54038242,0.1872209641000337,91591.16802904394,0.00013893650331673073,1349073.0820847105,8696.36440639593,-0.0009900331
2025-06-19,1347090.1566737753,-0.007700111975373184,122657105.08310677,0.2199015035254822,91815.48107165308,0.00016520701890061773,1337092.5630465378,9997.593627237591,-0.014207721
2025-06-20,1349600.5888303185,0.0020067831369948667,122912194.23768799,0.1893630900036291,92008.36672553454,0.000143186892819208,1333520.729074859,16079.859755459373,-0.008040428
2025-06-23,1360997.5033402627,0.008602120480190123,123197538.59265299,0.2114287421972049,92220.87908084432,0.0001574631465550573,1351113.7995960333,9883.703744229282,0.013105869
2025-06-24,1380407.4220264554,0.01441273894275495,123472006.6250066,0.20166681546438525,92426.66211203607,0.0001512001533336405,1371001.4736073024,9405.948419153017,0.019158602
2025-06-25,1392837.2545949183,0.00914910228355095,123736815.25377344,0.191833675001611,92626.31824066605,0.00014463565281102746,1379432.3340849916,13404.92050992664,0.013154864
2025-06-26,1392269.3128398934,-0.0002504295413253221,124030059.91219255,0.21053763277203716,92845.45240088197,0.00015732933585241727,1382280.8608838513,9988.45195604199,-0.0045202374
2025-06-27,1397256.0344135151,0.0037293092357017677,124302853.64637336,0.1959346023538899,93050.9336342182,0.00014758727456048215,1383929.3328882977,13326.701525217468,0.004665613
2025-06-30,1403453.1656618533,0.0045832243471481335,124578300.77463314,0.1971343271925065,93257.74026200373,0.00014800911407216084,1389448.1444017296,14005.021260123813,0.012623906
2025-07-01,1409217.5610892272,0.0042536840441786995,124852774.68354389,0.1955704084940465,93463.1911721577,0.00014638957336142027,1397036.0768556106,12181.484233616582,0.0027673244
2025-07-02,1412944.0688980331,0.0027897176896470068,125124379.5347489,0.192734506512305,93668.00252208363,0.00014533692708712404,1396536.5499256249,16407.518972408303,-0.010086596
2025-07-03,1421508.496186999,0.006182388182465732,125353959.45852202,0.16248337696210163,93838.94394715808,0.00012098244285619745,1410245.989661268,11262.506525731009,0.00525558
2025-07-04,1413486.4953946231,-0.005500985231083261,125621222.00465414,0.18801333009898466,94041.2474961498,0.00014231610260111754,1394999.7348474474,18486.760547175734,-0.004799247
2025-07-07,1420734.0118145458,0.005277686841841218,125906980.66319732,0.20216582151597076,94253.67015409155,0.0001502827643800403,1410045.0177879187,10688.994026627122,0.0023667812
2025-07-08,1435112.5300023307,0.010273402631019606,126195166.0091584,0.2028425754325483,94470.92450126132,0.00015291697486167515,1420179.4395269623,14933.090475368372,0.012732506
2025-07-09,1439166.3143029474,0.002949559699231,126436440.79005599,0.16812255196266435,94650.09028300093,0.00012484441323867018,1431573.605343665,7592.708959282423,-0.002689004
2025-07-10,1445071.9968304213,0.004252710372978139,126721877.77500615,0.1983349541421173,94864.7652688039,0.00014916621079123988,1435304.9744954861,9767.022334935056,0.0025193691
2025-07-11,1455406.8743933362,0.007295660446569482,126998965.3222035,0.19174653429387087,95072.6423156098,0.00014385238054703142,1445602.1834736185,9804.690919717828,0.008511543
2025-07-14,1455148.3684678057,-3.443008566579572e-05,127276606.96412155,0.19076565241165214,95281.03845777642,0.00014318754832973006,1444892.4307778475,10255.937689958253,0.0001872778
2025-07-15,1446094.8763779565,-0.0060824620873038875,127546856.77024867,0.18571976025487685,95483.64576501808,0.0001392348104372318,1436361.7354099804,9733.140967976076,-0.0030143857
2025-07-16,1452851.4632182193,0.004823878289087362,127836998.10867634,0.2006378303160832,95702.84460287531,0.00015157984544296053,1436966.1849422622,15885.278275957167,0.0029847622
2025-07-17,1455927.266521901,0.0022657327346891566,128125252.92333736,0.19840625277858498,95918.81441804832,0.00014865237131304242,1441143.1413520854,14784.125169815532,0.011391163
2025-07-18,1460714.8988974607,0.0034241451627964156,128389396.35472725,0.1814262549123876,96116.48834953293,0.0001357718452219343,1447863.0158903347,12851.883007125823,0.0025092363
2025-07-21,1480515.5035759637,0.013706506745191336,128683931.29352348,0.20163752626781278,96337.18228556945,0.00015108624975558192,1468713.3867474673,11802.116828496222,0.009186387
2025-07-22,1496217.247889061,0.01075772702066084,128984912.11958475,0.20329461281175673,96562.41960979856,0.0001521343908152801,1486633.5496521394,9583.69823692157,0.0037566423
2025-07-23,1489584.4144953403,-0.004280768069779605,129288074.99201219,0.20261955465033654,96790.29398330222,0.0001523003252536798,1478219.7138996583,11364.700595682021,-0.0045019984
2025-07-24,1507064.0835137493,0.011887550510468213,129591713.94101027,0.20384138424336914,97018.13493181282,0.0001529560502200781,1495480.27681834,11583.80669540941,0.014211774
2025-07-25,1496621.261129511,-0.006773957415264962,129902494.90311661,0.2062161559724489,97252.1693922536,0.00015529164486166472,1481476.5334504347,15144.727679076303,0.00081932545
2025-07-28,1492370.9612231946,-0.002688473834438913,130205222.20817623,0.202273823660063,97478.8421979584,0.000151456358126114,1478943.598709408,13427.36251378664,0.0034846067
2025-07-29,1491016.073866811,-0.0007647134621690337,130485045.90099902,0.1875027724966229,97692.49338974437,0.0001431622547860754,1462668.6738694205,28347.39999739048,0.006523013
2025-07-30,1495328.4767509054,0.0030572849193049104,130817953.97437805,0.22327597885357386,97938.55146272431,0.0001650271095614762,1481719.063043868,13609.413707037485,-0.0081784725
2025-07-31,1470132.6698871276,-0.016714154486424104,131087594.16951786,0.1803217148152577,98141.20715813825,0.00013552587178321794,1455023.7156392983,15108.954247829319,-0.008527219
2025-08-01,1477718.471567544,0.005311677734395314,131379779.95947437,0.19874790618655064,98364.2764469685,0.00015173412127994198,1447112.801156873,30605.670410670773,0.001393199
2025-08-04,1490446.5261676246,0.008761230744367793,131676757.86306605,0.20097055650705062,98582.85435150555,0.00014791579637302575,1476681.5262883394,13764.999879285286,0.010377049
2025-08-05,1505827.696566851,0.010442034961683621,131915573.69767588,0.16023106526599243,98764.97868704131,0.0001221944781904074,1480194.9827095405,25632.713857310628,0.007090807
2025-08-06,1514446.6842264489,0.005873873731738323,132219895.2882989,0.20209589139371417,98991.03277883159,0.00015011949395383426,1497788.429168796,16658.255057652983,0.010877371
2025-08-07,1512153.6319401911,-0.0013564873523708755,132538615.80381358,0.21045344074127528,99229.75729209614,0.0001576315071048431,1496997.5948816235,15156.037058567628,0.00012242794
2025-08-08,1514721.9380940408,0.0018476460501716775,132836139.33443436,0.1967548298905592,99455.37582355349,0.00014920344513399012,1489887.9855998908,24833.95249415013,-0.003500402
2025-08-11,1534367.3649853112,0.013127385385366301,133157322.57837507,0.2120410590638521,99694.2875653126,0.00015772646830462125,1517675.0890187074,16692.275966603884,0.015473604
2025-08-12,1544270.5971935377,0.006577822118727963,133407872.96195787,0.16329230489414065,99883.85094874074,0.0001235449787019954,1521165.5016462156,23105.09554732212,0.0028326511
2025-08-13,1563781.0362171922,0.01272878665334451,133607219.90415268,0.12908809023307535,100030.10289179576,9.470616310431975e-05,1553855.2469771877,9925.789240004382,0.014463782
2025-08-14,1539230.7832711493,-0.015545276451004574,133926782.33485672,0.20435241463029136,100270.94732100403,0.00015401416415106127,1524855.4137393828,14375.369531766606,-0.012434304
2025-08-15,1557413.7159483845,0.011967930308405511,134240695.40052578,0.20394152006363633,100509.42138651035,0.00015493067582725972,1531119.7554641066,26293.960484277966,0.020212173
2025-08-18,1570928.2774667216,0.00879913998214048,134495754.17929095,0.16377072845403454,100698.76116490865,0.00012157320592428226,1552640.8794632396,18287.398003482078,0.016873956
2025-08-19,1571781.4274968044,0.000692469686922722,134808753.86246106,0.1992450499871663,100933.43134730129,0.00014938312955386512,1554047.0196154513,17734.407881353094,0.0007253885
2025-08-20,1590734.6115813302,0.012207068917801546,135121482.98629925,0.19896476594473697,101167.09147194948,0.00014865942589760168,1576780.7367464337,13953.874834896571,0.008644462
2025-08-21,1585530.4995031552,-0.003135235421280458,135411573.564263,0.1823626492136008,101383.87605003783,0.00013627953808891346,1574926.8307842775,10603.668718877649,-0.007134378
2025-08-22,1595836.4635279824,0.006669650444673817,135768707.24072248,0.22524554183688256,101652.84622626583,0.00016964049339466313,1581022.089452088,14814.37407589428,0.015110254
2025-08-25,1604120.2370134676,0.005349400219720048,136106540.18317088,0.21169646775807216,101905.84066941445,0.0001585340659464044,1591079.9121315572,13040.324881910281,0.01559031
2025-08-26,1612268.73575237,0.00519651129924666,136353381.88063625,0.1538797976421812,102093.17086750278,0.0001167806463417576,1590620.0411113168,21648.69464105325,-0.00016850233
2025-08-27,1590005.2723170083,-0.013698918309468752,136593384.61128986,0.14886025222191995,102270.29659888223,0.00010986117106388738,1580038.9698502498,9966.302466758523,-0.018721461
2025-08-28,1602159.3243275823,0.007769280748086446,136858874.95244578,0.16697450365622696,102469.4419398768,0.00012524822682151662,1592281.8266911136,9877.497636468575,0.015076637
2025-08-29,1617204.3150194206,0.009543467013869815,137184938.92196682,0.20351532121057497,102714.6059107227,0.00015302096809180046,1605108.0065332744,12096.30848614622,-0.0011320114
2025-09-01,1640203.3699636117,0.014350003564713314,137462314.16201574,0.17151527328541924,102922.43865193002,0.00012851359551610916,1629109.6495362807,11093.720427331114,0.008397937
2025-09-02,1626371.0099552076,-0.008268293909560687,137821556.6387965,0.21902313052115122,103193.1151260231,0.0001650261662973453,1610569.499972032,15801.509983175594,-0.024965465
2025-09-03,1610769.3879465058,-0.009459773272164795,138108229.1357111,0.17626512964129304,103409.63612412695,0.00013313136841378706,1589117.8972898142,21651.49065669161,-0.014629781
2025-09-04,1604802.171931455,-0.0035634838581548277,138408524.93761724,0.1864300402983022,103636.90142602053,0.00014109114786649347,1575204.1447207113,29598.027210743738,-0.022996068
2025-09-05,1626296.2118097837,0.01356443523228953,138777064.18097913,0.22964777204802508,103911.09666949352,0.00017085921758379927,1605809.1360362596,20487.075773524186,0.029046416
2025-09-08,1646693.6688231307,0.012698443487790829,139116017.20767757,0.20842022765412752,104165.07019622141,0.0001561668316531711,1627425.5397601654,19268.129062965287,0.009020567
2025-09-09,1638767.0644059407,-0.004653082692941541,139469471.81430542,0.2146450267708024,104429.47280243404,0.00016056575137111007,1622516.7329821524,16250.331423788411,-0.011626244
2025-09-10,1640886.1636615163,0.0014300605771151752,139765494.23403755,0.1806372767440459,104653.90972074018,0.00013695474065894447,1615179.855127905,25706.308533611173,0.00057291985
2025-09-11,1673955.9394576561,0.02024799927871118,139954721.295837,0.11532004229787068,104808.79578286587,9.439171683919446e-05,1596541.4538818498,77414.48557580632,0.023473859
2025-09-12,1685616.3935319772,0.007117639099266178,140314189.96611193,0.21474201429184997,105062.95595367745,0.0001518320553251377,1670221.3957056322,15394.997826345061,0.0031068325
2025-09-15,1687236.722018975,0.0011486140021318915,140735864.07222444,0.2501601833789418,105378.75005851347,0.00018734636542915882,1674003.4172908703,13233.30472810477,-0.0009848475
2025-09-16,1687960.7806282002,0.0005990099439910899,141111713.53654304,0.22276036279536143,105665.36302364468,0.00016987122280520415,1656110.621296134,31850.15933206617,0.009178042
2025-09-17,1696006.2698906462,0.004909397194141359,141439884.1953663,0.19441841456832784,105906.74368143536,0.0001430013425435432,1683386.8365232984,12619.433367347912,0.009511471
2025-09-18,1675538.03460291,-0.011918705738089015,141778807.82191914,0.19983630518930975,106160.77930839093,0.00014978460366892233,1663801.0086988185,11737.025904091432,-0.010378838
2025-09-19,1675310.3111991752,-1.5883610647927447e-05,142034188.63092348,0.15241719598735337,106361.88911835836,0.00012002700375291021,1625477.5822482978,49832.728950877376,-0.0051107407
2025-09-22,1679653.3534707478,0.002752684886551423,142403181.73477733,0.2202535860892117,106630.44822070746,0.00016030409444377323,1662832.0857873415,16821.26768340642,0.006895542
2025-09-23,1672361.499311562,-0.004225366171865851,142654995.43378237,0.14992004063499345,106825.15191967702,0.00011591897730995327,1632361.2364640113,40000.26284755078,-0.01086992
2025-09-24,1690671.3040925635,0.011116137955970462,143031737.7910064,0.2252756699906723,107105.54827727642,0.00016766492036250858,1659593.0788770898,31078.225215473743,0.01702869
2025-09-25,1686424.6812560088,-0.002382088070141575,143330196.68361452,0.17653277244705365,107324.84316982148,0.0001297087683538607,1673762.858577186,12661.822678822748,-0.003677845
2025-09-26,1677898.3516816883,-0.004905133865324592,143666964.94127807,0.19969362486602785,107579.03392879387,0.00015072760841182062,1659032.4568629249,18865.894818763547,-0.014510095
2025-09-29,1689037.122851016,0.006789833219558537,144001893.23885995,0.19961179248206332,107832.91272675704,0.00015130761509403836,1659694.807723275,29342.31512774118,0.013550401
2025-09-30,1694332.8221889122,0.003281265800063187,144334894.64606482,0.1971545815658424,108079.39313510901,0.0001459295387989595,1678319.5756761678,16013.246512744437,0.010287046
2025-10-09,1694823.8750417205,0.00044122073819913667,144677653.0727384,0.20229698804440369,108335.91506086197,0.00015139996250651167,1681254.7274635972,13569.14757812331,0.009648919
2025-10-10,1697343.135843242,0.0015916860410087172,144917625.2761448,0.1415912337206639,108514.28176321258,0.00010524202837667864,1690402.1557842374,6940.980059004647,-0.0149357915
2025-10-13,1690347.4851643308,-0.004008629794583108,145156674.1890566,0.14083711646970118,108705.91217615148,0.00011290021969759256,1634223.2224981198,56124.262666211,-0.001866281
2025-10-14,1685739.9191406001,-0.0025812707856279113,145490645.13317567,0.19757531930578065,108950.23361886786,0.00014453918194969504,1654487.039408665,31252.879731935158,-0.01949662
2025-10-15,1709271.9278539494,0.014118943165469666,145851362.02863643,0.21398134514406597,109219.09101562819,0.00015948925080767784,1685009.0048597394,24262.922994209926,0.014959693
2025-10-16,1701750.9385143963,-0.00426030101268948,146173322.9401708,0.1883614340630997,109458.06742998336,0.00013981181721928594,1687704.069116937,14046.869397459319,-0.010905385
2025-10-17,1663722.0199063914,-0.022224729320876453,146450545.56819272,0.16290434854346958,109666.03205795836,0.00012220626606884757,1649692.487302674,14029.532603717416,-0.029230535
2025-10-20,1669072.0747204232,0.0033811553130245137,146814982.3015274,0.21904905325181379,109941.27979092892,0.00016544093885710828,1647637.05797141,21435.01674901328,0.007473469
2025-10-21,1692128.9926974622,0.01394865858518479,147116780.84750423,0.18081816270718576,110165.67833823114,0.00013444509119823735,1678719.8232173822,13409.169480080123,0.014486432
2025-10-22,1691735.8304708188,-6.577010426140108e-05,147492180.07527855,0.22185024273822612,110447.5490646011,0.00016657756446843036,1677323.309560152,14412.520910666783,-0.004335463
2025-10-23,1697832.4132888715,0.003761898115604167,147848736.08954716,0.2107634110754606,110715.1040792966,0.0001581541336870722,1683135.4314167527,14696.981872118813,-0.0005621314
2025-10-24,1719348.7327945859,0.012827311877185778,148194740.96616268,0.20379212571709487,110977.41045403358,0.00015449485631439624,1693703.1881957892,25645.544598796747,0.0152077675
2025-10-27,1734740.3482461285,0.009107426114827176,148541736.56592292,0.20181804490368657,111244.63655203934,0.00015542286035911935,1681444.4370030037,53295.911243124974,0.010262489
2025-10-28,1727875.3284531734,-0.003794434652939983,148918359.96633112,0.2171064971129456,111527.2974537562,0.0001629413312503109,1674088.6724689442,53786.65598422915,-0.0021560192
2025-10-29,1726445.040783698,-0.0006588742808021822,149319366.02040005,0.23208043280987822,111819.1325088812,0.0001688982129204081,1708628.1615614395,17816.879222258445,0.012019992
2025-10-30,1699463.6483301995,-0.015472667007548832,149679036.7466651,0.2083302495987796,112087.81573949942,0.00015562802421805057,1686194.7086607914,13268.939669408115,-0.011102974
2025-10-31,1722356.0899248326,0.013619172451200498,150014353.15066695,0.19730719414406153,112340.66264602172,0.00014878041479188866,1703901.5830781157,18454.50684671686,0.002884388
2025-11-03,1727061.2070878549,0.002872967288974622,150326573.19450516,0.18127496727568626,112583.81818931972,0.00014117611608909905,1672887.814107061,54173.39298079384,0.0041896105
2025-11-04,1707506.3844724467,-0.01115841777407021,150713144.83948565,0.2238320468284512,112867.37033465155,0.0001641818739070386,1679122.8972511222,28383.48722132449,-0.0135830045
2025-11-05,1715671.236855487,0.004916648481413166,151011712.6274986,0.1748560302485765,113097.72662383094,0.00013490801046144003,1661796.3132445875,53874.9236108997,0.003917575
2025-11-06,1736242.568384042,0.012144268286162113,151363606.38913396,0.2051055902063849,113361.96688650065,0.00015401567444472587,1681352.1192630292,54890.4491210127,0.0116506815
2025-11-07,1729284.9695447204,-0.0038891248617517198,151646370.59288558,0.16285984971258843,113567.10158708825,0.00011814864139549616,1702353.4640288,26931.505515920577,-0.0013175607
2025-11-10,1741500.3775733882,0.0072140298345278915,151997764.424084,0.20320180732903598,113826.80692111673,0.00015018076176123287,1730188.7348728273,11311.642700560922,0.0028334856
2025-11-11,1754496.8934204946,0.007641251316168472,152410766.13174552,0.2371528097151419,114137.53312625081,0.00017842442593497866,1739596.2793730584,14900.614047436298,-0.0029696226
2025-11-12,1745776.3575883072,-0.004818464959223687,152759218.66244447,0.19860538482893886,114404.08715642474,0.00015192619102007135,1710283.7689721633,35492.58861614389,-0.0072154403
2025-11-13,1755953.1415130578,0.005965030628923567,153081250.68224564,0.18446350152549834,114640.9126759391,0.000135656276065921,1739491.359762492,16461.781750565795,0.013918638
2025-11-14,1745812.8542701253,-0.005628157372316666,153425686.80575418,0.1961533684274464,114898.41930002224,0.0001466477766378575,1732890.4533366468,12922.400933478595,-0.011569619
2025-11-17,1733445.766621864,-0.006942005269622616,153756288.4202387,0.1893683012333724,115146.06491416547,0.00014185118040430613,1721993.3981830867,11452.368438777296,0.0027083158
2025-11-18,1719609.0016036774,-0.007846941192028873,154068860.94726264,0.180318607621098,115380.58294209883,0.00013529008662923814,1708036.620531181,11572.381072496206,-0.0099666715
2025-11-19,1708416.5702741626,-0.006348980457847829,154434198.83101472,0.21245404240811142,115655.2503252927,0.00015972664887059667,1694462.9750655876,13953.59520857509,-0.008175254
2025-11-20,1700809.294441513,-0.004306913822837091,154765950.7235637,0.19418676821645414,115904.52321626453,0.0001459087293515453,1685269.0858835184,15540.208557994552,-0.0063352585
2025-11-21,1654220.801577384,-0.027259366578825547,155064995.550201,0.17582501907451878,116130.03204253882,0.00013258913095741469,1634005.2766602365,20215.52491714746,-0.037151873
2025-11-24,1675592.8427932493,0.013089369738351871,155439347.5338242,0.2263010979345943,116410.6985273926,0.00016966688158324863,1656047.9958155458,19544.846977703564,0.012551546
2025-11-25,1679758.1802678227,0.0026360511032551344,155777198.42162722,0.2016306582211305,116662.30941467074,0.00015016230724565946,1667574.0584738248,12184.121793997889,0.013070822
2025-11-26,1680849.1638358976,0.0008015166589529433,156116961.51736072,0.20226905260810893,116917.680011093,0.00015202819038008452,1666727.3141496384,14121.849686259076,-0.00020694733
2025-11-27,1687546.2358944283,0.004139010828222542,156463571.34941396,0.20621114583669084,117177.66084228783,0.00015467231491582618,1673590.5384197105,13955.697474717883,0.0012415648
2025-11-28,1704928.6355899682,0.010457191896011023,156816793.97474608,0.20931137637535782,117442.25596888711,0.00015679281608485068,1692524.902841172,12403.732748796145,0.010576725
2025-12-01,1712701.9920412267,0.004722063974484343,157186394.6134954,0.21678364186864382,117719.68160681472,0.0001627197949148208,1699675.0494679916,13026.942573235123,0.0071542263
2025-12-02,1700962.2604805718,-0.006694693749376049,157551587.3559535,0.21322608612305186,117993.39784680735,0.00015981545024444763,1688922.3015511376,12039.958929434077,-0.00995034
2025-12-03,1699290.5486547065,-0.0008481182624708299,157853208.02463958,0.17732355131785546,118222.49251578543,0.0001346853332967876,1675963.0145402353,23327.53411447128,-0.008875787
2025-12-04,1694436.1806751627,-0.0026921375302187984,158228549.1440124,0.22088107279238667,118502.13663454975,0.00016456521751722202,1678835.1737406317,15601.006934531033,5.376339e-05
2025-12-05,1707456.9973455013,0.007826663207800589,158548292.7877777,0.18870208710834768,118743.10127746758,0.00014220933527387867,1687469.3146786888,19987.68266681254,0.01294446
2025-12-08,1718091.874129813,0.0063672575633906756,158850487.48211458,0.1769852446103757,118980.04297366845,0.00013876876347060601,1657158.4313664765,60933.44276333643,0.010971785
2025-12-09,1707833.387510117,-0.005836144396059621,159173690.34119725,0.18811733176164766,119211.49733024619,0.00013471593694311035,1690922.550040524,16910.8374695929,-0.0057213902
2025-12-10,1710708.6805428383,0.001828146572632365,159487870.06122985,0.183963917282734,119458.37405152855,0.00014455550704643673,1649076.994762925,61631.68577991333,0.0037477016
2025-12-11,1690047.2281385204,-0.011910759530753554,159883409.74577132,0.23121393434208334,119743.98673472801,0.0001669557689441504,1672869.4758683513,17177.75227016914,-0.012990952
2025-12-12,1697039.8348480398,0.004285819327813889,160216403.61129233,0.19703228405503515,119994.61710048297,0.00014829784729212053,1676572.8464867892,20466.98836125069,0.008060694
2025-12-15,1693421.8682043767,-0.002029742736671906,160431587.9745361,0.1267998304017579,120168.02946552039,0.00010218520595478663,1625031.9217896818,68389.94641469482,-0.008392453
2025-12-16,1673262.3302627131,-0.011737997184433793,160824085.29607233,0.2317776384643174,120450.18628614233,0.00016661933208712113,1654019.2227896054,19243.107473107673,-0.01743853
2025-12-17,1694086.597667121,0.012584353239257003,161135949.61573195,0.1863810079383403,120682.84310770266,0.00013904384109561844,1680041.819753129,14044.777913991955,0.014915824
2025-12-18,1696244.7000764671,0.0014248065873306494,161471045.44880465,0.19780324898039048,120938.48644222131,0.00015090334512455955,1665169.7266405001,31074.973435966975,-0.00224185
2025-12-19,1713792.7643151009,0.010483443472606265,161788417.14087707,0.18710254013357513,121172.9076325472,0.00013820010185754215,1697382.526983135,16410.237331965986,0.007894278
2025-12-22,1727148.2232457784,0.007946767495078113,162141556.34104955,0.2060571193469896,121436.561334629,0.00015384223085290784,1715804.4318061632,11343.791439615146,0.010715127
2025-12-23,1717604.8415196617,-0.005361016614247529,162519393.74645916,0.2187637403230776,121720.67274065693,0.00016449740804179468,1703611.753603061,13993.087916600707,-0.0021502972
2025-12-24,1734296.185184493,0.009872146329617401,162873927.41258976,0.20641165974877346,121985.77540776708,0.0001543443874294194,1723758.5298860294,10537.655298463535,0.015415788
2025-12-25,1746845.530134318,0.007370115678887257,163183215.46701944,0.1783363516980684,122218.3939642047,0.0001341285060907144,1733930.4309308175,12915.099203500416,0.009725094
2025-12-26,1744743.9734764632,-0.001056722071625207,163524172.8969658,0.1951846480210223,122474.02039464664,0.000146336024583854,1732451.0687747644,12292.904701698782,0.0034501553
2025-12-29,1733835.777007963,-0.006106525056037465,163859786.57415318,0.19235697746452807,122727.89407274243,0.00014550769737862838,1713143.0651632491,20692.71184471398,-0.0014949441
2025-12-30,1730964.1700825188,-0.0015168285168988072,164183026.95069885,0.1864307916770961,122969.56944800157,0.00013938769661114346,1713532.7622133815,17431.407869137438,0.00041341782
2025-12-31,1735385.8968979872,0.002704855466712786,164531598.53478372,0.20137423414619338,123229.85053066483,0.00015036768938484434,1722805.1917130784,12580.705184908744,-0.00026589632
2026-01-05,1751043.7135507916,0.009174826404788795,164883885.73396462,0.2030022255053568,123493.89822721819,0.00015215503192998555,1739397.867391836,11645.846158955632,0.020881414
2026-01-06,1774642.774268106,0.013598931824902977,165167547.60294703,0.16199588096358306,123707.16159290586,0.00012179214261602468,1761142.3356714214,13500.438596684831,0.014317989
2026-01-07,1773077.299134604,-0.00077316771762213,165400390.23343495,0.13120535234700811,123900.54022303254,0.0001089676372792455,1684783.6101250695,88293.68900953453,0.0052791834
2026-01-08,1785071.3564684365,0.0069025549731350205,165750661.92744705,0.19755015428998193,124145.2464180943,0.0001380121414792235,1769012.6754431748,16058.681025261714,0.008242726
2026-01-09,1795772.4022566488,0.006151084800585608,166124529.9305739,0.2094414891438937,124424.32591861582,0.0001563408092960755,1785278.8080264444,10493.594230204406,0.019768953
2026-01-12,1810958.5357884776,0.008592561087934847,166445665.9638874,0.1788289166878436,124668.47645320471,0.00013595850692553057,1787515.0536778923,23443.482110585275,0.028026223
2026-01-13,1815208.0895382778,0.0025092535797299853,166841859.40537992,0.21877554547102213,124963.07689207433,0.0001626765235358355,1802237.7768657608,12970.312672517051,-0.018413305
2026-01-14,1809902.3488037258,-0.002807045342657421,167121599.2270268,0.15410895492319268,125173.44621293386,0.00011589267482443083,1794884.5869545937,15017.761849132145,0.0065876245
2026-01-15,1814933.091418355,0.002889213201751692,167387372.3723434,0.1468439142544162,125371.89735834977,0.00010964743238610402,1803628.6350008054,11304.456417549714,-0.0019849539
2026-01-16,1803401.33269226,-0.006243110142360234,167655806.9060743,0.14790326706816226,125572.82889370571,0.00011071016133102164,1793875.2675789474,9526.065113312674,-0.0009768009
2026-01-19,1817281.1618331622,0.00783860639881934,167996439.98901564,0.18888368150024007,125829.15297888432,0.00014213368956312656,1804614.328914616,12666.832918546199,0.003998637
2026-01-20,1837676.9184490244,0.011364730574586313,168339306.15652794,0.18866985181667498,126086.30714552714,0.00014150488765504092,1825249.0756628737,12427.842786150752,-0.010029495
2026-01-21,1832843.4918942996,-0.0024791081300079717,168709277.42268208,0.20132552269655277,126363.93391139698,0.00015107485058045336,1820100.010857024,12743.481037275633,0.007935047
2026-01-22,1849313.2732707332,0.00912402788210276,169045889.6690288,0.18365575011471005,126617.06765853759,0.00013810985403832465,1834124.6764582635,15188.596812469717,0.0074772835
2026-01-23,1861216.7481796623,0.006584785928445572,169409645.2786943,0.19669766876337152,126890.92476872925,0.00014808584037647186,1842140.3967073618,19076.351472300506,0.01942265
2026-01-26,1854645.0402624514,-0.0033817402951969193,169778590.5228832,0.19822798422040133,127168.48101052559,0.00014912623264743213,1832457.0104133738,22188.029849077466,-0.012432158
2026-01-27,1838216.916973063,-0.008698450281283219,170174781.13880438,0.2136207238152183,127464.06662776251,0.0001593758432584467,1822553.851557045,15663.065416018064,0.0019987822
2026-01-28,1836987.3901582023,-0.0005409361989214935,170489586.88203096,0.1712560363904,127699.23537076268,0.00012793307516036106,1825301.7511643982,11685.638993804198,0.0021045208
2026-01-29,1850359.2801157404,0.007413402343752671,170816161.04873085,0.17777703235717998,127945.67203686749,0.00013415261717370219,1832895.913468391,17463.366647349423,-0.008045435
2026-01-30,1842280.9012509,-0.004227170272959553,171157979.6714144,0.18473094731212095,128202.26715850776,0.00013867313467048702,1824149.5112148302,18131.39003606989,-0.009283245
2026-02-02,1793577.3821936145,-0.026290447185294316,171504957.49379838,0.18834143161793282,128471.39748098007,0.00014608538919855845,1740127.2997427124,53450.08245090212,-0.03385043
2026-02-03,1824811.9919107275,0.01758011027984235,171909240.95017624,0.2254061967950385,128768.0759382618,0.0001654115736667451,1797795.1279240793,27016.863986648124,0.029298782
2026-02-04,1840496.1348601354,0.008740497702377536,172266929.52383173,0.19601393197825104,129033.69801142057,0.00014556133691374926,1824322.3212778824,16173.813582253031,-0.0002411604
2026-02-05,1847191.2978718411,0.0037594035010113567,172566431.12531033,0.1627287315663754,129257.70261270589,0.0001217088137500218,1833727.888185346,13463.409686495132,-0.016941428
2026-02-06,1844183.5812237845,-0.0014684493718594097,172959249.8730698,0.2126573182821021,129552.91235969846,0.0001598154708354665,1828632.636592346,15550.944631438499,-0.002046287
2026-02-09,1865459.585780787,0.011701085495388258,173362263.56725848,0.2185323078959676,129855.85755578669,0.00016427062857115178,1847471.8845583342,17987.70122245288,0.022630334
2026-02-10,1862853.921733991,-0.0012258968753293762,173787060.53850052,0.22771705936703093,130174.66052532083,0.00017089781626156457,1844364.0590706083,18489.862663382664,0.0020064116
2026-02-11,1863254.3751375088,0.0003612847129760474,174148630.77988473,0.1940947903460136,130447.22776623296,0.00014631702342952373,1839478.840219285,23775.534918223835,-0.0013078451
2026-02-12,1863567.390575796,0.0003307693129273116,174552524.70952672,0.21676800281882302,130750.51969741895,0.00016277537583326738,1838609.211770624,24958.17880517208,0.009141326
2026-02-13,1844961.5351532812,-0.009834123041015788,174912976.11693698,0.19342010878334456,131029.82410578657,0.0001498762050570778,1784419.2495169248,60542.28563635636,-0.01322937
2026-02-24,1850075.2535244646,0.0029404768502705385,175335518.42959747,0.2290249984129779,131341.172418361,0.00016875599119120478,1812078.0038843758,37997.24964008882,0.011571288
2026-02-25,1861050.0664441679,0.006071946498391489,175671269.46941632,0.18147966639693952,131599.9174560563,0.0001398564935141889,1795584.5305172908,65465.535926876946,0.015248656
2026-02-26,1851875.793219927,-0.004765114880833797,176094933.33145228,0.22764775095247014,131906.07331470735,0.00016450705124553466,1833084.5646556357,18791.22856429134,0.007629633
2026-02-27,1866241.0031070209,0.007907314913050332,176467259.5238092,0.2010535445844003,132184.22850445833,0.00015020186060499176,1852085.7477992668,14155.255307753978,0.008270264
2026-03-02,1831371.4143959337,-0.01852873525839923,176851779.2626782,0.20603970131876953,132474.73174060605,0.00015566222993926014,1809052.934340423,22318.480055510685,-0.009796917
2026-03-03,1781241.7562634335,-0.02720911660442878,177252105.53454274,0.2185937100020634,132774.39151278968,0.00016362588704185412,1761562.6628391824,19679.093424251005,-0.03946221
2026-03-04,1748072.9853273977,-0.01847747270170114,177593678.5449114,0.19176117400548895,133030.31652233767,0.0001436778632928843,1729668.80982673,18404.175500667574,-0.0058864355
2026-03-05,1761571.5942599142,0.007872737434378363,177945874.74215803,0.20147682631263136,133293.82721943368,0.0001507435326258137,1745976.7328121285,15594.861447785734,0.009463191
2026-03-06,1801008.1598346224,0.022545295397552283,178310784.12481654,0.2071499017397701,133572.4136012524,0.00015814649982237185,1766074.5054691473,34933.654365474984,0.009513974
2026-03-09,1782536.548031074,-0.010110047949168244,178668465.0756666,0.19860040549894764,133835.7465520295,0.00014621419083481156,1767577.2760582364,14959.271972837516,-0.005454123
2026-03-10,1815956.7213923687,0.01890575876051175,179038168.67071128,0.20740309389618622,134115.7791496057,0.00015709781540552124,1790257.8768466436,25698.844545724947,0.017823339
2026-03-11,1808576.963730749,-0.003952321424303637,179313325.67914894,0.1515217874943017,134318.29215565813,0.00011151863018914009,1798499.6332943116,10077.330436437303,0.0016095638
2026-03-12,1797989.838870885,-0.005733656774532525,179598037.9804589,0.1574233814869764,134535.65745516375,0.00012018581673031766,1772805.5796413408,25184.259229544332,-0.003302455
2026-03-13,1792966.052955906,-0.0026734379652236175,179890751.09998557,0.16280020787575997,134752.6290738192,0.00012067455219419555,1778251.6493031378,14714.403652768007,-0.014589965
2026-03-16,1794237.8992931016,0.0008827645668098572,180305025.66584533,0.23105544311716703,135063.54963766588,0.00017341129428194893,1778975.8583964878,15262.040896613886,-0.0003579259
2026-03-17,1779482.272698507,-0.008069178087424467,180673967.6201369,0.20562599554769687,135341.15109165816,0.00015471830915044562,1760917.8801614672,18564.392537039712,-0.023320138
2026-03-18,1791689.6528949286,0.007004113136776969,181013311.58758977,0.19069814443179783,135597.46605810587,0.00014403906708158388,1766153.6118923095,25536.041002619,0.009567499
2026-03-19,1742572.1846882277,-0.02727743446175606,181341909.2155281,0.18340097427442162,135842.23718215886,0.0001366146886306454,1723989.3024127975,18582.882275430202,-0.023140669
2026-03-20,1709029.050972965,-0.0190885017340805,181717343.7602322,0.21544848930965824,136122.27872823982,0.00016070585112149232,1696863.6600321983,12165.390940766723,-0.01590544
2026-03-23,1620415.3607640858,-0.0517049273167008,182047095.10771236,0.1929466016346637,136370.7460744318,0.0001453850922256317,1603883.0948418148,16532.265922271057,-0.04809189
2026-03-24,1661935.7435258562,0.02577774978731612,182379641.06607813,0.20522266476723627,136621.0250339616,0.0001544535836859623,1642175.7935413492,19759.949984506886,0.025880337
2026-03-25,1694687.4130939045,0.01987770798834502,182758521.40440965,0.2279753232382573,136904.8288711133,0.00017076703371792412,1676636.9333343194,18050.479759584996,0.019776702
2026-03-26,1665858.346966358,-0.016863118597865198,183094807.69626006,0.19843558714847423,137156.18016534802,0.00014831720132731495,1651512.9171132364,14345.429853121495,-0.014423549
2026-03-27,1698529.7635085217,0.0197329179638159,183361868.25302884,0.16031408508118986,137357.0097232093,0.00012055620348933819,1682248.6020744124,16281.161434109385,0.013997197
2026-03-30,1698334.5559357684,4.9122419317043505e-05,183734424.72128922,0.21934055926745524,137635.65318722816,0.0001640497976575226,1685427.5866712928,12906.969264475636,0.002790928
2026-03-31,1678714.136914287,-0.011404202212138281,184068751.04570112,0.19685539768558014,137887.921508956,0.0001485386497296119,1659965.1222957214,18749.014618565565,-0.019062996
2026-04-01,1718595.5982705927,0.023933560666731028,184464262.32713047,0.23560371163392704,138184.06679058736,0.00017641197814400415,1702095.4466964125,16500.15157418023,0.01893735
2026-04-02,1687459.326574233,-0.017959902272729863,184824505.53177887,0.20961487682786736,138454.52949566365,0.00015737425683416039,1670108.431345354,17350.89522887874,-0.018125653
2026-04-03,1657591.3018065924,-0.017551472856895147,185156575.23065314,0.19678678688416784,138705.15769582195,0.00014852399474843097,1634187.3307676406,23403.971038951822,-0.01138854
2026-04-07,1674810.1286185556,0.010541298338877373,185499223.8557149,0.20671478227974596,138959.49532013014,0.00015343807851247014,1662255.8731563387,12554.255462217014,0.009211063
2026-04-08,1770725.2347497658,0.05738708014124956,185750194.79669622,0.14985038404821355,139156.85226132945,0.00011783839721705987,1721853.3943757445,48871.84037402138,0.045983315
2026-04-09,1749714.9817167963,-0.011738984967787134,186059930.91949683,0.1749204883525532,139380.58838149015,0.0001263528162190087,1735330.7652218803,14384.216494916043,-0.004313946
2026-04-10,1775963.4511691232,0.015163060286366842,186435322.7189985,0.21454454206783335,139663.1526808943,0.00016149161569555017,1757779.999861832,18183.451307291216,0.009692669
2026-04-13,1770545.5734939973,-0.0029081739373781443,186774472.77109993,0.19096679713660186,139916.21973359396,0.00014249564231350574,1757797.1347449883,12748.43874900906,0.0034182072
2026-04-14,1794137.3927818344,0.01344729555088658,187062956.0964787,0.16293470763900314,140133.4500588447,0.00012269117977124883,1778134.8594912998,16002.533290534564,0.014851332
2026-04-15,1790557.4698164263,-0.0018579348769893044,187393241.62566513,0.18409154756777873,140379.98258809274,0.00013741006136982022,1779527.9396221505,11029.530194275889,-0.0047392845
2026-04-16,1816534.4710658137,0.014644809554549885,187719927.52136216,0.18244926577560247,140625.3544806436,0.0001370365915013212,1804320.4296518052,12214.04141400848,0.015644908
2026-04-17,1827268.5425600999,0.006069679534296231,188108950.12952304,0.21415646901136554,140917.06508872923,0.00016058633223429132,1815571.6038941655,11696.93866593446,0.00904417
2026-04-20,1843036.3302043069,0.008772228501305646,188440286.67495206,0.18132887296620404,141178.49463310716,0.00014307122258650054,1779892.2798582911,63144.05034601582,0.006063223
2026-04-21,1833283.1069678538,-0.005143044328862632,188807369.36741087,0.19917279244197864,141452.90032361512,0.00014888783580166567,1774038.7776569575,59244.329310896355,-0.000795722
2026-04-22,1837682.796255053,0.0025684694660148928,189231823.2624477,0.23152664933397496,141761.9427192238,0.00016857319768784256,1815939.6120158404,21743.18423921254,0.015576363
2026-04-23,1809877.6095881315,-0.01497530883493878,189614595.51410082,0.20829070851244985,142047.26197157198,0.00015526033814411636,1795459.490167896,14418.119420235547,-0.013972044
2026-04-24,1793586.3157205232,-0.0088522293918799,189973959.10914603,0.1985568488948754,142317.10406787888,0.00014909411270539705,1778160.4383044345,15425.877416088646,-0.0070073605
2026-04-27,1819162.7458684095,0.014370128071820013,190225867.02571926,0.14044928552659564,142514.73898476033,0.00011018979970420563,1769118.585563188,50044.16030522164,0.004165411
2026-04-28,1788972.0327772624,-0.01644253951543023,190606168.7815322,0.20905317936873163,142793.79674196758,0.00015339900613127252,1763881.1688389035,25090.863938358867,-0.013436139
2026-04-29,1815445.9875248626,0.014951184462096942,190973074.39336136,0.20509298362790201,143067.09285395272,0.0001527671237883269,1798160.8072455488,17285.180279313732,0.014146686
2026-04-30,1835736.7076023896,0.011257144149755567,191166659.99446356,0.10663253130771094,143213.10995408846,8.043042929347291e-05,1815285.947187113,20450.760415276476,0.0046601295
2026-05-06,1856783.7851568586,0.011625591422688965,191560041.86299905,0.21429100747746946,143507.55732183708,0.00016039738516379856,1838983.6067212094,17800.178435649315,0.02297914
2026-05-07,1884908.4276446216,0.015321760159958226,191992846.20265916,0.23309355839917859,143832.1106591469,0.00017479328498251176,1867632.4722873634,17275.955357258244,0.01632154
2026-05-08,1908036.447301996,0.012434736741916598,192406188.12535203,0.2192901875924957,144142.43108215337,0.00016463421694932646,1889814.888420504,18221.558881491816,0.003057003
2026-05-11,1921600.3754631665,0.00724669382657245,192759011.40810436,0.18491433077771374,144405.4588645214,0.0001378525985391757,1910000.5631491302,11599.812314036346,0.01437223
2026-05-12,1900392.1410482803,-0.01090215152518521,193104028.3615364,0.1795466725743605,144664.1148152554,0.00013460444431461982,1889478.0420453963,10914.099002883951,-0.0050626993
2026-05-13,1916571.3539614948,0.008702484394158263,193581617.89828873,0.2513110459869977,145023.0348522946,0.00018886630253123524,1903104.6370957764,13466.716865718474,0.01513958
2026-05-14,1885050.8851056406,-0.016290075977457158,193979665.27973858,0.20768722261610378,145322.41073589804,0.00015620388094846486,1868522.154059246,16528.73104639473,-0.019735456
2026-05-15,1863014.567067914,-0.011535429972979067,194366032.3377665,0.20496372860845644,145613.8562929864,0.0001546088540055646,1840096.227309003,22918.339758910974,-0.0109423995
2026-05-18,1854638.827322425,-0.0043240352440479714,194791953.4341791,0.2286193054748523,145933.85539029882,0.00017176414128422488,1829807.3866489446,24831.440673480545,0.0043258667
2026-05-19,1874640.1051778384,0.010917464023978703,195124279.7536087,0.17918654270243636,146180.53020965218,0.00013300423549823204,1860335.0201991147,14305.084978723695,0.010140777
2026-05-20,1853928.2396596272,-0.010898673215878122,195498055.87058723,0.19938553322642574,146461.30582415068,0.00014977574294019886,1838129.8232367658,15798.416422861315,3.0636787e-05
2026-05-21,1818363.3943288769,-0.01904363492813996,195830616.12244663,0.17938140470876762,146720.6185758539,0.000139872054460336,1763254.0394228776,55109.35490599918,-0.033875883
2026-05-22,1818442.7567821743,0.00020360389271640303,196229408.0347821,0.21931364961439498,147011.4819880148,0.00015995890209186936,1796546.3536512759,21896.403130898485,0.02140522
2026-05-25,1820647.3934323827,0.0013632897889936351,196598108.32807317,0.2027560625243413,147285.909779997,0.00015091362703536758,1807415.1300375804,13232.26339480235,0.012267828
2026-05-26,1810278.570681273,-0.005515017461784456,197033594.9131313,0.23919325984210488,147613.83036457477,0.00018011207758332734,1792151.6447342138,18126.925947059142,-0.012735128
2026-05-27,1777554.9161618561,-0.017925715629021857,197397407.06528878,0.20097025841750416,147886.94601664698,0.00015086940567905581,1758674.9540504238,18879.96211143231,-0.016200721
2026-05-28,1773635.0510897709,-0.0020519696605831904,197761852.37781596,0.20502619030983285,148159.32233074764,0.00015323088565319043,1758858.1464713349,14776.90461843602,0.010674596
2026-05-29,1755189.1341648526,-0.010254426402614663,198101073.70860738,0.19125768324379175,148417.6291591682,0.00014563696644461334,1725107.2150665843,30081.919098268285,-0.02651155
2026-06-01,1774667.4882785687,0.011250013800533396,198462395.57991087,0.20585922295799852,148685.17702735288,0.00015243250027980075,1758627.2582199713,16040.230058597284,-0.0075647235
2026-06-02,1737026.7814188027,-0.021050768738094427,198838707.556091,0.21204646992499965,148967.76900435187,0.00015923657748026922,1719837.1638818576,17189.61753694508,0.0047512054
2026-06-03,1717103.735661398,-0.011312724535980557,199201281.3230288,0.20873239884168177,149240.3092719448,0.0001569004407464147,1697746.8888337824,19356.846827615587,0.005712867
2026-06-04,1688549.992536473,-0.01645209158623988,199606601.0242716,0.2360484651130775,149544.10447469368,0.00017692303408323932,1670275.2336445805,18274.758891892634,-0.0014930964
2026-06-05,1696969.27312333,0.005117538966772022,199891930.3211101,0.16897888608549977,149766.0442719848,0.00013143809675290424,1647145.1553795664,49824.117743763585,-0.0093976855
2026-06-08,1640891.7083083827,-0.03288841857408468,200258031.3728194,0.2157381736414548,150032.97332509182,0.00015729751701144392,1621921.4623175226,18970.245990860014,-0.03113556
2026-06-09,1657062.2372000176,0.010033039360808554,200649637.5782899,0.23865450930592763,150325.57552973932,0.00017831902200855462,1642794.3912351872,14267.845964830427,0.029381633
2026-06-10,1652087.6454766875,-0.0028371813204005427,201014016.77561948,0.21989469625792818,150598.78122694438,0.00016487352802554126,1638407.8083776943,13679.837098993157,-0.0144228935
2026-06-11,1642148.6630718713,-0.0058391825198754604,201399656.38172582,0.23342563402262465,150890.9223309909,0.00017683148036751038,1617115.3692099226,25033.29386194861,-0.0047898293
2026-06-12,1682495.8469655933,0.024742131776035403,201779652.60829103,0.23140184266531347,151173.99705483348,0.0001723806925696067,1665435.4121524761,17060.434813117055,0.0053129196
2026-06-15,1703808.5710686955,0.012817510115604124,202115472.0457708,0.19959599786556362,151426.68048967468,0.00015018369007977782,1683725.3927652738,20083.17830342165,0.03881967
2026-06-16,1699040.668988648,-0.002640345013610342,202476129.6604243,0.21167730975040192,151695.9401049543,0.0001580339598307852,1684161.1331427894,14879.535845858787,0.014689088
2026-06-17,1679474.4963129768,-0.011368237405215061,202810301.14874765,0.1966824540593698,151947.0150944472,0.00014777456130133114,1663060.542454875,16413.953858101857,0.006716132
2026-06-18,1677856.1093773379,-0.0008080728304225243,203159872.37329686,0.20814321701022134,152208.2643202281,0.00015555414884502473,1665420.1752690873,12435.934108250462,0.007645488
2026-06-22,1667187.1617381892,-0.00619115631759499,203534421.56315708,0.22323081685426654,152489.34250778993,0.00016752222433790017,1654367.125150904,12820.036587285118,0.010792255
2026-06-23,1669845.7673551517,0.0017445602446970088,203866307.8897245,0.19906962708457446,152739.24533366508,0.00014989488379613236,1653323.3097953475,16522.457559804257,-0.020939052
2026-06-24,1645639.4043059507,-0.014352405943750009,204186556.62058297,0.19178341923500697,152979.30406633217,0.00014376102114347958,1629868.2673855815,15771.136920369114,0.013070226
2026-06-25,1606517.8310827992,-0.023616818756556475,204528864.29344106,0.2080089185774314,153236.10973934247,0.0001560522143176354,1590703.826368699,15814.004714100232,0.0036878586
2026-06-26,1563731.190528508,-0.026478121178902612,204860591.0407032,0.2064880581117266,153485.1764861555,0.00015503515864817352,1547079.5070952494,16651.6834332587,-0.025437653
2026-06-29,1577679.469396568,0.009063587019675206,205159544.39201337,0.19117950266703054,153709.9113388311,0.00014371706213753128,1559173.1640440312,18506.305352536663,-0.0004091859
2026-06-30,1590496.9324336518,0.00827111893420393,205470742.3857932,0.19725045537853475,153941.622833178,0.00014686854892998714,1578970.3425274068,11526.589906244888,0.024645567
2026-07-01,1628753.3436194335,0.024198284845416317,205767441.01784423,0.18654461131027536,154172.50946418667,0.00014516634788813444,1584007.0124627685,44746.33115666503,0.0075870752
2026-07-02,1625196.3970027133,-0.0020380661138424835,206083471.1350936,0.19403190697192005,154409.94908346844,0.00014577997350668508,1579019.3800862993,46177.01691641394,-0.028310359
2026-07-03,1659456.888092951,0.02124855509151703,206455799.2216011,0.22909728768422663,154682.53316947795,0.0001677237818839749,1640200.3707471706,19256.51734578033,-0.0005262494
2026-07-06,1645337.716073892,-0.008351972924424777,206802161.242383,0.20872010792636134,154941.96618993426,0.00015633610147863276,1627694.6122689329,17643.10380495929,-0.01718992
2026-07-07,1590594.5571217043,-0.033119482378215916,207136955.70029637,0.2034806925305621,155192.3916483987,0.00015220307418832959,1575883.4186576488,14711.138464055563,-0.020159066
2026-07-08,1575444.4105216267,-0.009370141652781274,207466005.48852184,0.206872195527257,155438.44193610307,0.00015469076428226158,1563927.5362040275,11516.874317599126,-0.022156596
2026-07-09,1574439.8401066174,-0.00047758473151161823,207801676.20664373,0.21306414614194244,155690.6041553019,0.00016005783353240476,1561538.4055785793,12901.434528038182,0.022446752
2026-07-10,1610118.8169340522,0.022808209796260907,208098302.06313348,0.18840088324344037,155921.78151261038,0.0001468314961420339,1562616.6999987336,47502.11693531848,-0.012261391
2026-07-13,1541356.3112316232,-0.04255458297898245,208423640.46536317,0.20205862996446294,156166.3524137982,0.00015189618220443627,1491830.3671352998,49525.944096323234,-0.05006641
2026-07-14,1553656.3582054274,0.008144893980950616,208773732.230795,0.22713227491966473,156420.48918184463,0.00016487866315827908,1538112.77498681,15543.58321861727,0.017626286
2026-07-15,1558978.9117194132,0.0035780505731265715,209088676.73884368,0.20271182001434634,156656.99669077748,0.0001522263965797604,1542475.3244242982,16503.58729511503,-0.013538063
2026-07-16,1549325.8129457398,-0.006067607396241602,209343770.5359186,0.16362876698156778,156850.8234891175,0.00012432932663998718,1522990.2503137398,26335.562632000165,-0.023800671
2026-07-17,1476635.2323711857,-0.04681360718124406,209539643.60739985,0.1264247131523894,157011.87406066817,0.00010394880805894997,1393877.6485518506,82757.58381933506,-0.060767114
2026-07-20,1457251.9373570739,-0.012949644029929859,209894061.99999905,0.24001756481867836,157273.26845352034,0.0001770202871513696,1392433.3543194113,64818.5830376626,-0.028267324
2026-07-21,1517038.8937579936,0.0411424330802051,210105786.9119381,0.14529053385445956,157441.2023663133,0.0001152401369234154,1415827.3292785524,101211.5644794412,0.042277694
2026-07-22,1498954.5281808488,-0.011771978451077315,210432495.82049415,0.2153596126640656,157667.0187766928,0.00014885340864275617,1474829.8642618014,24124.66391904742,-0.01392591
2026-07-23,1533895.8190963743,0.023424520409565632,210662905.3444301,0.15371348470161528,157838.0187995504,0.00011407952652514642,1517170.6355772652,16725.18351910906,0.0051321983
2026-07-24,1492754.5700026918,-0.02667221366393875,210960031.41440052,0.19370681259530872,158066.87086807206,0.00014919661796619432,1452228.1743769278,40526.39562576405,-0.027768731
2026-07-27,1550481.5533862484,0.03881147649682316,211244135.93933514,0.19032232802617202,158275.8963937003,0.00014002671961531018,1526375.6555769346,24105.897809313876,0.033319116
2026-07-28,1491692.121451868,-0.03781335498163912,211433240.5021369,0.12196505168909914,158436.41895740328,0.00010353077942294694,1392970.1797993819,98721.94165248601,-0.02801305
2026-07-29,1492849.0935349509,0.0009551035139565611,211813079.3068178,0.25463619417069494,158704.1672612604,0.0001794930066376619,1462918.098800668,29930.994734282925,0.009807467
2026-07-30,1420303.3100061573,-0.04844478802610284,212106613.44450906,0.19662679835655278,158929.19289879352,0.00015073568956678273,1371097.2038505534,49206.10615560383,-0.027417183
2026-07-31,1472570.2064281395,0.03696146676819045,212411763.11620286,0.2148482437124497,159158.7900703548,0.000161653620000557,1420654.0262803657,51916.18014777385,0.025338173
2026-08-03,1452538.3369140935,-0.013455123564158438,212714043.04771793,0.20527369778061505,159377.04550001188,0.00014821393825866432,1434658.4881127898,17879.848801303673,0.0006034374
2026-08-04,1545606.3382463309,0.06423388069102942,213022615.9480792,0.21243700941954513,159611.21840026067,0.00016121633026656157,1516987.7624340062,28618.575812324576,0.028166175
2026-08-05,1645524.3362400266,0.06479153610871714,213309986.32845142,0.18592727867451758,159835.4292809141,0.00014506338069746212,1582397.5898115172,63126.746428509505,0.029379606
2026-08-06,1677806.4593935048,0.01977588695504494,213662455.93066418,0.21419896044694134,160095.0093826941,0.00015774917214115162,1634027.692585147,43778.76680835782,0.0049886703
2026-08-07,1745317.4625189458,0.04031468395251805,213825948.95071003,0.09744450507417067,160224.2434011955,7.702558169202295e-05,1675210.9158608576,70106.54665808822,0.01979971
2026-08-10,1727249.6368039853,-0.010188748235887415,214211524.94676596,0.22092026484364896,160509.46889885256,0.000163423276155961,1673254.313183029,53995.32362095633,0.0070798397
2026-08-11,1725214.6054938892,-0.0010432245216631338,214534120.58247003,0.18676839110586518,160742.59103280105,0.00013496725023480003,1706750.7753251928,18463.83016869628,-0.004635453
2026-08-12,1761004.8165515973,0.020907061559679967,214907403.48501173,0.21636896728846944,161021.54793581265,0.0001616940304836669,1746841.0388644747,14163.77768712258,0.012427807
2026-08-13,1733691.4776803462,-0.015369479891261527,215237240.7393052,0.18730059747329905,161269.15869065927,0.00014060765338024238,1718844.0542418263,14847.423438520007,-0.009986222
2026-08-14,1760984.182420568,0.01586737154466942,215526049.8181669,0.16658620208950656,161485.58077061843,0.00012483309905216022,1747092.0978107313,13892.084609836795,0.006989479
2026-08-17,1837567.438649375,0.043612108812305685,215815840.37022895,0.16456170075514354,161702.5583222865,0.00012321379932545451,1825353.7811049921,12213.657544382811,0.025555253
2026-08-18,1844370.711116672,0.0038602475750204243,216202866.15079534,0.21061854516254436,161992.7511039722,0.00015792224850207388,1832753.461310387,11617.24980628502,-0.0028136373
2026-08-19,1733807.2250634404,-0.05989178924726336,216337740.27862018,0.07312745046964206,162093.57523317885,5.4665869827009146e-05,1723616.6660344333,10190.55902900709,-0.053887725
2026-08-20,1755615.1869481718,0.01272923165023993,216684810.69695815,0.20017820512039428,162355.64715313964,0.00015115401307154864,1738610.2750097725,17004.911938399426,0.009578586
2026-08-21,1759273.6262341733,0.002201293151877132,216959918.09837854,0.15670142492821018,162561.83155549865,0.00011744282226073959,1743059.4935229702,16214.132711202965,0.0015836954
2026-08-24,1733612.2500463454,-0.01446642405788391,217242418.97463956,0.16057813409374816,162772.80943237184,0.00011992328750178701,1721200.2165021957,12412.033544149723,-0.014510989
2026-08-25,1768450.647548652,0.020239504545951085,217570485.4869882,0.18923869068175525,163021.86494579472,0.0001436627558534037,1744265.1528722872,24185.494676364848,0.004806757
2026-08-26,1777356.3423302218,0.005275599045660207,218134521.25342214,0.318943458906131,163445.8067127298,0.0002397249634999596,1749935.0209824007,27421.321347821053,0.0022809505
2026-08-27,1825860.9452354808,0.027385528059430984,218363846.8339489,0.12902622567296182,163615.0457919627,9.521955457228517e-05,1809629.2876155362,16231.657619944599,0.024955392
2026-08-28,1823714.804790974,-0.0010340921019445267,218692515.8969465,0.18000771847123945,163873.07785375262,0.00014132076293281692,1761620.1210659556,62094.68372501821,-0.0036104918
2026-08-31,1835319.3075622267,0.00652661946523915,219086829.66899955,0.21621460275322896,164171.26762649344,0.000163506800491757,1763705.0388058065,71614.26875642003,0.0084866285
2026-09-01,1833856.5532564234,-0.0006161389305137879,219546992.29810163,0.2507261963659581,164503.21025698396,0.00018086369446601946,1815291.5924747437,18564.96078167972,-0.010173202
2026-09-02,1817738.1953658992,-0.008698474886227815,219771379.51495913,0.1223581072680102,164669.81297406286,9.084828188064196e-05,1806090.6195579702,11647.575807929046,-0.013990998
2026-09-03,1817031.3119577875,-0.0002925392041016189,220003972.73782218,0.12795749324958688,164844.93669723716,9.634155436726602e-05,1802843.6357649337,14187.676192853825,0.0021545887
2026-09-04,1816878.995444726,8.993816078802924e-05,220423502.7073287,0.23088758390987943,165160.67366459043,0.0001737652869685945,1798649.0953257824,18229.900118943566,-0.012106419
2026-09-07,1845185.2826167142,0.015684032876086017,220677932.9331204,0.14003696802571855,165350.37638902737,0.00010441131462940594,1831624.8648495702,13560.417767144103,0.01748383
2026-09-08,1840323.6361877953,-0.0025248621310418637,220949869.916996,0.14737651900732715,165553.18437311158,0.00010991198878228791,1831545.041694745,8778.59449305042,0.0026507378
2026-09-09,1829434.533100459,-0.005768616334808557,221311937.01298815,0.19674099102599413,165826.16647140068,0.00014833374571799482,1815201.8155259525,14232.717574506452,-0.0014112592
2026-09-10,1810233.1240950767,-0.010327637414020225,221719565.48595732,0.22281664940386825,166133.8389462341,0.00016817900245491538,1788503.5985693482,21729.52552572846,-0.007981658
2026-09-11,1776282.6509618175,-0.018670600811049112,221924087.08413163,0.11298080642322945,166286.1720445758,8.415109430607792e-05,1758937.8596905195,17344.79127129802,-0.021153867
2026-09-14,1796244.6945297325,0.011412422168566515,222336491.5221615,0.23217275573038867,166595.81598013756,0.00017432131952316085,1777847.1190365767,18397.575493155702,0.005528331
2026-09-15,1786060.8115204556,-0.005507241403325883,222724431.8768717,0.21597299960947502,166887.34583719578,0.00016229963431265573,1765656.4017820524,20404.40973840333,-0.0040973425
2026-09-16,1818876.6604510979,0.01851433534729465,223061891.26275817,0.18894059133360905,167139.22572170448,0.00014102536872430312,1803582.7502216657,15293.910229432273,0.02013123
2026-09-17,1828986.5729317318,0.005754899668344139,223538113.97129402,0.26182243078414263,167496.76593105946,0.00019657199255407735,1812557.4910993718,16429.08183235999,-0.005088687
2026-09-18,1857730.9795240045,0.015870669945272732,223913078.61239848,0.20501224374950924,167779.60157212178,0.00015464063282266685,1835136.0923968467,22594.88712715781,0.018383026
