datetime,account,return,total_turnover,turnover,total_cost,cost,value,cash,bench
2023-01-03,1000000.0,0.0,0.0,0.0,0.0,0.0,0.0,1000000.0,0.022618413
2023-01-04,999578.2289969916,9.828227121033706e-17,843542.0060169052,0.8435420060169052,421.77100300845274,0.00042177100300845274,843542.0060169054,156036.22298008628,-0.00037676096
2023-01-05,1008500.7772089903,0.009113942769966544,1130980.0662156001,0.2875593443918035,609.321564192891,0.00018762969795033688,964764.04064842,43736.73656057033,0.009996414
2023-01-06,1010927.1445878355,0.0025649792384271368,1355120.2427118013,0.2222508713543142,769.7377408263536,0.00015906400893156658,998106.647158652,12820.497429183539,0.002289772
2023-01-09,1013164.182208565,0.002340922284524651,1527529.5037666475,0.17054568371011453,899.2020008934743,0.00012806487664341476,999843.8919355046,13320.290273060316,0.005450487
2023-01-10,1018615.2479430118,0.005513315957587964,1705477.521958824,0.17563591500468675,1034.0305198736519,0.00013307667340378053,999959.7648447498,18655.48309826199,0.00068092346
2023-01-11,1004547.0099091392,-0.013659739329136394,1911471.293014083,0.20222922391083598,1188.2497901610366,0.00015140090490380404,987149.9780974032,17397.031811736106,-0.008149624
2023-01-12,1006599.6093142983,0.0022152471942074783,2138696.3333301973,0.22619652248695318,1360.9703301527597,0.00017193873286960024,980168.259024003,26431.350290295184,0.00041162968
2023-01-13,1004639.4214314682,-0.001804944949039707,2332847.835339825,0.19287857874481498,1504.3013324456142,0.00014239127550475845,987481.8990009313,17157.522430536905,0.0043053627
2023-01-16,1020888.5456505417,0.0163314575101592,2544806.6410564426,0.21097998067267396,1662.4031375111122,0.0001573716914673977,1007358.3219129308,13530.223737610871,0.011399984
2023-01-17,1028617.7145263527,0.0077143751352610115,2736785.476803294,0.18805072949909185,1808.7514741393875,0.00014335388250929747,1005776.9998528219,22840.714673530718,0.00086176395
2023-01-18,1025962.4650710963,-0.002423452523237148,2957232.234295906,0.21431359228935812,1971.1947336804571,0.00015792384016628555,1014851.4279706639,11111.037100432404,0.002352357
2023-01-19,1029734.0488636004,0.003827376694474556,3164884.270046415,0.2023973028449136,2126.355769395197,0.00015123461237345333,1021090.1371914486,8643.911672151753,0.00953722
2023-01-20,1040391.7121427723,0.010490077330614701,3355669.793729222,0.18527650308674873,2270.682292769425,0.00014015902798737676,1026942.6045455043,13449.107597267935,0.009102702
2023-01-30,1057327.6294667637,0.016443246978335543,3585125.847297784,0.220547752246102,2442.1828457549836,0.00016484229063334132,1046415.9711859362,10911.65828082736,0.007362485
2023-01-31,1061140.6010570717,0.003763627957199156,3804925.5822705976,0.2078823335806178,2608.5990816271988,0.00015739325374117282,1044129.6204416993,17010.98061537231,0.0027745962
2023-02-01,1073443.3731709027,0.011741877613438624,4016037.03570396,0.19894767311990547,2765.6100360590185,0.00014796432657030638,1061879.9460827718,11563.427088131011,0.016375542
2023-02-02,1084124.2691795107,0.010110941197816891,4239555.352320367,0.20822553122308052,2938.2368527682993,0.00016081595082127997,1052781.1519201854,31343.11725932528,0.0023869276
2023-02-03,1087272.1307625733,0.003065146356962334,4473515.324124485,0.2158054924655315,3113.374823875649,0.00016154787424867622,1057432.182457315,29839.948305258353,-0.0011755228
2023-02-06,1078755.7076988856,-0.007694857119273011,4671911.190782062,0.18247121492797652,3263.394191577873,0.00013797775502348778,1044175.9079251618,34579.79977372378,-0.00486207
2023-02-07,1084278.822218859,0.005282320620711858,4902623.189422563,0.2138686238171913,3438.6131910927907,0.00016242695010966002,1041134.2393064791,43144.58291237994,0.004775524
2023-02-08,1078106.5945491923,-0.005552597914051062,5102856.532000781,0.1846696057094083,3590.2765342573657,0.0001398748551172589,1029160.33005633,48946.26449286229,-0.006729901
2023-02-09,1101495.939186774,0.02187078298507965,5358226.760141832,0.23686918291027914,3779.967260844395,0.0001759480254977457,1060087.1434955331,41408.79569124078,0.017659903
2023-02-10,1098005.6208169775,-0.0030228590670022585,5573191.142117501,0.19515676302390728,3940.6186436039866,0.0001458483658852156,1059045.091397134,38960.52941984363,-0.0033989549
2023-02-13,1109169.2736627841,0.010316245132723808,5792412.937549951,0.19965452933595737,4104.260939253839,0.00014903593619866286,1073468.590236532,35700.68342625213,0.0110087395
2023-02-14,1111494.6258123142,0.002238868654226326,6008299.605970271,0.1946381616823939,4262.193108758347,0.00014238779711501788,1091883.2017984907,19611.424013823413,0.0013145208
2023-02-15,1110040.5136101241,-0.001175919604059582,6203873.988854392,0.17595621098139794,4409.276990648873,0.00013232981831381546,1088963.7945684548,21076.71904166935,0.00030446053
2023-02-16,1088843.9027308717,-0.018949608225734084,6420843.520286857,0.19546091225700093,4571.055022296809,0.0001457406551061761,1071725.4294265,17118.47330437147,-0.019593418
2023-02-17,1084701.1440503583,-0.003678341641055493,6604038.832695028,0.16824754397642142,4708.673834785828,0.00012638984536154823,1066830.9768269008,17870.16722345754,-0.008180261
2023-02-20,1099056.5142722987,0.013371878345462081,6802957.350272398,0.18338555155809408,4857.795352270426,0.00013747705375119834,1081604.9513600487,17451.562912250043,0.013221145
2023-02-21,1102489.9323690373,0.0032823903921035333,7035255.794948117,0.21136169219608023,5031.909798357984,0.00015842174067167255,1085650.033579799,16839.89878923816,0.0044716597
2023-02-22,1110093.121433677,0.007021408539592874,7219878.957121154,0.16746017968283666,5169.752959669492,0.00012502895243252682,1095887.9070788329,14205.214354844142,0.0011372566
2023-02-23,1108321.0052403817,-0.0014519147324924132,7432570.592433018,0.1915980120993577,5330.108595516671,0.00014445241822603192,1090928.5090682541,17392.49617212754,-0.0045209527
2023-02-24,1105981.7275342338,-0.001984615537155531,7621824.210744175,0.1707570436870955,5469.795214508643,0.00012603444158461617,1097743.2969466858,8238.430587547955,-0.0031535625
2023-02-27,1096852.927063139,-0.008127392743051791,7807946.3167423485,0.16828678210907627,5609.847819293931,0.00012663193369164688,1086910.4479337477,9942.47912939129,-0.0072745085
2023-02-28,1101810.64451407,0.004660792500299118,8011472.763074274,0.18555491015269904,5764.334264749974,0.0001408451777301499,1084656.2090017453,17154.435512324457,0.008887172
2023-03-01,1112484.097903491,0.009829347418387254,8218952.488108329,0.18830796931133198,5920.960489534839,0.00014215348668549307,1091420.5645786468,21063.533324844255,0.0067858696
2023-03-02,1110790.9015743015,-0.001365362308663583,8450163.4624179,0.20783306003680943,6095.21296245927,0.00015663367526134932,1086524.6519533782,24266.24962092334,-0.0043497086
2023-03-03,1107125.278839624,-0.0031500308890854275,8671301.047411265,0.19908119942281707,6261.810045862681,0.0001499805977590353,1080050.0476685588,27075.231171065356,-0.00062674284
2023-03-06,1126704.939011214,0.017846810707953437,8909606.158716062,0.21524674385049214,6440.805155713573,0.0001616755693976171,1098743.597460826,27961.341550388217,0.004176259
2023-03-07,1102128.2042053016,-0.021659512437808278,9144558.32386766,0.20853034101172024,6613.66032137264,0.00015341653317927514,1087775.5506390913,14352.653566210327,-0.020251453
2023-03-08,1108021.5381135393,0.005491125955022992,9353472.201844698,0.18955496935828517,6772.251201009502,0.00014389512856284755,1086205.5908106286,21815.947302910845,0.0052689314
2023-03-09,1114800.8700748615,0.006258644490497343,9561591.135011496,0.18782932100862482,6927.632134554087,0.00014023277364186304,1095973.369027548,18827.501047313348,0.00020313263
2023-03-10,1105909.2160875462,-0.007842503475977146,9759601.424541013,0.17761942499759661,7076.456423284891,0.00013349854016602038,1085964.2529943062,19944.963093239978,-0.013718545
2023-03-13,1120332.388204607,0.013195920121920052,9986223.984420827,0.20491967747728165,7246.773983810624,0.00015400681904820132,1099155.1802083896,21177.207996217254,0.005048394
2023-03-14,1109649.3353895724,-0.009372274287051166,10230971.36454809,0.21845961315059814,7429.764363924481,0.0001633357939487129,1090935.7376998272,18713.59768974535,-0.009186864
2023-03-15,1107446.381895837,-0.0018490670149132343,10427811.373708252,0.17738938138601687,7580.90187347075,0.00013620294693657265,1074853.9110110428,32592.470884794242,0.00496614
2023-03-16,1088458.0897994929,-0.017000109297154054,10648568.43583737,0.19933882645514958,7742.484436847769,0.00014590554090790928,1071968.1343573665,16489.9554421264,-0.01671058
2023-03-17,1088067.542847713,-0.00020813081317362864,10865514.220771365,0.19931478020799082,7906.489721292249,0.00015067671045992378,1066557.809714093,21509.73313361986,0.006964326
2023-03-20,1093164.5160822445,0.0048163078050130394,11053808.686474351,0.1730540231079572,8049.9846857595785,0.00013188056698371108,1062701.817152726,30462.698929518436,-0.002214849
2023-03-21,1112845.7851346284,0.01816420330783816,11293998.652282417,0.21971987040786353,8225.178152408029,0.00016026267233437133,1102354.3105021613,10491.474632467121,0.013083458
2023-03-22,1114213.0743445987,0.0013802094521939174,11514805.713684976,0.19841658597453085,8393.849213914731,0.00015156732744087896,1091627.2089545038,22585.86539009483,0.0045437813
2023-03-23,1112557.6920716518,-0.0013324913908570768,11740940.657531006,0.20295484683577872,8564.552157717038,0.0001532049369486335,1085735.5859542242,26822.106117427662,0.0041663647
2023-03-24,1112464.4564899234,3.890085020046532e-05,11924939.67978827,0.165383803076895,8701.06717956409,0.00012270376882016088,1091715.844777924,20748.6117119995,-0.00012809038
2023-03-27,1111326.4750444612,-0.0008617144521429518,12166036.924905615,0.21672354897347648,8880.42192537358,0.00016122289998854773,1096629.9701923488,14696.50485211228,0.0027287006
2023-03-28,1102448.0048787661,-0.00783764144639291,12391756.147769071,0.2031079326661644,9048.713649786438,0.0001514332000469309,1091910.5626900203,10537.442188745743,-0.008902669
2023-03-29,1104779.8143257874,0.002270695411678764,12620763.325039787,0.20772605715396028,9220.227829057836,0.0001555757536975719,1095378.7010428754,9401.113282911854,-0.0027983785
2023-03-30,1112265.9034178292,0.006949626150405088,12876043.922689304,0.23106920884982526,9411.945425094174,0.00017353466595815533,1102027.9165341542,10237.986883675014,0.00019979477
2023-03-31,1117384.296281522,0.004725004504307398,13058302.962491598,0.16386283103908791,9549.013965038239,0.0001232336076498192,1105786.3375684284,11597.958713093576,0.010013819
2023-04-03,1124025.1253594116,0.006072858775365,13251657.915001731,0.17304248247768297,9693.901916276847,0.00012966707311063216,1113085.1071735339,10940.018185877747,0.0125643015
2023-04-04,1117151.8387274926,-0.005986451326747475,13443863.343694016,0.17099744868321026,9838.26684519048,0.00012843567786571558,1105512.7558928418,11639.082834650715,-0.0012696981
2023-04-06,1124336.013096375,0.006577792196977938,13658838.122078009,0.19243111896844983,10002.485123929417,0.00014699727740321545,1100912.3687367002,23423.644359674687,0.0042669773
2023-04-07,1138074.270056533,0.01237716391002413,13899528.787666716,0.21407360680892412,10180.319287808283,0.00015816816486124833,1125563.8011113915,12510.468945141398,0.008572221
2023-04-10,1140759.92444449,0.0025068336058518053,14110982.22567699,0.18579933100479437,10347.627725984079,0.0001470101227817806,1093543.3252651514,47216.59917933869,-0.010552466
2023-04-11,1137356.898981195,-0.002837708915912475,14339508.080057602,0.20032773722472522,10513.508580767477,0.00014541258965086447,1112360.3246648721,24996.574316322774,0.0022343397
2023-04-12,1136653.229018166,-0.0004574772232597614,14583175.164479662,0.21423977349618922,10696.863667795207,0.00016121156621283394,1109420.9149441365,27232.314074029433,0.0052804947
2023-04-13,1129219.355337989,-0.006418644981279943,14772792.801298345,0.16682100747866024,10834.963804079027,0.00012149715740754963,1118577.5067210011,10641.848616987972,-0.0077196956
2023-04-14,1140255.882229622,0.009935859908372263,15016691.230393702,0.21598853043247376,11018.202232906788,0.00016227000357509397,1128538.844016482,11717.038213140077,0.007646203
2023-04-17,1146711.3302683341,0.005835582384548378,15281745.831829255,0.23245186064488746,11216.811334411495,0.00017417941411216706,1135920.299444519,10791.030823815257,-0.001042664
2023-04-18,1148500.4121086868,0.0016697479796847399,15449100.416960007,0.1459430815003717,11342.448421056026,0.0001095629591582835,1137350.4271856456,11149.984923041186,-0.00223881
2023-04-19,1143675.578277619,-0.004045087639933599,15686278.425992196,0.20651103519999855,11521.497430644195,0.00015589808040158078,1128042.6311080684,15632.947169550705,-0.0045004487
2023-04-20,1133331.0572702584,-0.008867707093125203,15956873.394589484,0.23660116009891952,11724.238400278342,0.0001772713988869783,1118721.8783256155,14609.178944642874,-0.00024110079
2023-04-21,1106236.7399591615,-0.023742701910087406,16204166.747677062,0.21820045564021587,11910.214253163334,0.00016409667033473344,1089790.1845901448,16446.555369016663,-0.027339578
2023-04-24,1099177.5148405088,-0.006270783287613318,16369490.505483365,0.1494469961397288,12032.46851073627,0.00011051364789913602,1089807.456856234,9370.057984274797,-0.0071219206
2023-04-25,1078248.3093199942,-0.018894750241202008,16582143.912501233,0.19346593625391265,12192.98941759437,0.00014603729123897915,1064915.3658637786,13332.94345621558,-0.018145025
2023-04-26,1087965.2995771389,0.009144788538155948,16774625.435947878,0.17851316972436115,12336.351940805209,0.00013295872756921044,1078770.1961407196,9195.103436419377,0.003204465
2023-04-27,1104079.7109898864,0.014967500930587624,16998444.65583621,0.2057227560247772,12506.062161925502,0.0001559886341836953,1087671.092958429,16408.618031457463,0.0013722181
2023-04-28,1106276.409506001,0.0021338746855842023,17209143.385457873,0.1908365197950764,12665.331391959327,0.0001442551914037344,1085046.3294342852,21230.080071715813,0.013538957
2023-05-04,1105453.4730858542,-0.0006103536256978349,17409043.98817733,0.1806967960283271,12813.047994540198,0.00013352594461164794,1093206.5074516132,12246.965634241078,0.0015870333
2023-05-05,1095759.3694334105,-0.00861589226895618,17631686.607337113,0.20140388047113475,12982.683614532765,0.00015345342352494657,1073067.416928257,22691.952505153484,-0.011927605
2023-05-08,1099689.0485793205,0.0037536704491402746,17878088.524371922,0.22486863804980903,13166.12403303346,0.0001674093999265072,1082624.6135943225,17064.434984998024,0.0073418617
2023-05-09,1087053.1385415946,-0.01132210845969587,18125259.880824666,0.2247647703430921,13351.235390804562,0.00016833063674703862,1071242.4531881558,15810.685353438737,-0.013556123
2023-05-10,1107127.2785147184,0.018634239191614756,18369538.104921706,0.224715991735939,13533.503615260379,0.00016767186257366399,1095260.6358535897,11866.642661128728,0.002370119
2023-05-11,1107513.7509364167,0.0005076216265983211,18599714.931697838,0.20790457542056848,13709.03294353312,0.00015854484997264757,1084235.804840964,23277.946095452575,-0.0007227659
2023-05-12,1093045.4467519524,-0.01291503569358909,18822015.990730777,0.2007208116783932,13873.757503512832,0.00014873364763230695,1077937.1623964435,15108.28435550891,-0.013073623
2023-05-15,1111722.5195349825,0.017239383749599217,19043944.12149898,0.2030365081595413,14040.114632791752,0.00015219598578747115,1097136.4674976722,14586.052037310317,0.007645488
2023-05-16,1103987.6226795872,-0.006800456613424156,19273990.21762864,0.2069276209551683,14214.790727922802,0.00015712202646044654,1081010.1546021698,22977.468077417576,-0.010571063
2023-05-17,1109700.6121756718,0.00531825101595431,19486398.51683861,0.1924009788211355,14373.084527754872,0.0001433836725885217,1090931.1361997118,18769.47597596006,0.005937457
2023-05-18,1117141.0624356018,0.006854470171552782,19707579.50159113,0.19931590766528903,14539.044013336888,0.00014955338742819732,1098242.5578746875,18898.504560914243,0.004387498
2023-05-19,1126229.6057586432,0.008288891395454202,19934596.61874036,0.20321257966678366,14710.361630226509,0.00015335361186716417,1103283.302703814,22946.303054829237,0.0028220415
2023-05-22,1136955.3445245763,0.0096723380651081,20159120.83871784,0.19935918824140386,14877.896350124438,0.00014875716198658732,1117610.35653035,19344.987994226492,-0.0009602308
2023-05-23,1134142.2721815582,-0.002324637332171441,20388901.341173965,0.2021016072115029,15047.959854248904,0.0001495779978901272,1124054.8385619577,10087.43361960059,-0.010238051
2023-05-24,1129968.2884266723,-0.0035419790051040333,20598372.480098754,0.18469564539011882,15204.83549226669,0.0001383209513177129,1120948.595148293,9019.693278379265,-0.0023390055
2023-05-25,1127549.7157370225,-0.0019895497856674852,20822742.50334218,0.19856311503735394,15375.28001586623,0.0001508400946692599,1110032.4423143398,17517.273422682665,-0.0018700361
2023-05-26,1128789.9327248137,0.0012451399253581858,21042543.18483048,0.19493657656117205,15539.020196965432,0.00014521770420754593,1115877.719551317,12912.21317349682,0.0069850683
2023-05-29,1124343.710879892,-0.003829051937800475,21206409.751362223,0.14517011693768594,15663.046762617403,0.00010987568373557392,1107048.9612593956,17294.749620496535,-0.0018773675
2023-05-30,1126386.4125173013,0.0019639065473656303,21429864.588525172,0.19874246193637463,15828.45110049463,0.000147111898502803,1118004.227214621,8382.185302680391,0.0046448708
2023-05-31,1118542.3730437332,-0.006820160076762967,21643932.420999616,0.19004830855162325,15990.35493240396,0.00014373738009454369,1104910.261358978,13632.111684755124,-0.00042957067
2023-06-01,1123777.228062898,0.004832933694922626,21870469.024332415,0.20252840553224327,16161.341037120994,0.00015286511162894412,1105981.4936131155,17795.734449782292,0.0019979477
2023-06-02,1136130.931739312,0.01111247111953414,22045324.83893861,0.155596509912912,16295.5793523461,0.00011945278109656852,1106083.6185229341,30047.313216377726,0.007835984
2023-06-05,1133673.531847485,-0.002034974979732904,22245442.209748045,0.1761393561418793,16440.98122438276,0.00012797985511587258,1122516.2447848073,11157.287062677766,0.001008153
2023-06-06,1101188.578266164,-0.028491774473792367,22490426.19620946,0.21609747390166112,16625.5642093976,0.0001628184656600702,1086835.8935133715,14352.684752792655,-0.02158165
2023-06-07,1090808.101693946,-0.009289944341742058,22692107.165491566,0.18314843911626372,16776.060179760985,0.00013666684647269464,1079664.9393042997,11143.162389646368,-0.0001925826
2023-06-08,1077786.855090694,-0.01178100291472885,22920010.342706203,0.20893058720477073,16946.493357546664,0.00015624487709708823,1068790.9463800362,8995.908710657794,-0.0071017146
2023-06-09,1081335.1029471555,0.0034365553378578454,23117893.655516967,0.18360152740414723,17102.119671020166,0.00014439433245862522,1043639.5050882627,37695.597858892645,0.008239031
2023-06-12,1094599.1671062182,0.01242134465728805,23349088.500805315,0.21380499408391615,17269.691515688148,0.00015496754355913224,1080368.2982850925,14230.868821125718,0.005326748
2023-06-13,1098021.5657623636,0.0032699399872629605,23551574.431149013,0.18498637348592994,17426.566446088065,0.00014331723896213655,1063905.6413030592,34115.92445930448,0.0037977695
2023-06-14,1096451.3152317011,-0.0012849341340874518,23761075.071696457,0.19079829311183474,17585.931586938335,0.00014513844337804227,1053536.1141545007,42915.20107720047,0.0035332441
2023-06-15,1115457.865124972,0.017487072106751614,23993555.88864077,0.2120302230611896,17753.10490466679,0.00015246761566711979,1101459.017284629,13998.84784034303,0.0054467916
2023-06-16,1116188.6520601425,0.0007990402618134216,24208543.19861593,0.19273458612538064,17913.613714087674,0.00014389499992713864,1105277.0052711568,10911.646788985683,0.0083248615
2023-06-19,1115329.9827332653,-0.0006205456117753174,24429953.054908518,0.1983623967901232,18079.637071015568,0.00014874130517405386,1104720.5004674233,10609.482265841973,0.0036422014
2023-06-20,1121319.3824037656,0.005515158066491509,24644993.534684815,0.1928043566526485,18241.458551586464,0.00014508843398464965,1108707.2386637782,12612.143739987492,9.119511e-05
2023-06-21,1101119.6613482432,-0.01789128162399193,24829123.72928462,0.16420851854454568,18379.33874608232,0.00012296246427158405,1089515.203618745,11604.45772949811,-0.021736145
2023-06-26,1091233.2776674577,-0.008845290408246777,25026116.730800893,0.17890244669236707,18525.999248012307,0.00013319215620072618,1084112.477268762,7120.80039869585,-0.019461215
2023-06-27,1106765.4355635946,0.014374151814428691,25226400.632783365,0.1835390343030813,18679.394150024098,0.00014057022009049858,1087070.127967159,19695.30759643564,0.013440371
2023-06-28,1102578.6615071164,-0.003647091141059278,25430678.274207443,0.1845717573571087,18829.69379122767,0.00013580080871159047,1094668.0130098439,7910.648497272567,-0.0048807263
2023-06-29,1102796.5252561157,0.00033362593478140614,25626335.360210754,0.1774540836259855,18979.6788788437,0.00013603119020189994,1082066.7693922918,20729.755863824008,0.006876707
2023-06-30,1118467.276706634,0.014357565135502239,25846944.852895137,0.20004550942264543,19142.400370895542,0.0001475535044998904,1108842.7521806397,9624.524525994537,0.01257658
2023-07-03,1125368.0021023026,0.006319602150911692,26066580.66399318,0.19637213861523797,19309.9431828266,0.00014979679371969826,1104647.2059581312,20720.79614417135,0.0016418695
2023-07-04,1135152.2466372796,0.008825747916789538,26260149.429454874,0.17200485983259536,19457.912948025587,0.00013148566950772148,1103406.6558474612,31745.590789818336,0.0038666725
2023-07-05,1122353.3686000677,-0.01111335156671711,26511559.467083205,0.22147693260802265,19641.44498660868,0.0001616805491305499,1110893.2684014423,11460.100198625336,-0.008138955
2023-07-06,1119450.3068678046,-0.0024435795213782452,26723223.994465254,0.18858991588902418,19801.947011610737,0.00014300489444091412,1101136.190832121,18314.116035683455,-0.0026334524
2023-07-07,1109486.4359580898,-0.008758565030532071,26936318.091789376,0.1903560131403724,19961.039610174827,0.000142116713522753,1094243.3102369667,15243.125721122953,-0.006951332
2023-07-10,1114854.2659853292,0.004979565126976159,27147389.5302721,0.1902424686250939,20117.9695482854,0.00014144376445220626,1105262.6332081605,9591.632777168612,0.00083100796
2023-07-11,1125448.4156727942,0.00963010570003691,27334954.764283452,0.1682419305680087,20259.984282396137,0.00012738412404532664,1110635.5632208362,14812.852451958064,0.008046865
2023-07-12,1115392.2919721825,-0.008782170520298279,27562968.06463565,0.20259773542432022,20432.22808476988,0.00015304459980138124,1095816.3748842382,19575.917087944174,-0.014648855
2023-07-13,1124000.9541727696,0.007862552539160163,27776913.362113763,0.19181170518923493,20593.396381588333,0.00014449471991014403,1101748.9105421726,22252.043630597043,0.010075688
2023-07-14,1120366.9602990733,-0.0030864036336405863,27997003.606813196,0.19580966002062974,20758.26962611032,0.0001466842567258569,1099057.5459233532,21309.414375720175,-0.0005879402
2023-07-17,1118186.6886514674,-0.0017934387741129765,28227302.70576639,0.20555684620663783,20929.23172588068,0.0001525947353220087,1104097.1341536478,14089.55449781974,-0.0042631626
2023-07-18,1122408.4917537987,0.003943261105771001,28475157.681207802,0.2216579556498961,21116.730701899643,0.0001676812807037503,1102075.4584803793,20333.033273419358,-0.0010020733
2023-07-19,1121963.2642402432,-0.00023241401127281993,28719860.2354092,0.21801559414348567,21301.094755599905,0.00016425753640921453,1098466.0428236783,23497.221416564942,-0.002715826
2023-07-20,1108836.4373344942,-0.01155367426235973,28943654.053138364,0.19946626138486784,21465.12357198334,0.00014619802769969372,1100769.4323880833,8067.00494641078,-0.01287514
2023-07-21,1110592.2813109318,0.0017406515198410907,29170451.405471176,0.2045363452142722,21639.377425447226,0.00015715018698589367,1086076.1733608518,24516.107950079964,-0.0011453032
2023-07-24,1111685.7002033833,0.0011449238826179908,29411750.141312994,0.21727031594078036,21817.50215971975,0.00016038715311641216,1098744.9874229485,12940.712780434922,-0.0011919141
2023-07-25,1136604.168454397,0.02257875317821359,29651940.92726569,0.21605997622237266,21999.51094534783,0.00016372324083577047,1116382.6798053707,20221.48864902635,0.016340852
2023-07-26,1125220.4586910892,-0.009859345862075451,29892473.585044432,0.21162394477738916,22177.047103587083,0.00015619875693459364,1116629.846579505,8590.61211158437,-0.00631243
2023-07-27,1109407.3147288684,-0.013904754976062554,30113747.773482498,0.19664963139353347,22344.276293655526,0.00014861904507404016,1095889.7368477678,13517.577881100646,-0.007696748
2023-07-28,1115430.6987122977,0.005562341481448353,30310529.116386794,0.17737519871354715,22491.79463676485,0.00013297040784824562,1102331.2954498825,13099.403262415166,0.009025335
2023-07-31,1125306.5718123454,0.009010544787059597,30541670.283355948,0.20722145018600757,22666.55980432549,0.00015667953891030251,1106744.764382398,18561.807429947465,0.007806182
2023-08-01,1120228.62602074,-0.004357957532067964,30775898.82420412,0.20814642579660758,22840.467345415695,0.0001545423668948454,1108896.1843156174,11332.441705122685,-0.0012952685
2023-08-02,1120637.8410698655,0.0005118390342062466,30985744.51392046,0.1873239844457019,23004.629034322854,0.00014654302264198698,1082359.8745740491,38277.96649581631,-0.0017502904
2023-08-03,1118346.0124001647,-0.001877386247355884,31245159.112935457,0.23148834485843892,23192.58763293247,0.0001677246579770806,1106665.407109471,11680.605290693802,0.00054192543
2023-08-04,1122115.3918898522,0.0035147023187346183,31457748.445616197,0.19009262815225303,23353.86146617544,0.00014420745588107148,1103268.7255027336,18846.666387118596,0.005504966
2023-08-07,1109284.5446286283,-0.01129672568065105,31666705.943774994,0.18621747787174908,23508.478963183472,0.00013779108470085875,1098995.0021827868,10289.542445841424,-0.0047954917
2023-08-08,1103436.2837739063,-0.005138887379995608,31863412.95348878,0.1773278196890757,23656.25147068924,0.0001332142489691316,1092325.5129538407,11110.770820065653,-0.0050184727
2023-08-09,1098450.6125665803,-0.004374928278078739,32073194.560203258,0.19011664724038005,23814.46807707466,0.00014338535782446564,1083976.4529546674,14474.15961191291,-0.0077819824
2023-08-10,1097221.721766007,-0.0009719693618568946,32286503.020802498,0.194190306017341,23975.698536720403,0.00014677988960197402,1077912.3358284698,19309.38593753698,0.00090789795
2023-08-11,1077672.5196007006,-0.017662555418789083,32510668.21807971,0.2043025514628082,24145.161234635445,0.00015444708626647223,1053177.3965325444,24495.123068156285,-0.019009411
2023-08-14,1076975.8920813291,-0.0005025339964270135,32718450.658250745,0.19280666101426105,24300.22167589239,0.00014388456459333085,1055741.3849397448,21234.507141584272,0.002342701
2023-08-15,1060623.545384783,-0.015036107649969715,32932910.40556646,0.19913142800370207,24459.042922681427,0.00014746963971691535,1047642.1142810108,12981.43110377228,-0.009127438
2023-08-16,1048715.8886018654,-0.011093799977282865,33120267.224444713,0.17664780278876516,24600.354241903726,0.00013323419024328072,1032700.9485628647,16014.940039000703,-0.012030184
2023-08-17,1060109.1609801599,0.011008947587119107,33323148.097148355,0.19345646891468368,24752.340115006205,0.00014492568936388034,1044945.3325152628,15163.828464897018,0.009892583
2023-08-18,1040548.2877547882,-0.018307720267675142,33527205.84941353,0.19248749070001944,24905.031367953346,0.0001440335189689005,1026945.395549776,13602.892205012162,-0.020886421
2023-08-21,1026131.6275056172,-0.013701919175099105,33740569.56293903,0.2050493149009769,25064.183080520437,0.00015294985772404233,1016172.177321283,9959.450184334237,-0.009798706
2023-08-22,1026255.3207003801,0.00026658005478111745,33939663.09433271,0.19402338458044177,25214.0361112306,0.00014603685014020706,1014314.1948871105,11941.125813269664,0.0069372654
2023-08-23,1004949.9975256899,-0.020615674917401024,34137789.19575448,0.1930573195825771,25362.413212108677,0.00014458107830009911,994027.1495663314,10922.847959358507,-0.020579815
2023-08-24,1006972.3233924978,0.00217192294079784,34352610.78319942,0.21376345885253575,25522.761299281505,0.00015955827411077625,999282.2371638155,7690.086228682332,0.0023938417
2023-08-25,989053.816312072,-0.017651358631535715,34542504.75303437,0.18857913511981322,25666.838767475623,0.00014307986907596454,974879.8442799585,14173.972032113466,-0.018193126
2023-08-28,991404.4719323425,0.0025383627863076606,34757251.533203855,0.21712345337306585,25826.760548187234,0.00016169168762516722,981943.6393429885,9460.832589353973,0.0073361397
2023-08-29,1030157.1254067098,0.03924651068844967,34961946.763929896,0.20646994896751902,25983.273278089375,0.00015786970336847706,1008887.5781168229,21269.54728988698,0.031508803
2023-08-30,1042372.308409571,0.012011088701096866,35175446.37045437,0.20724955568325024,26141.398884555234,0.00015349659053557542,1029257.280436135,13115.027973435976,0.005053401
2023-08-31,1036668.0661002647,-0.00532257609910907,35382480.74527447,0.1986184524951424,26297.535258747586,0.00014978944944401092,1020266.8021918946,16401.263908370005,-0.005754411
2023-09-01,1038571.6841959176,0.0019960793954297436,35605210.91434521,0.21485196308651505,26463.188929737425,0.0001597943222202211,1027911.8972114004,10659.786984517108,0.00047504902
2023-09-04,1060123.4086882132,0.020904388823025376,35815457.230107434,0.20243794334234966,26622.170744457562,0.00015307736301632715,1044434.2919244983,15689.116763714988,0.014992118
2023-09-05,1057065.4513181925,-0.0027214881268871997,36042968.32988316,0.21460812761152423,26795.014844698086,0.00016304149009821326,1032706.0770197723,24359.374298420247,-0.00502038
2023-09-06,1062533.6696682689,0.0053355465078334914,36275546.35620978,0.22002235153612038,26966.818371953952,0.00016252875074256013,1048866.0688534623,13667.600814806574,0.0044976473
2023-09-07,1040552.7664858213,-0.02053764086472468,36489126.12532385,0.20100988346162327,27125.786640076578,0.00014961245244327832,1031910.3687908804,8642.39769494093,-0.018060267
2023-09-08,1041816.5506143348,0.0013581938981005743,36686637.414319985,0.18981381373207756,27275.274929655872,0.00014366238252784587,1027904.3498802129,13912.200734121874,0.0031231642
2023-09-11,1061827.4277240569,0.019357695177096294,36895282.52185298,0.20027048659378643,27431.56503717996,0.00015001691750042494,1048846.4096000437,12981.018124013244,0.013134003
2023-09-12,1063812.2212141817,0.0020261345187591287,37118838.73524744,0.21053912110147516,27598.17675133202,0.0001569103507800491,1055219.5983794646,8592.622834717255,0.00031864643
2023-09-13,1047591.5850279579,-0.015100633117005732,37325319.363240145,0.19409499522109072,27754.574879613545,0.00014701666813248372,1033004.7311735011,14586.853854456804,-0.013173103
2023-09-14,1034089.8565812575,-0.012724927836621458,37554736.988618225,0.21899529230368633,27925.776004581265,0.00016342353968331163,1023122.580115103,10967.276466154468,-0.0056412816
2023-09-15,1037715.2104503758,0.0036359053569410367,37725735.46781962,0.16536133500692735,28060.274984565185,0.00013006508005849652,1001881.9506327178,35833.25981765795,0.0017054081
2023-09-18,1043596.8750292312,0.00580770383876561,37925416.001333505,0.1924232501393311,28205.35301698791,0.00013980524806970747,1026638.1640947643,16958.7109344669,0.00080764294
2023-09-19,1026985.8373660496,-0.01576528209827071,38137256.53373413,0.2029907692035675,28363.79154845986,0.00015181966836333547,1011953.0362770963,15032.801088953409,-0.008699954
2023-09-20,1014045.511029852,-0.01245160200574001,38341614.45687989,0.19898806362304688,28516.498972243844,0.0001486947708798389,1001409.4916660595,12636.019363792453,-0.008038402
2023-09-21,1006527.0144255765,-0.007280226622245749,38521456.9356527,0.17735148651283492,28652.514450950945,0.00013413153278393286,989492.5320305366,17034.48239503999,-0.0071707964
2023-09-22,1037804.8193316356,0.03120310585323472,38696333.50465532,0.17374254887973892,28781.478520153465,0.00012812777735143064,1029672.7312035862,8132.088128049425,0.019406796
2023-09-25,1029781.3376815231,-0.007570845144466885,38916005.5771027,0.2116699290227372,28947.900592924765,0.00016035970316506982,1015143.5978831912,14637.739798331826,-0.004548371
2023-09-26,1025126.7355448501,-0.0043635297764284845,39129844.68349906,0.20765486669024824,29109.021199414023,0.00015646098894354487,1007685.0095850546,17441.725959795585,-0.005189657
2023-09-27,1037215.2595477455,0.011953002430354635,39352446.541563764,0.2171456955967418,29273.839557907788,0.00016077851916150145,1028470.49216547,8744.767382275484,0.006329179
2023-09-28,1041188.6419810547,0.00399772334117184,39583262.761410944,0.222534539212065,29446.956777512198,0.0001669057777648719,1032596.772942295,8591.869038759756,0.007437825
2023-10-09,1032947.9555657736,-0.007805709145774024,39735307.47112064,0.1460299349985255,29560.427487605673,0.00010898189388387541,1026720.8459922816,6227.109573492116,-0.0031206608
2023-10-10,1025371.5664646665,-0.007195605517796557,39926264.563033774,0.1848661308483267,29704.130580047058,0.00013911939286686975,1017347.0659574775,8024.500507188946,-0.0027211308
2023-10-11,1042309.8247865866,0.016641407612719216,40089873.4340761,0.15956056944940059,29829.498450157927,0.00012226579535759864,1023765.8248330193,18543.99995356733,0.0026342869
2023-10-12,1048848.9368266435,0.006448650523070592,40335780.69056312,0.2359252984470035,30011.878206912603,0.0001749765304112121,1038690.0590721956,10158.877754447985,0.0074363947
2023-10-13,1041193.3677107331,-0.007185630201475836,40495095.70789637,0.1518951030405428,30130.806725575698,0.00011338955924665426,1033384.395822293,7808.971888440021,-0.0037005544
2023-10-16,1024766.9185621568,-0.015624444868410636,40704294.98517764,0.20092259878800645,30289.187503000787,0.0001521146622104596,1011191.0495946285,13575.868967528397,-0.009455979
2023-10-17,1024237.7515600121,-0.0003576150045405799,40919017.462439455,0.20953299074397042,30451.88247891088,0.00015876290789945644,1004212.1057134742,20025.645846537926,-0.0021562576
2023-10-18,1002350.2952057123,-0.021213016007494576,41127328.997816876,0.2033820126822528,30612.167013887884,0.00015649153210070077,966281.4001183994,36068.89508731292,-0.017194092
2023-10-19,996660.6367569896,-0.005525860371440133,41333846.67117802,0.206033433969071,30762.977688032,0.00015045705564756113,977052.8758508052,19607.760906184467,-0.01102227
2023-10-20,982053.2421263454,-0.014499000835367258,41543830.89758213,0.21068778946399527,30919.78891375898,0.00015733662988560133,965310.068750242,16743.173376103372,-0.011735678
2023-10-23,954865.0927224744,-0.027552485071090833,41719844.50854377,0.17923021218333646,31049.931024927537,0.00013252042311552443,945724.4496682483,9140.643054226108,-0.02358365
2023-10-24,970469.2233203945,0.016496603295915346,41916009.54656906,0.20543743772849798,31197.831062767462,0.00015489103012263043,958371.4430202107,12097.780300183811,0.014398336
2023-10-25,981159.4474493149,0.011150944125284187,42088574.502283804,0.17781600030996145,31329.25501840077,0.0001354231051074969,961192.1357157405,19967.311733574315,0.010417223
2023-10-26,983876.7481453476,0.0029335626747980957,42298399.540738516,0.21385416916708705,31490.2470554309,0.00016408346008251254,949577.3956923719,34299.35245297571,0.0056741238
2023-10-27,1007302.3164410556,0.023965393751734766,42508619.417026974,0.21366484845254524,31643.67243220249,0.0001559396307116749,990114.5111438517,17187.805297204,0.018065333
2023-10-30,1029098.2707067345,0.021774899010527107,42695391.36555599,0.18541796785388595,31781.62438009761,0.00013695188191617245,1020556.4713639632,8541.799342771334,0.01519084
2023-10-31,1022198.6426803997,-0.006559332057368776,42892718.1165334,0.19174723794054913,31931.05512920296,0.00014520551958825665,1008063.530597568,14135.112082831678,-0.0061965585
2023-11-01,1021143.7697216641,-0.0008734780341166956,43110075.014311776,0.2126366527042393,32093.060027053292,0.0001584867080487654,1011221.764470434,9922.005251230057,-0.0018292665
2023-11-02,1003599.6639150145,-0.017042332493444588,43297055.174654625,0.18310855521726924,32234.49418649694,0.00013850562833302046,989022.9360772169,14576.727837797574,-0.012280107
2023-11-03,1028211.7901756765,0.024680615789788193,43507428.625521064,0.20961889330032002,32391.825637681985,0.00015676714216034942,1015586.9416481999,12624.848527476519,0.01493907
2023-11-06,1058980.6937759232,0.030087766717430315,43731869.00337432,0.21828224495938953,32559.518516352382,0.0001630917679340616,1049073.1570053068,9907.536770616516,0.02065909
2023-11-07,1065434.186141734,0.006218630422780675,43903312.19661423,0.16189454089913913,32691.435709993937,0.00012456997036573765,1042319.3717182173,23114.81442351664,0.0033117533
2023-11-08,1068199.4310148451,0.002759950710972256,44140720.66330737,0.22282790413631262,32866.73667641883,0.00016453476780176187,1056281.4519375889,11917.979077256176,0.0036261082
2023-11-09,1062962.804430819,-0.004788346838004099,44292913.8797985,0.1424764066261873,32988.45389258738,0.00011394615334415074,1020877.3273689386,42085.47706188029,-0.006230712
2023-11-10,1058579.3455371622,-0.003965929420549854,44521372.8148694,0.21492655633724342,33156.277327201744,0.00015788269722591964,1030744.7586650954,27834.586872066757,-0.0019882917
2023-11-13,1065872.535021388,0.007045928333871652,44747324.03550406,0.2134475999246005,33321.762047347525,0.000156327176459133,1054118.2141902985,11754.320831089528,0.009209156
2023-11-14,1074593.062215527,0.008334315308833027,44963559.12691097,0.20287143565677165,33484.552639101865,0.00015272988692880882,1060544.4391796137,14048.623035913388,0.0060784817
2023-11-15,1090005.8247850626,0.014488823943955434,45171224.74630532,0.1932504747110459,33641.37975940306,0.0001459409387753362,1071802.4058477217,18203.418937340844,0.004090905
2023-11-16,1078924.0753658668,-0.01004970695941273,45344144.54233578,0.15864116695391028,33768.89005545602,0.00011698129785508115,1069566.370604125,9357.704761741654,-0.01000762
2023-11-17,1095282.9065194572,0.015276584260086936,45508264.93702689,0.152114869283509,33892.3334494286,0.0001144134205465068,1084636.2533346806,10646.6531847767,0.008800387
2023-11-20,1100352.6016546744,0.00480377218365777,45752647.86232547,0.22312310713874697,34084.127873785445,0.0001751094837828866,1055868.821362659,44483.78029201539,0.008718848
2023-11-21,1093790.0553156745,-0.00582385584579666,45958598.26825071,0.18716764573059816,34238.37928120118,0.000140183616764098,1050306.1145439062,43483.940771768364,-0.006580591
2023-11-22,1080405.4880230103,-0.012091165718614696,46168663.74070763,0.19205282717284441,34397.749753670825,0.00014570481025597576,1029795.4452158941,50610.04280711613,-0.012742758
2023-11-23,1094521.2518928035,0.013222540305305893,46396924.480942324,0.2112732143302792,34567.69099533561,0.00015729394523509075,1049098.4043722793,45422.84752052412,0.010526657
2023-11-24,1075481.6958284888,-0.017251142080108958,46611097.91823422,0.19567773300108915,34725.5054335488,0.00014418581451961638,1041479.2217690938,34002.47405939497,-0.013250411
2023-11-27,1079547.0579229165,0.003930929136609646,46827159.1570615,0.2008971790643444,34887.78567314367,0.00015089074990705086,1044769.6222054727,34777.435717443776,-0.0006623268
2023-11-28,1088310.9549659905,0.008288912836106953,47079085.07802601,0.23336261176907183,35072.16009566841,0.00017078868509862386,1071997.9664656005,16312.988500389947,0.0052263737
2023-11-29,1088125.0759067512,-2.5031075242995345e-05,47283076.544603705,0.18743858604645627,35230.79756150617,0.00014576483413485277,1049395.2612542743,38729.81465247704,-0.0048719645
2023-11-30,1076149.2158368826,-0.010862377988542117,47493430.74087999,0.19331803019151397,35387.03175806458,0.00014358110112315276,1043701.4379762163,32447.777860666254,-0.0053685308
2023-12-01,1079298.6719309096,0.0030687933729985086,47692855.22862851,0.18531304470954182,35540.055245955315,0.0001421954182921882,1033183.4292407591,46115.24269015041,0.008140683
2023-12-04,1069653.0863290587,-0.008766382726223465,47938896.59696871,0.2279641166425449,35724.09561375514,0.00017051847888459814,1025684.5178280328,43968.568501026,-0.002554655
2023-12-05,1045724.3015774465,-0.022232818696284518,48137978.711432956,0.1861183939060798,35871.477229092234,0.00013778449968568064,1009622.9967361324,36101.30484131415,-0.019918561
2023-12-06,1051333.9462854196,0.005527269278377901,48370438.30950822,0.2222953007065096,36041.832326881326,0.0001629063200808433,1031361.3996112812,19972.546674138437,0.0052063465
2023-12-07,1050846.4629740946,-0.0003400551956117041,48539939.54948794,0.161224928176822,36171.80406744909,0.0001236255530671132,1019620.6457086016,31225.817265493053,-0.00049299
2023-12-08,1050170.279052695,-0.0004993389960540432,48742103.352874786,0.19238186596230514,36323.25937102019,0.00014412695755995834,1019766.1129668641,30404.166085830937,-0.0029381514
2023-12-11,1064322.0609768566,0.013626871822661897,48952622.71351868,0.20046212013711934,36482.01323147875,0.0001511696375579785,1030619.2888489634,33702.772127893084,0.011983752
2023-12-12,1064524.569882353,0.0003509693175728433,49179496.194987535,0.21316243436749513,36653.04871340107,0.00016069899158657045,1027471.3499536748,37053.21992867817,0.00064361095
2023-12-13,1051917.8063563237,-0.011697864750565813,49381733.279162295,0.18997878479884228,36807.14779729248,0.00014475859764179801,1005333.602470176,46584.203886147596,-0.009777963
2023-12-14,1049111.5721096129,-0.00250780231761046,49606737.11525865,0.21389868555959843,36975.38013128716,0.00015992916269514596,1004777.7728677352,44333.799241877554,-0.004600048
2023-12-15,1040759.5551143035,-0.007804416449733447,49832271.4989027,0.2149765474329242,37139.693515618565,0.0001566214582887458,1015939.6828632851,24819.87225101836,-0.0067191124
2023-12-18,1024636.6584987943,-0.015330737955839429,50060468.10019696,0.21925967450685052,37306.97811663433,0.00016073318778936794,1015435.4706685252,9201.187830269137,-0.015893161
2023-12-19,1029015.6404608034,0.004422258486405686,50261354.296525925,0.19605603085028037,37459.20431315389,0.00014856602607073,1013720.4817357303,15295.158725073117,0.0011148453
2023-12-20,1010041.3003957558,-0.01829469445793891,50461471.12720197,0.19447404180020747,37608.01764353078,0.00014461717055170488,999992.1255216063,10049.174874149474,-0.017434895
2023-12-21,1021484.6827366985,0.011470279229887312,50650513.53592633,0.18716304833306252,37750.09105184585,0.00014066098906985285,1010411.1741836743,11073.508553024258,0.006526351
2023-12-22,1014875.5387010534,-0.0063172849493869886,50857189.26080504,0.20232875575285247,37906.22527520914,0.0001528502835157394,999448.4455544451,15427.093146608178,-0.0112089515
2023-12-25,1011203.2642302278,-0.003484567162155338,51037267.25472556,0.1774385006372339,38042.0977702023,0.00013388094383185947,992656.0453675336,18547.21886269417,0.00031733513
2023-12-26,993271.0464538706,-0.0175858586206013,51239602.388619654,0.2000934342791305,38191.437905116174,0.00014768557440086717,984518.0297528617,8753.016701008859,-0.014669418
2023-12-27,1001108.6946040958,0.008046025197245234,51443850.60547364,0.20563190438620058,38345.67362235299,0.00015528059313463217,988311.6952349609,12796.999369134915,0.007886291
2023-12-28,1030470.3779190064,0.029477380492289797,51641285.69469713,0.19721643642458622,38494.05221242684,0.00014821426571720055,1016612.6645150273,13857.713403979069,0.019200683
2023-12-29,1050667.084495086,0.01974459995746952,51831400.499196224,0.18449322617407635,38643.571016380454,0.00014509762449995152,1009228.0875778593,41438.9969172266,0.014074564
2024-01-02,1037048.1482878883,-0.012792431542836642,52078534.454253,0.23521623424183224,38821.92047086303,0.0001697487787659038,1023791.5480652071,13256.600222681227,-0.005518794
2024-01-03,1024090.7752772003,-0.01233164096853401,52303868.532932706,0.21728410493931052,38990.78804978177,0.00016283484927631517,1011534.9629975542,12555.812279646045,-0.0052452683
2024-01-04,1013029.4607615999,-0.010666509165374613,52484947.90788768,0.17681965244337025,39128.62892471225,0.00013459829759053266,992486.114499887,20543.346261712963,-0.0070432425
2024-01-05,993977.2304633756,-0.018659299431683766,52687996.16452355,0.20043667484577843,39278.439181468784,0.00014788341559574046,983487.4373399053,10489.793123470288,-0.018538713
2024-01-08,967677.3447467347,-0.026331878304808033,52856365.41056616,0.16938943959925348,39405.037427797906,0.00012736533840931554,956028.9026809504,11648.442065784362,-0.02329886
2024-01-09,966027.988005269,-0.001549088106044471,53056550.187361255,0.20687141006436402,39555.37670402779,0.00015536095481209205,953727.110681412,12300.877323856967,0.0017551184
2024-01-10,958594.0071732238,-0.007542359689609429,53251422.96300715,0.20172580718731092,39703.22698030755,0.00015304968190937295,939658.2019443101,18935.805228913672,-0.0074243546
2024-01-11,978693.9874114544,0.021130760513599484,53462012.11888281,0.21968545004434367,39859.06713742594,0.00016257159543271778,968320.8614930089,10373.125918445498,0.01796782
2024-01-12,967554.7269235796,-0.011230074482866085,53659794.232950866,0.2020877992631457,40007.52125073696,0.0001516859357679961,956859.9440785655,10694.782845014175,-0.006526351
2024-01-15,962099.1064048749,-0.005497000738732917,53839833.70294779,0.18607678200216346,40144.49272077816,0.00014156457121212426,943773.8248558281,18325.281549046922,-0.0027105808
2024-01-16,955581.4580176219,-0.006599008203516009,54067696.19480126,0.23683889771495686,40313.24121227002,0.00017539616279494492,946018.4345530753,9563.023464546532,-0.003581345
2024-01-17,921967.1149558012,-0.035036007794013724,54247815.34535517,0.18849167597659988,40447.82486317034,0.00014083953782393122,914561.5232025309,7405.591753270201,-0.027141571
2024-01-18,923534.7615473281,0.0018488669937452007,54425346.8218791,0.1925572763323984,40584.772839803685,0.00014853889516429374,901068.6408091547,22466.120738173322,-0.0029132366
2024-01-19,908747.7481166929,-0.01585978098406943,54614496.2038327,0.2048102462723719,40724.72722112349,0.00015154208281810427,894052.2023414158,14695.545775277023,-0.012362719
2024-01-22,850804.5311655799,-0.06361460228679577,54794337.080285564,0.19789966668480782,40858.31759677177,0.00014700490419385984,841403.7025313956,9400.828634184334,-0.057689965
2024-01-23,864669.0115374522,0.016418184109313613,54930076.1421967,0.15954200634683616,40962.5026586142,0.0001224547566756584,847845.3061309095,16823.70540654275,0.015757322
2024-01-24,865439.2969330092,0.0010385711297591295,55102273.51854861,0.19914831462009588,41090.237535237415,0.0001477269046523294,854395.948965939,11043.347967070124,0.012556076
2024-01-25,896025.528466134,0.03549488594883093,55278000.62442616,0.20304960324808422,41222.675142386186,0.0001530293431533684,882545.5071437372,13480.021322396855,0.03359449
2024-01-26,868207.049899646,-0.03091239955418342,55430045.04368824,0.1696875975424042,41342.85456218072,0.00013412499530037318,830262.7866051305,37944.26329451548,-0.008735597
2024-01-29,843758.4246456826,-0.02802273442500061,55587222.211333066,0.18103650236772012,41461.94423089309,0.00013716735970542167,801620.079874284,42138.344771398566,-0.02628386
2024-01-30,815685.1748814799,-0.03314924498408966,55734577.24952468,0.17464126447507175,41565.23926912643,0.00012242252665710596,802535.0867898103,13150.088091669562,-0.028568089
2024-01-31,773161.0978185247,-0.05198440425084744,55896747.93939374,0.19881529646853918,41686.40845961963,0.00014854896745034914,761967.4865517099,11193.611266814769,-0.040048897
2024-02-01,772105.3208146732,-0.0011999490475256191,56066978.519562386,0.22017478718077696,41814.43154055992,0.0001655839660085109,759639.1493735705,12466.17144110271,-0.0072288513
2024-02-02,728810.9606490561,-0.05592469477300006,56219255.28664673,0.19722279199380868,41929.037307007115,0.0001484328152618755,714866.6304386782,13944.330210377986,-0.037000775
2024-02-05,660926.0041201945,-0.09309109946738842,56258398.1848042,0.05370788897385749,41968.18020516459,5.3707888973860046e-05,607877.9186505044,53048.085469690035,-0.06155634
2024-02-06,706121.4957194944,0.06850167052540344,56369721.96207773,0.16843606784956094,42047.22398177764,0.00011959550103990391,679710.6787660971,26410.81695339734,0.06973338
2024-02-07,734045.3170847442,0.039693555625751546,56507790.96613987,0.1955315124934055,42151.87548540847,0.0001482060867219359,703340.1492980993,30705.167786644895,0.044727802
2024-02-08,796277.8269524156,0.08489178403254055,56604708.62698083,0.13203225820699138,42233.78214579291,0.00011158256646841921,728780.9068112301,67496.92014118556,0.04069531
2024-02-19,801357.4619351034,0.006550536228369619,56804702.39781636,0.251160793464462,42370.19391640437,0.00017131177836955487,788331.1836252016,13026.278309901829,0.0073081255
2024-02-20,802311.2720472063,0.0013460005096686907,56972714.33600875,0.2096591673167649,42495.01135649294,0.00015575750650298088,794175.8654002342,8135.406646972024,0.0032646656
2024-02-21,812741.3339798679,0.013117474357499579,57098649.94104628,0.15696601733662663,42589.24696164347,0.0001174551678802564,805564.5574485301,7176.7765313378,0.0054439306
2024-02-22,833053.3823396349,0.025127783114914537,57244239.550503865,0.17913400410515923,42699.58657064884,0.00013576227071540232,821397.3377685491,11656.04457108583,0.015383959
2024-02-23,855814.9715341164,0.02747611014501854,57408830.345834225,0.19757532808774678,42827.0638660114,0.00015302416155437391,828149.6087993346,27665.362734781753,0.01439178
2024-02-26,869388.7387055448,0.015992041382269485,57565405.615845606,0.1829545815618377,42939.52513492235,0.0001314083915935161,861716.5716300114,7672.167075533382,0.0056892633
2024-02-27,894714.3930025193,0.029249993930851776,57702725.64894931,0.15795009411803948,43043.486168635995,0.00011957945748001934,883262.1514172142,11452.24158530511,0.026378512
2024-02-28,834830.0721391703,-0.06681621842720385,57840886.69998299,0.15441916673547254,43146.37471916557,0.00011499597115488327,826409.6700870747,8420.40205209556,-0.04486072
2024-02-29,873479.2103611684,0.046397742969584835,57952110.58878085,0.13322937506654084,43231.46760756064,0.00010192839385508356,858444.0140107676,15035.196350400807,0.03737545
2024-03-01,883412.4325066672,0.01152743630869578,58135995.40926243,0.21051997380172371,43367.221426470045,0.0001554173439952543,877152.1757822974,6260.256724369807,0.01072669
2024-03-04,880966.3911479444,-0.0026336547640338163,58295106.4071985,0.1801095299107296,43486.659423715,0.00013520072035442163,874406.5772492227,6559.813898721706,0.004887104
2024-03-05,863169.8532186038,-0.020040230964297946,58484204.3857348,0.21464834576707126,43628.42740266676,0.0001609232547078593,856973.8271006292,6196.026117974518,-0.009802282
2024-03-06,865829.6092332784,0.0032190310721946767,58641884.44855869,0.18267559071477218,43747.2419660845,0.00013764911155631363,857534.3324794447,8295.276753833787,0.0011776686
2024-03-07,847692.2996319196,-0.02081350376528779,58796900.7189675,0.17903784850472065,43863.60373556884,0.00013439338207362048,839115.1179366646,8577.181695255023,-0.0145276785
2024-03-08,851968.3255427479,0.005164463114279288,58931298.42087127,0.15854538487860842,43965.45343844821,0.00012014937840487214,840281.2881271179,11687.03741562996,0.012650609
2024-03-11,876867.2346435044,0.029354914403039514,59079282.08957971,0.17369620943849404,44076.00160809996,0.00012975619672401294,867049.0729158474,9818.161727656974,0.017928004
2024-03-12,895183.9764608456,0.021021876064002354,59235622.604013294,0.17829439652531467,44192.654122019,0.00013303326810524535,887893.9548716652,7290.021589180384,0.0054347515
2024-03-13,891302.21850711,-0.004183551933520321,59417302.901261985,0.20295302644599764,44329.36342017535,0.00015271642673592265,882352.6053367478,8949.613170362176,0.0046248436
2024-03-14,884238.8948611332,-0.007787445380119569,59581111.703677766,0.18378592470032543,44451.71972234867,0.00013727813039471828,877412.8365470378,6826.058314095335,-0.00636214
2024-03-15,893755.4721139576,0.010890888624903226,59725672.77340828,0.16348644079179037,44565.289791264346,0.00012843821910085587,868999.9174956467,24755.554618310896,0.012574196
2024-03-18,906522.353899981,0.014430027551857768,59902612.57408337,0.19797339003316733,44695.32409246902,0.00014549203362873784,892579.0307894606,13943.323110520425,0.016626358
2024-03-19,897187.544819823,-0.010162068758429045,60067220.6626934,0.1815819410319719,44817.990681242474,0.00013531556971069496,886524.7990343822,10662.745785440758,-0.007175982
2024-03-20,906736.8993223796,0.010786711223209428,60237519.119315505,0.18981366561023919,44946.33913771756,0.00014305644033529115,893704.0459593541,13032.853363025453,0.00921452
2024-03-21,899372.0907600458,-0.007981343306682877,60410272.69998,0.19052227916785444,45074.16921772231,0.00014097813831143367,893407.489451516,5964.601308529855,-0.00015372038
2024-03-22,882056.5542694938,-0.019138593103753248,60543390.6958968,0.14801214901421134,45176.989214345966,0.00011432420205163965,865098.7744737333,16957.77979576048,-0.011028111
2024-03-25,858646.8037434241,-0.02645884456350212,60642288.95599537,0.11212235725687977,45248.54247478082,8.112094410331187e-05,852242.3157643873,6404.487979036912,-0.0231992
2024-03-26,854155.5559555017,-0.005085311369108111,60807528.390285395,0.19244168099110232,45373.30390957843,0.00014530006313852512,844548.3930908571,9607.16286464468,-0.0033497214
2024-03-27,825559.0170977939,-0.03330895761511934,60998682.53847578,0.22379313329707476,45518.811557245805,0.00017035263267075395,807529.2157825043,18029.801315289526,-0.03332019
2024-03-28,843305.3343103649,0.021678431799701713,61200728.17465517,0.24473796784349544,45669.31919345807,0.00018230996584758373,829532.4043203266,13772.92999003824,0.022029042
2024-03-29,852617.2400293305,0.011151314349843976,61324669.33139414,0.14697067799331578,45761.37635028764,0.00010916230822238667,842531.2100948269,10086.029934503566,0.010965586
2024-04-01,876845.7670944885,0.028596414082359866,61528750.91520732,0.23935896933793532,45914.64493476718,0.00017976247404318137,866083.4192658096,10762.347828678849,0.02164936
2024-04-02,875727.4468636808,-0.0011200437137477278,61708288.55623272,0.20475395760912052,46050.85957621434,0.0001553461812315264,858855.67096402,16871.775899660908,-0.005038619
2024-04-03,866089.2193392129,-0.010871315883346833,61863790.37719299,0.17756874186960867,46168.77739811041,0.00013465128027947816,844529.537483135,21559.681856077834,-0.0054455996
2024-04-08,835049.2196280062,-0.035679726107407606,62052658.9577452,0.2180705824930036,46306.950978715475,0.00015953735194912597,827539.130588927,7510.089039079285,-0.018364191
2024-04-09,864688.9941525455,0.03561614239803901,62183346.848861374,0.1565032192645965,46408.40836981865,0.00012149869578750507,846866.4716344972,17822.522518048238,0.012777925
2024-04-10,840284.6485368493,-0.02809731837418493,62331476.50164343,0.1713097469538513,46517.31202215701,0.00012594545908971012,831345.378663832,8939.269873017367,-0.01862526
2024-04-11,836109.6273372644,-0.0048624376853245825,62449507.95910124,0.1404660404820362,46606.501480296654,0.00010614195831727094,824596.086737294,11513.540599970438,0.002398014
2024-04-12,826155.0588852349,-0.011744983612876618,62626690.039122194,0.2119124983469257,46740.9760606816,0.0001608336705955668,808423.9113887536,17731.147496481302,-0.007648766
2024-04-15,803797.9487524395,-0.026930888451570507,62764534.9377702,0.16685112215376194,46848.99645893808,0.00013075075567804635,767627.9245722957,36170.02418014375,-0.009601474
2024-04-16,760733.8092498564,-0.053433532915558704,62926106.78798206,0.20101052815901255,46963.37180939911,0.00014229365804994718,751892.3092116093,8841.50003824706,-0.041768253
2024-04-17,802491.4325588844,0.05502770946125062,63057698.51215163,0.17297998665173966,47067.18753312268,0.00013646787149625318,773266.0258587693,29225.40670011509,0.043578982
2024-04-18,801262.8194930278,-0.001369903739446154,63235505.06312272,0.22156816105079588,47196.464584643385,0.0001610946189275641,788478.1366748272,12784.68281820051,-0.00014001131
2024-04-19,789644.1717461155,-0.014359434506710516,63387476.3297319,0.18966469292226953,47309.431352383246,0.00014098590998061914,781019.1845637719,8624.987182343626,-0.004223764
2024-04-22,799067.4986399276,0.012080206611351896,63541948.680227555,0.1956227323936032,47425.16920271412,0.0001465696252464504,791023.8994713471,8043.599168580542,-0.0034781098
2024-04-23,812783.9932403368,0.01732855931696753,63712928.12985266,0.21397372551896357,47555.3631507478,0.00016293235334346635,797601.1441815513,15182.84905878553,-0.0052706003
2024-04-24,827456.3711888755,0.0181962102705401,63871794.12640498,0.19545906153855855,47672.57364773946,0.00014420866794432938,820146.7343173511,7309.636871524384,0.016706109
2024-04-25,832443.8957137974,0.006167999898645644,64026314.41530325,0.18674131262807503,47788.79993644424,0.00014046213522748562,823906.1970066311,8537.698707166324,0.0015794039
2024-04-26,858590.6593626707,0.031530632295826665,64159270.64990328,0.15971795250660542,47889.51867022815,0.0001209916179366655,846147.4480537532,12443.211308917504,0.019185185
2024-04-29,896936.0039595605,0.04481992156312408,64343547.55986759,0.2146272009307629,48026.14008080424,0.0001591228708189091,890974.5016498341,5961.50230972646,0.023872137
2024-04-30,888231.9017565179,-0.009570401151417001,64503181.89801357,0.17797740021725794,48146.20491880489,0.00013386109763753728,881034.1267201375,7197.775036380388,-0.008619964
2024-05-06,906974.8334117132,0.021237558725753215,64663192.41767425,0.1801449816700499,48267.15043925109,0.00013616435100678563,896147.4810929985,10827.352318714718,0.01990199
2024-05-07,914008.8642048478,0.007907749339712668,64848564.264984675,0.20438477505833497,48405.249286163984,0.000152263151992228,907039.7650127546,6969.099192093192,0.003299594
2024-05-08,894031.6349782442,-0.021695380681839963,65044278.23632338,0.2141269948284011,48552.70825726728,0.00016133210177516206,884516.0243601578,9515.610618086397,-0.015764296
2024-05-09,909443.5875714455,0.01737831533474737,65211707.81391885,0.18727477982313975,48677.51933595766,0.0001396047676695638,903097.2060568944,6346.381514551173,0.016286016
2024-05-10,884556.5852977666,-0.027204290050904793,65405821.94652103,0.21344274153445283,48823.75446840752,0.00016079626537404262,875758.3069227993,8798.278374967278,-0.009348094
2024-05-13,861332.8015651806,-0.02612348495370606,65559612.53111448,0.1738617824451358,48939.83755426566,0.00013123308083118568,849690.0166238773,11642.784941303318,-0.009585202
2024-05-14,864553.7265781789,0.0038926982040386007,65732965.16700477,0.2012609244362695,49071.82119099969,0.00015323187099596883,845166.2860083341,19387.440569844803,0.005593419
2024-05-15,857686.2585355518,-0.007796546034947362,65904693.78110716,0.19863266888232775,49198.75630467472,0.00014682154477249618,845871.1406864462,11815.117849105573,-0.009807885
2024-05-16,860565.6266846101,0.0035098258807166084,66080743.56074973,0.2052612804397368,49329.71758335948,0.00015269135698684654,853185.6943028587,7379.932381751478,-0.0015062094
2024-05-17,878263.2634867213,0.02069217495186711,66224674.2641395,0.16725128093283773,49439.05528616942,0.00012705330008493758,865433.9677373166,12829.295749404704,0.013532639
2024-05-20,880081.6485842762,0.0022264577187144402,66408971.18950109,0.20984246184899777,49576.08621066788,0.00015602488478732993,872156.4618502592,7925.186734016934,0.0060306787
2024-05-21,864866.7893305386,-0.017167533686736063,66544962.59434313,0.15452135044606485,49682.11411525672,0.00012047507723788777,840910.2266719373,23956.562658601368,-0.010727584
2024-05-22,878056.9915183662,0.015437235354601193,66763402.08355012,0.25257009738583047,49843.06410470298,0.0001860980111987447,865779.8886850735,12277.10283329265,0.0005273819
2024-05-23,856100.2499111426,-0.02486063665568465,66935176.85958946,0.19563055439294524,49970.74988280482,0.00014541855407476694,848532.0485666156,7568.201344527039,-0.022896707
2024-05-24,849229.5868558018,-0.00787246647518609,67109191.89901596,0.2032647922303108,50101.79242132179,0.00015306915110768182,839667.3922615035,9562.19459429826,-0.011585474
2024-05-27,852067.5510456137,0.003472730883078709,67255765.02266729,0.17259540402260343,50212.97404460815,0.00013092057201868914,837609.4158831674,14458.135162446346,0.01018858
2024-05-28,844404.657187806,-0.008847502369750845,67423671.20456246,0.1970573597000857,50337.19822535202,0.00014579146992680094,836892.568916123,7512.08827168302,-0.010470688
2024-05-29,841632.6390831193,-0.0031564271290646026,67565284.04225561,0.16770731483739126,50443.91456218257,0.00012638056401294008,832200.4329055897,9432.206177529628,0.0006021261
2024-05-30,841559.3661065848,6.682125534954847e-05,67737732.46786514,0.20489750230860293,50573.42648820381,0.00015388177692625637,831554.2445986788,10005.121507906024,-0.0031674504
2024-05-31,848321.2732353884,0.00817973283959004,67899482.12236597,0.19220231039570101,50695.250142806755,0.00014475943053970445,836392.3204727783,11928.952762610164,0.00391984
2024-06-03,832396.8053535752,-0.018648952521906303,68036721.85677889,0.16177801823772345,50799.41487673019,0.00012278925120687154,817062.2850711246,15334.52028245063,-0.013181508
2024-06-04,822017.683957692,-0.012314777800824725,68209250.55336356,0.2072673699310837,50927.75457256771,0.00015418090868694382,811038.8097750669,10978.874182625099,0.005504608
2024-06-05,815704.9512537837,-0.007523336929243434,68382388.75838068,0.21062588846450025,51056.171278265996,0.00015622134195460158,810602.2860350369,5102.665218746788,-0.013101935
2024-06-06,781919.3655270569,-0.041252648484338184,68562479.36538188,0.22077910244922638,51191.76738398625,0.00016623180417359547,774839.6945365539,7079.670990502891,-0.021590054
2024-06-07,795083.8079939658,0.016992139278719905,68724814.16186512,0.20761066120137714,51313.807680841346,0.00015607785436141098,786969.3793295744,8114.4286643913765,0.004428029
2024-06-11,810522.2676909784,0.01956511155634024,68882043.36454274,0.1977517352218745,51431.251383870534,0.0001477123566703042,804438.078645596,6084.189045382269,0.008795857
2024-06-12,822480.7251852899,0.014899848252140495,69039537.1636144,0.19431150179296003,51549.45268313541,0.00014583350017218768,816190.937594679,6289.7875906109075,0.003373742
2024-06-13,821874.3043905213,-0.0005678993856694586,69222991.1600579,0.22304959961483148,51688.78717934632,0.00016940761277964514,808747.8557829842,13126.448607537117,-0.0069434643
2024-06-14,816098.649889249,-0.0068755065032241255,69389440.03518927,0.20252351757706116,51813.639555948736,0.0001519117655040967,803034.1726428546,13064.4772463944,7.915497e-05
2024-06-17,813025.5486679226,-0.003608564039619884,69562422.01424119,0.21196209438086044,51941.79653650244,0.00015703613842652392,806407.2433430365,6618.305324886154,0.00064086914
2024-06-18,819409.5631344052,0.007997218021707489,69719990.6176767,0.19380522997546623,52059.72463993561,0.00014504845957962945,813902.5824868497,5506.9806475554215,0.008348823
2024-06-19,812225.6715572024,-0.008645791092848186,69852557.29200396,0.1617831671626583,52159.17231479637,0.00012136504055475733,806727.4621232214,5498.209433980986,-0.012867153
2024-06-20,799861.6452811798,-0.015058461913393538,70028966.22880422,0.217192023076597,52292.329250594295,0.00016394081160059275,791095.6599920376,8765.985289142227,-0.020126045
2024-06-21,795654.9085198228,-0.005097224547506605,70201787.07822616,0.2160634285210607,52421.9915990151,0.00016210597068349502,786831.7401616891,8823.168358133691,-0.00016009808
2024-06-24,759751.7276606688,-0.044964379967415785,70371786.80814822,0.21366012840706414,52549.04282854431,0.0001596813243640643,752849.8821814228,6901.845479246043,-0.033143282
2024-06-25,754392.0512371168,-0.006894504658646328,70532072.40657823,0.2109710219725841,52670.607426325216,0.00016000568785175373,742210.1745220267,12181.876715090133,-0.008218408
2024-06-26,781352.5705726823,0.035885308080613305,70680131.24287832,0.19626245538681164,52781.67926296946,0.00014723357233430558,769170.9280174721,12181.642555210108,0.028626442
2024-06-27,757957.5821067719,-0.02978616559219516,70843967.65617478,0.20968307965811045,52903.17067591462,0.00015548859442045688,751441.0190732771,6516.563033494702,-0.024524748
2024-06-28,755481.020548659,-0.0031341228302007554,70973562.55182084,0.1709790873598118,53004.20007162287,0.0001332916222401773,737312.5911030645,18168.42944559458,0.006558299
2024-07-01,758911.9817264497,0.004710087676468298,71145507.7188284,0.22759693801794978,53131.62073852415,0.00016866163865869268,747023.8063653696,11888.175361080146,0.009040117
2024-07-02,750870.4864023554,-0.010456558544702576,71288032.47614473,0.18780143250882178,53237.50849541959,0.0001395257413838125,743111.4431654909,7759.043236864531,-0.0070037246
2024-07-03,748984.6689302294,-0.0023592183671450077,71440269.50546867,0.2027473873068957,53351.858524678035,0.00015228995056967577,740650.9466606211,8333.722269608295,-0.007852197
2024-07-04,724536.3013478842,-0.032516900496080185,71556439.13532493,0.15510281408320822,53445.56615432935,0.00012511288086198186,691916.6577464718,32619.64360141246,-0.02162677
2024-07-05,733761.7159633251,0.012900896426541844,71724335.30118364,0.23172912874947982,53567.319319847236,0.00016804287830903764,717939.6610319859,15822.0549313392,0.010273218
2024-07-08,709839.8801415075,-0.032450090857128105,71871337.27315027,0.20034020414056558,53678.52079117274,0.00015154984091737882,690329.0572792601,19510.822862247365,-0.024284959
2024-07-09,717180.3387097826,0.010495567061525808,72020993.76846416,0.21083134309678897,53788.23428786828,0.00015456090840327302,707894.7285037516,9285.610206030979,0.02196443
2024-07-10,717199.3554345799,0.00018479155221323373,72172829.91151905,0.21171264026568687,53901.74643107796,0.00015827559273848526,709487.1136976876,7712.241736892225,-0.004039943
2024-07-11,738208.5338931723,0.029406994406279637,72278052.3870588,0.14671300907121615,53983.245405937625,0.0001136350363983248,720249.3183117425,17959.21558142976,0.02426076
2024-07-12,735654.4796797852,-0.0033051749668036147,72431839.7347107,0.2083250742725141,54097.39125282019,0.00015462547727615962,722588.0653706979,13066.414309087297,-0.003181696
2024-07-15,724258.3053808995,-0.015335503993118255,72586637.82302621,0.21042227375941086,54211.93334102126,0.0001557009321154729,717532.3453023055,6725.9600785939765,-0.01033622
2024-07-16,727000.3624144916,0.003944933620699711,72739472.72892575,0.21102264863798997,54327.02724639723,0.00015891278639247678,718518.5924360562,8481.769978435394,0.0018892288
2024-07-17,727666.7816124943,0.0010621914690901796,72880172.11379838,0.19353413305784842,54432.821631376704,0.0001455217774969389,718211.4207190231,9455.360893471163,-0.008497477
2024-07-18,732928.5624191769,0.007414513941008119,73057719.30278322,0.24399518223354966,54566.3363213684,0.00018348328296068255,722189.5232033934,10739.039215783418,0.00350523
2024-07-19,748962.3698964965,0.022035583372081263,73211192.26763272,0.2093968944844143,54683.037287016225,0.00015922556662634484,732933.0631577388,16029.306738757716,0.0018680096
2024-07-22,757173.901852351,0.011132381908489798,73381028.94846809,0.22676263542965044,54809.240467937125,0.0001685040343727028,745968.1171169686,11205.784735382422,0.0011303425
2024-07-23,732970.9786167975,-0.031817029866604965,73530062.03379866,0.1968280800037891,54921.13905404061,0.0001477845258925761,721382.0040452158,11588.974571581726,-0.027330399
2024-07-24,715147.3523805919,-0.02416804898366713,73675665.25469102,0.1986480026359642,55030.286775428984,0.00014891138199543978,703886.3026539214,11261.049726670508,-0.0136188865
2024-07-25,720214.2835726653,0.007233463202393935,73816414.12089846,0.1968110008922064,55136.347641090055,0.00014830631101131025,707062.4306896767,13151.852882988649,0.00033688545
2024-07-26,733080.2399503461,0.0180206205950246,73966885.0943636,0.2089252836235412,55249.09961478975,0.00015655337067238586,720446.1646377341,12634.075312612009,0.015004635
2024-07-29,725231.0966837131,-0.01055750007455959,74114260.67240445,0.20103608037618825,55358.74819348873,0.0001495724106632673,716239.0892764,8992.00740731315,-0.003494203
2024-07-30,728381.7102123002,0.004499976942251481,74265064.85821407,0.207939491976005,55471.657877782156,0.00015568786943876073,720276.4327444144,8105.277467885759,0.0035939217
2024-07-31,766855.3353764308,0.05296971831353494,74408063.7082255,0.19632405372968317,55580.20672832795,0.00014902742480196556,753659.7546102483,13195.580766182513,0.03967893
2024-08-01,762419.5580045558,-0.005625560002271262,74572619.37764046,0.2145850225247191,55701.993397980994,0.00015881309555375938,755866.0935406917,6553.464463864137,-0.0022069216
2024-08-02,746980.3897611715,-0.02009399334501689,74731450.09689748,0.20832456039392136,55821.10811671095,0.0001562325067338393,740579.3228672604,6401.066893911073,-0.014021277
2024-08-05,729905.0823522405,-0.022748626771997352,74841850.91246761,0.14779613639580133,55903.63743296403,0.00011048391280990181,724671.7264727398,5233.3558795006775,-0.027258456
2024-08-06,746142.6310445585,0.022380103992898834,74968595.8684982,0.1736458055917841,56001.44038863453,0.00013399407407236328,730714.123536982,15428.507507576487,0.015211225
2024-08-07,744295.3466374818,-0.002355492824613736,75091249.16204154,0.1643831734579097,56091.19118214732,0.00012028637659684551,737913.2965023838,6382.050135098081,-0.0013768077
2024-08-08,743803.2939793642,-0.0005434797362180891,75201811.38189687,0.14854616565159598,56178.73440160604,0.00011761892621553397,719022.5687948387,24780.725184525436,-0.0008264184
2024-08-09,735298.7072781207,-0.011277074898455062,75355483.6267596,0.20660334003172443,56295.39564692669,0.0001568442171000805,705006.396644441,30292.31063367979,-0.007751882
2024-08-12,732235.6312864613,-0.003987373211705363,75536225.75149496,0.2458077553330869,56426.561270583756,0.00017838413471798895,719638.3658542732,12597.265432188025,-0.0060922503
2024-08-13,735802.3632443605,0.00504297502823495,75705384.29767302,0.23101654569972777,56552.475316045944,0.0001719583697954859,727150.468542997,8651.894701363479,0.005025625
2024-08-14,725528.8969146754,-0.013815882241369412,75846791.8238776,0.1921813971636083,56660.18284222572,0.00014638105496815718,710377.1836342405,15151.713280434846,-0.010284007
2024-08-15,735047.0708732062,0.013279191130566385,76004396.75849612,0.21722764632633595,56776.445776573804,0.00016024576669860813,727774.6869902997,7272.383882906532,0.009156346
2024-08-16,731186.3004664475,-0.0050874870729057525,76163874.1929436,0.2169622065945103,56897.67371228789,0.00016492540480444746,717555.7050053695,13630.59546107798,-0.007715583
2024-08-19,728450.1380540058,-0.0035826830858951813,76319729.81375797,0.2131544596978127,57014.22733341016,0.00015940345305692714,716288.4741680208,12161.66388598504,0.0017098188
2024-08-20,713580.5905955816,-0.020265507621353433,76460984.44844012,0.19391119213663513,57121.36296732498,0.0001470733936587928,696887.4293515148,16693.161244066825,-0.018078327
2024-08-21,713959.094988246,0.0006603787619401005,76586060.0235745,0.17527883575138836,57214.09204162256,0.0001299489861687336,701669.0910313624,12290.00395688352,-0.0067783
2024-08-22,703844.7345166114,-0.014053635696400774,76693709.9720527,0.15077887407536192,57294.7314901603,0.00011294687483330711,692027.421291892,11817.313224719512,-0.01240474
2024-08-23,700252.8920447077,-0.004974894840080546,76815160.90606992,0.17255358754745326,57385.02042409952,0.00012827961837525052,691722.9340487287,8529.957995979039,0.0007791519
2024-08-26,707892.7748739296,0.011041566839121135,76936846.18812281,0.1737733373689808,57477.02670667714,0.00013139007867424046,696485.5390086106,11407.235865318888,0.0039041042
2024-08-27,695423.4986017772,-0.017466672384817465,77073861.27850147,0.19355345222030038,57581.77179652719,0.00014796745152357405,680379.9188627439,15043.579739033357,-0.011790693
2024-08-28,699957.8727516995,0.006656374479707779,77201524.85693222,0.18357673947952305,57676.396875286875,0.0001360682791851887,689679.3393375999,10278.53341409961,0.0024373531
2024-08-29,716117.1856647108,0.023223484219253177,77325570.05576967,0.17721809221145446,57772.5445742667,0.00013736212238294498,696353.6003362464,19763.585328464444,0.016085267
2024-08-30,733730.6981289773,0.024733539010831217,77456763.4385736,0.18320099758834324,57871.14445796498,0.00013768679997081988,717246.3274348802,16484.370694097153,0.019121766
2024-09-02,707979.9685097532,-0.034944455195327184,77607536.55049983,0.20548835193988907,57982.05457098489,0.0001511591559447183,700285.3916278279,7694.57688192537,-0.02091235
2024-09-03,719963.9317984025,0.01708116460101903,77749066.6378633,0.19990690931747299,58091.213658675035,0.00015418386472136833,703816.4259297869,16147.505868615608,0.008800864
2024-09-04,720574.0141696937,0.0009932743817921297,77885842.99565257,0.18997668042567564,58196.253016653485,0.00014589530577743243,694703.1891130303,25870.825056663387,-0.0047305226
2024-09-05,725825.5679223173,0.007444810460068134,78041430.70146686,0.21592189387174665,58309.23622197369,0.00015679611406802288,714898.0222329609,10927.545689356342,0.007912993
2024-09-06,707001.5606215078,-0.025789382715550827,78183670.14645503,0.19596918498660498,58414.65016690251,0.00014523316563588132,701241.9841263263,5759.576495181576,-0.017125368
2024-09-09,703572.5380696825,-0.0047084148812751294,78313482.53027175,0.18360975568795657,58514.81604961273,0.0001416770319745384,691224.7478462736,12347.790223408912,-0.0072534084
2024-09-10,710831.0767274942,0.010466629827148974,78453993.68431605,0.19971097000148114,58620.310704324074,0.00014994140476371872,698143.624446308,12687.452281186263,0.0026923418
2024-09-11,713494.9156457316,0.00390917034119906,78608806.02821423,0.21779062419569248,58735.231548832424,0.00016167110340394679,705676.0378701584,7818.877775573155,-0.00034976006
2024-09-12,711110.7904800831,-0.0031933135600191054,78749685.7040588,0.19745014681298076,58840.94372534475,0.0001481610789288535,703187.9463654489,7922.844114634232,-0.0038498044
2024-09-13,694069.761214019,-0.02381249970577749,78892744.48187642,0.201176497013975,58948.647502326625,0.00015145850467149482,684615.8464017453,9453.914812273753,-0.012430787
2024-09-18,687797.0148038646,-0.008896381586951295,79020545.44756445,0.18413273827762536,59046.68446875693,0.0001412494419276062,674098.1683457142,13698.846458150432,-0.0031858683
2024-09-19,701918.5281271487,0.02068215377576464,79160684.75198244,0.20375096344078414,59150.294772158224,0.0001506408157802752,694299.9916212332,7618.536505915516,0.018899202
2024-09-20,697075.2012425604,-0.006790734263854404,79260172.43789707,0.14173679982502757,59227.07945735929,0.00010939258920253691,680857.7663615997,16217.434880960718,-0.0042188764
2024-09-23,702569.9290607504,0.007998816428685983,79371079.69150302,0.1591037142165593,59308.12821089786,0.00011626974162056582,694960.2895968884,7609.639463862046,0.0012927055
2024-09-24,737914.7231070525,0.05044693451362028,79492905.84731215,0.1734007545298741,59405.83336716229,0.00013906822968504537,705060.6311691088,32854.09193794373,0.03880632
2024-09-25,747795.2302813905,0.013570751501778814,79671744.51039769,0.24235681642523654,59539.38352961404,0.00018098319259632727,717390.0279554737,30405.20232591673,0.009412885
2024-09-26,781473.861662205,0.04523268984362894,79872809.34896497,0.26887686685515144,59685.541866662774,0.00019545235263634497,769775.9851802707,11697.876481934265,0.040089488
2024-09-27,835767.6656017677,0.06958902465255645,79991708.22411937,0.1521469635612527,59773.74175163969,0.00011286351252914961,828369.1107092444,7398.5548925233525,0.053816795
2024-09-30,956059.2761650766,0.14393546856911868,79993367.22406583,0.0019850013523382937,59778.74175163969,5.98252385894818e-06,950324.7212190093,5734.554946067428,0.1114372
2024-10-08,1075427.4497539245,0.12489071037400626,80034398.79558264,0.04291739282254209,59813.49032270648,3.634562409788274e-05,1071262.0727621333,4165.376991791077,0.08638549
2024-10-09,982947.2820260779,-0.08594715937548003,80101432.10375793,0.06233178090315057,59863.723629786546,4.671008452644675e-05,978998.8345470084,3948.4474790694803,-0.07652539
2024-10-10,958770.8584365484,-0.02445474277041211,80285484.75512181,0.1872456994687498,60002.42428049255,0.0001411069069951679,952316.4628757669,6454.39556078145,-0.012719631
2024-10-11,904431.6829700255,-0.056534817415218354,80462942.79439417,0.18508910414917168,60137.66432227305,0.000141055644933796,889526.4781461424,14905.204823882992,-0.042049468
2024-10-14,930514.5077853156,0.029005282350199366,80664742.81118229,0.22312355989724109,60288.13583799447,0.00016637134518253063,919273.7619558496,11240.745829465988,0.0367378
2024-10-15,903866.7360252572,-0.028493239366130043,80844367.46791528,0.19303799696848314,60422.53499406927,0.00014443531503305088,894037.7352516372,9829.000773619964,-0.019334853
2024-10-16,900768.8345522314,-0.0032973200019894467,81000466.57382537,0.17270146105446527,60540.098599266064,0.00013006740984161042,889100.2943268177,11668.540225413604,0.0030995607
2024-10-17,894452.1866080177,-0.006924338111484656,81102368.90945052,0.11312817641586935,60619.51857275214,8.816909559882072e-05,886360.7311395945,8091.455468423144,-0.0033741593
2024-10-18,937951.8441698417,0.04876767126383436,81262435.04633823,0.17895438044008183,60740.2112086457,0.0001349346982439116,927408.9484262976,10542.895743544053,0.044285774
2024-10-21,950742.1427470073,0.013795786234623445,81461510.61024494,0.21224497306992476,60889.695772018094,0.00015937338819851818,939637.169797398,11104.972949609335,0.01933062
2024-10-22,960763.4994381414,0.010691659106046159,81653496.80656967,0.2019329823436769,61033.34996888693,0.00015109690673200643,951143.9821842426,9619.517253898768,0.004818678
2024-10-23,971110.98357966,0.010884713624354076,81801284.21902704,0.15382288413725484,61143.50137948477,0.00011464987029821512,964358.2127170602,6752.770862599671,0.0025081635
2024-10-24,963118.7439381831,-0.008103378785335163,81965005.21856745,0.16859144043135363,61266.46087841628,0.00012661734962389286,955813.9354696785,7304.808468504554,-0.007105887
2024-10-25,989651.8132405395,0.027689718916958435,82145232.71878278,0.18712905480209865,61401.87887936218,0.00014060363978815173,981492.9196354833,8158.893605056226,0.019325733
2024-10-28,1010777.6669778867,0.021491594255599513,82329399.70651093,0.18609270984419046,61545.22036649902,0.0001448403218375191,981897.1294970211,28880.537480865554,0.017938375
2024-10-29,982944.9519667448,-0.02740597654923169,82494493.67921074,0.16333361736554666,61676.58633995779,0.0001299652512619648,924013.8047236932,58931.14724305163,-0.016153991
2024-10-30,974514.721247273,-0.008444063575377506,82676408.73340042,0.18507145677455658,61806.76739392602,0.00013243982148517924,940734.701754352,33780.01949292105,0.0059343576
2024-10-31,984956.3781036969,0.010902357432170873,82923784.19171698,0.25384476285791846,61989.61835145233,0.0001876328325674541,962081.7544126519,22874.623691045028,0.01616621
2024-11-01,956417.395336164,-0.028829887198372043,83119263.68157364,0.19846512414388381,62132.41984293848,0.0001449825542132938,948918.0767619673,7499.318574196826,-0.030479014
2024-11-04,980224.304490113,0.025036647312387257,83300821.53832395,0.18983119466004175,62270.995699453066,0.000144890564716131,963233.7059649862,16990.598525126843,0.020720959
2024-11-05,1014424.8821517215,0.03501372332294376,83463776.96847673,0.16624300112364485,62391.7206296864,0.00012316051507836728,1003521.5780817531,10903.304069968402,0.035259485
2024-11-06,1010349.3008118345,-0.003860426323417479,83677539.28891407,0.21072267074514717,62551.18945138522,0.00015720121273106103,1003017.1400802858,7332.160731548724,0.0042527914
2024-11-07,1032463.148281649,0.0220018729504196,83825920.77106106,0.14686156760613978,62666.918933578,0.00011454403155403328,1007473.234702055,24989.913579594016,0.017595172
2024-11-08,1035636.1180693565,0.003173115735305366,83969739.54551436,0.1392967629814759,62770.07420780587,9.991182193722752e-05,1029584.5862124689,6051.531856887606,0.0029982328
2024-11-11,1067715.025676216,0.031079808463871546,84105331.12649411,0.13092589048798411,62878.53878880947,0.00010473232741805351,1034688.3773251389,33026.64835107712,0.024270177
2024-11-12,1058664.7048581482,-0.008351316176817308,84291604.17890267,0.1744595214351215,63012.03384071654,0.00012502872835616735,1050610.5011563427,8054.203701805483,-0.013229966
2024-11-13,1057803.5276586257,-0.000694430988623186,84459355.80090335,0.15845585597675765,63138.04146262392,0.00011902505234106733,1049099.709951221,8703.817707404683,-0.0027079582
2024-11-14,1026650.3427270362,-0.029337045639780783,84619577.86331357,0.15146674994066323,63258.39602537123,0.00011377780429008702,1017314.815823809,9335.526903227223,-0.031230748
2024-11-15,1006561.8921976893,-0.019475675019414503,84744702.45942786,0.12187654443472058,63352.138121195894,9.130868799562628e-05,997725.5124344423,8836.37976324695,-0.023385704
2024-11-18,998067.423832915,-0.008327326349105428,84892340.95738192,0.14667602568552177,63464.63711906691,0.00011176560402598643,982263.0454456416,15804.378387273435,-0.024642885
2024-11-19,1025419.6845933234,0.027563690982790382,85105414.74844484,0.2134863697330649,63622.79840917869,0.0001584675407042057,1016349.680237839,9070.004355484332,0.0260638
2024-11-20,1048617.0132436939,0.022795757961119913,85341796.03685981,0.2305215044791321,63800.68869736554,0.00017348046937230328,1037307.6116738713,11309.401569822625,0.019659758
2024-11-21,1052045.0235186054,0.0034368350158604137,85575944.93150079,0.22329305331093938,63976.6020917969,0.0001677575246344745,1039704.6415407625,12340.381977842822,0.0018173456
2024-11-22,1006936.2475709303,-0.04273337462817785,85777649.76394589,0.1917264260901024,64127.94392374127,0.0001438549002762305,994494.3769827895,12441.870588140802,-0.036995232
2024-11-25,1028328.073526608,0.021413578638138298,86002015.32970454,0.22282003086083246,64298.22648901562,0.0001691095793652553,1008022.9216822396,20305.151844368364,0.003588438
2024-11-26,1012482.624353079,-0.015287603528457944,86171621.11886607,0.16493353972130428,64423.00377728682,0.0001213399609360883,1002010.4641967742,10472.160156304792,-0.011658728
2024-11-27,1033116.1382903483,0.020520369398089648,86358394.14195932,0.18447034902212878,64566.007300889905,0.00014124047184953237,1011091.9565250559,22024.181765292436,0.02291882
2024-11-28,1025714.8011371543,-0.007023288929861916,86555619.1587883,0.1909030451845877,64711.47131676762,0.00014080122310201456,1013655.0703637709,12059.730773383362,-0.005323112
2024-11-29,1041998.101228621,0.016018631589042764,86752572.08359833,0.1920152898170973,64858.71874014532,0.00014355591165737076,1031954.6987978618,10043.402430759117,0.01693046
2024-12-02,1065988.0754979437,0.023207471600128468,87007134.15522802,0.24430185748854413,65050.88581247363,0.0001844217106554467,1051154.7657153104,14833.309782633292,0.020112634
2024-12-03,1067454.9483673815,0.0015257906792004625,87221839.95582905,0.20141482398922908,65210.48761276944,0.0001497219377630045,1058491.4410048802,8963.507362501146,-0.0016360879
2024-12-04,1050158.6281167283,-0.016042549686573235,87447402.15902737,0.21130840560840505,65382.10881606045,0.0001607760623092315,1031568.5383884112,18590.08972831705,-0.015601456
2024-12-05,1065896.6513984096,0.015102619674182327,87611334.73565958,0.15610268034096939,65504.23189238712,0.00011629012327944976,1050734.1093363313,15162.542062078483,0.012999415
2024-12-06,1079808.4130936386,0.013217002497208289,87847782.24365006,0.22182967521313696,65680.42890045687,0.00016530402627551875,1069376.5597319915,10431.853361647227,0.0101851225
2024-12-09,1077243.609178775,-0.0022468484394185338,88029828.81075284,0.16859154355096537,65819.06696749004,0.00012839135660739528,1058537.827059834,18705.78211894103,-0.0072996616
2024-12-10,1089897.6612710843,0.011912223512245905,88266154.368317,0.21937986500965598,65997.38152485674,0.00016552853583660156,1067088.6369352266,22809.024335857794,0.009320617
2024-12-11,1100674.4167821738,0.010053356638508112,88510123.24443261,0.22384567357552948,66177.7559020014,0.00016549661821854038,1088454.8865916755,12219.53019049836,0.013415575
2024-12-12,1105894.549371678,0.004906160460617099,88747825.45719038,0.21596051396623686,66357.70861612677,0.00016349313782676656,1087150.7536670621,18743.79570461577,0.006635189
2024-12-13,1075639.664777586,-0.027202954802306393,88978809.60946004,0.20886634480737495,66528.99376754393,0.00015488380109521322,1064879.0053646902,10760.659412895839,-0.020825386
2024-12-16,1060773.9771804714,-0.013676991937807451,89182204.6838418,0.1890922034971726,66683.16634150957,0.00014333106059036813,1043662.4176241227,17111.559556348802,-0.012190461
2024-12-17,1036256.707468883,-0.022958211794180543,89399567.76220083,0.2049098894156387,66846.96241923346,0.00015441185516188848,1016213.868171834,20042.83929704901,-0.021279097
2024-12-18,1037598.5615549532,0.001439087969627858,89599815.23682529,0.19324118549116176,66996.3728943279,0.0001441828786415121,1020805.6562286187,16792.90532633457,0.008452296
2024-12-19,1035023.2120017343,-0.002331206074927932,89808939.2212348,0.20154613947817765,67152.86637751343,0.00015082276420180552,1019784.8206449384,15238.391356795863,0.0018270016
2024-12-20,1047008.3478567584,0.011727352371855284,90014745.28624643,0.19884198018477925,67305.81244268315,0.00014777066194865122,1037556.8369211331,9451.510935625309,0.010400772
2024-12-23,1009034.8055744338,-0.03613550213726205,90200061.67764455,0.17699609728753582,67445.18233329868,0.00013311249227460837,998192.2762616694,10842.529312764458,-0.02796191
2024-12-24,1017816.0218866341,0.008862536795284585,90415893.9580131,0.21389973782488145,67606.57411322463,0.00015994669265553422,1009064.6057557374,8751.416130896701,0.011150956
2024-12-25,1002665.0946609915,-0.014737404818198435,90617387.438091,0.19796650450088435,67757.53459387559,0.00014831804314805122,994703.1566406754,7961.9380203160545,-0.0113021135
2024-12-26,1010676.9543251792,0.008133854239723307,90808957.00544721,0.19106037337520462,67901.2066609187,0.00014329018513573185,1002879.1222681068,7797.832057072468,0.010789752
2024-12-27,1014407.6702369978,0.003846036986251703,91016267.04139909,0.20511997930169668,68057.59169658701,0.0001547329589331812,1003156.1883979241,11251.481839073655,0.0018050671
2024-12-30,1007239.7002929081,-0.006922858398119565,91208530.32709804,0.18953256303161775,68202.96098165956,0.00014330459965724272,991446.3045455561,15793.395747352079,-0.0041545033
2024-12-31,980859.3045612413,-0.026030760412229254,91422595.2449208,0.21252629117032684,68364.1413973161,0.00016002190502386107,962700.18007172,18159.12448952131,-0.030623496
2025-01-02,954211.8511228128,-0.02702751009339984,91607668.92737673,0.18868524934747335,68501.41008151046,0.00013994737426257907,942336.3059078082,11875.545215004582,-0.026961625
2025-01-03,931371.3099722968,-0.02379776340369585,91778299.20836714,0.17881802745336656,68633.84336200313,0.00013878813214993505,901785.9190382387,29585.390934058116,-0.029649377
2025-01-06,928404.5395267154,-0.0030520418918196057,91950092.8987306,0.1844524181967519,68758.02955271018,0.0001333369295117647,917579.6430456094,10824.896481106021,-0.003054142
2025-01-07,942149.8321383786,0.01494265261748018,92120314.30919798,0.183348317700113,68885.56346368631,0.00013736890067463564,931981.0570658745,10168.775072504195,0.014980316
2025-01-08,933459.3512683384,-0.009080544635043226,92299003.07436661,0.1896606665662411,69020.81073009553,0.0001435517598111249,918503.0533312638,14956.297937074549,-0.005316198
2025-01-09,937601.4109686145,0.004587000016139527,92486130.43342902,0.2004665321614102,69160.52908915287,0.00014967803243654695,925293.4723484255,12307.938620189008,0.001942873
2025-01-10,915836.7414996981,-0.023077426156308065,92650847.07641745,0.17567874905207692,69287.77123239079,0.00013571027277622024,888837.4010363716,26999.3404633266,-0.022539198
2025-01-13,930922.5673585916,0.01662462320382015,92836630.46181509,0.20285644479977885,69427.38611714425,0.00015244516672790657,902953.4589592097,27969.10839938184,0.0026240349
2025-01-14,971656.9354334946,0.043934699820303,93063515.94074656,0.2437211073045943,69592.82159508675,0.00017771131965561694,962767.78753649,8889.14789700463,0.045252442
2025-01-15,961047.760989326,-0.010775450592667157,93247749.08402517,0.18960719216851984,69731.95473846931,0.0001431916330844653,948464.6025412739,12583.158448052083,-0.006105602
2025-01-16,963425.6876422376,0.002631223898674731,93449800.76864438,0.21024104401555055,69882.75992204068,0.0001569174703826664,953927.6539498295,9498.03369240811,0.0044566393
2025-01-17,970819.6443799379,0.007801653440560972,93613070.86092739,0.1694682780179719,70005.1165150593,0.00012700158879721748,961827.872055077,8991.772324860965,0.006939769
2025-01-20,975960.167404625,0.005398746087519532,93747582.59249501,0.13855481020219138,70105.80224715552,0.00010371208769732229,967861.347130013,8098.82027461188,0.0064332485
2025-01-21,971689.0033521384,-0.004255662736644789,93904852.82762352,0.16114411261961276,70223.60898276858,0.00012070854892197821,964291.7527462909,7397.250605847548,0.004910469
2025-01-22,959361.8741327773,-0.01254100253573632,94091233.29195027,0.19181081980322695,70364.78394714343,0.00014528821864590608,946547.3339722625,12814.540160514909,-0.008848906
2025-01-23,959369.3029885271,0.00014830299885948734,94266621.17926718,0.18281723721349222,70499.631334319,0.0001405594602114732,933463.7234636876,25905.579524839497,-0.0045613647
2025-01-24,977066.12769732,0.018567694308491273,94412769.91708565,0.15233835120969302,70616.08257236746,0.00012138311876949771,923918.2606719325,53147.867025387466,0.018716693
2025-01-27,960583.8574097621,-0.01671491061948582,94624295.20977513,0.21649025249498222,70766.7798661375,0.00015423448781832867,939373.3906663684,21210.46674339364,-0.015503228
2025-02-05,963355.5284967669,0.003026783257127856,94808481.25823395,0.1917438514483023,70902.58791580783,0.0001413807327936397,951606.8164981469,11748.711998620027,0.006050229
2025-02-06,990003.1764417615,0.02781215559610814,95001564.16561088,0.200427465941073,71047.93382373628,0.00015087462897031475,976264.900768049,13738.275673712636,0.027270555
2025-02-07,1002073.5753858801,0.012340571440956368,95197798.64788471,0.19821601278001127,71194.73980527105,0.0001482883944498153,989961.6263761255,12111.949009754568,0.015263557
2025-02-10,1015067.1915385978,0.013106125239402583,95384866.27378762,0.18668052975139052,71334.42543065659,0.00013939657607650848,1005555.3043208313,9511.887217766438,0.012471318
2025-02-11,1004501.5232219062,-0.010266287053558323,95574778.92350565,0.1870936735036913,71479.12258036372,0.0001425493316238596,986083.6834795009,18417.839742405253,-0.003281474
2025-02-12,1015896.4017238166,0.01149240896680993,95771860.23415028,0.1961981202502259,71628.3863911029,0.0001485949073132555,991816.5147691992,24079.886954617432,0.015256405
2025-02-13,1005563.7568861599,-0.010027699942062596,95968729.78120282,0.19378899927048726,71773.92694005214,0.0001432631798894858,990075.8558411405,15487.901045019426,-0.011474013
2025-02-14,1015052.4266651663,0.009595329756573895,96182647.34005049,0.2127339588193645,71933.97299962776,0.0001591605290859092,1001293.009920187,13759.416744979346,0.005847931
2025-02-17,1015301.6410276735,0.0003952592633741221,96386540.85133243,0.20086993137074227,72085.96751157033,0.00014974055324603103,1005396.7048702508,9904.936157422759,0.0052393675
2025-02-18,994371.6231043998,-0.020455231822376945,96602231.33739194,0.21243980837182327,72247.75499798325,0.0001593491824253995,984549.9869602226,9821.63614417721,-0.02219671
2025-02-19,1025351.0050719472,0.03129268744535585,96782323.27633034,0.1811113016038735,72384.93343677296,0.00013795490096694314,1007228.6090229334,18122.39604901384,0.023833752
2025-02-20,1042061.8614578815,0.016462222523198716,97000592.30030783,0.21287249234438765,72553.63346071853,0.00016452904723463852,1004115.1415830281,37946.71987485333,0.007295847
2025-02-21,1058818.645038621,0.016253914794861463,97250559.92944823,0.23987791741144165,72734.43458709015,0.00017350325643687874,1047751.1082248656,11067.53681375541,0.018126369
2025-02-24,1069166.3631431572,0.009897007425655462,97425680.81756426,0.16539271284710352,72865.85247492365,0.00012411746662122135,1057921.357231346,11245.00591181136,0.0022933483
2025-02-25,1068248.3367505916,-0.000715300724214625,97627144.23557694,0.18843037431556706,73019.10339362701,0.0001433368313728345,1048543.1609820261,19705.17576856556,-0.0044229627
2025-02-26,1090423.7431394216,0.020894655454695907,97824384.78276925,0.18463922704740507,73164.37794125266,0.00013599323549386537,1081487.2929927479,8936.450146673658,0.013826609
2025-02-27,1095993.3086031855,0.005268244616667094,98057990.33267301,0.21423373378792662,73339.43149216901,0.00016053717833798418,1087834.3580534346,8158.950549750749,-0.0038134456
2025-02-28,1072099.8213877203,-0.02165431044393886,98269894.19807434,0.19334412330618467,73499.93935866111,0.00014644967741332752,1057781.5089399605,14318.31244775981,-0.035250187
2025-03-03,1080337.99913042,0.007813699609805552,98454408.91129111,0.17210590799085468,73638.82757201132,0.00012954783741165872,1064149.8611454498,16188.137984970235,0.0005182028
2025-03-04,1088989.0903002445,0.008160744783356723,98664045.92953022,0.19404762065932205,73804.09909285234,0.0001529813086034669,1040791.19518932,48197.895110924605,0.013382912
2025-03-05,1085090.0605943443,-0.003426759022109152,98890454.4460437,0.20790705667313783,73971.42560858777,0.00015365306891118545,1046978.9785978216,38111.081996522786,0.0063875914
2025-03-06,1100895.6957203613,0.014715523164149445,99116093.24125856,0.20794476275201604,74133.45840443514,0.00014932658747110177,1091731.8487746918,9163.846945669473,0.021369934
2025-03-07,1095193.516179854,-0.005033909774584695,99328308.67826848,0.19276616107673528,74293.82834145745,0.00014567223547675136,1081356.6021116623,13836.914068191847,-0.004163742
2025-03-10,1097921.7518771985,0.002664034134583127,99579479.39275768,0.2293391174970754,74483.22555519029,0.00017293492970399876,1080197.5235589938,17724.228318204587,0.0020297766
2025-03-11,1102127.7352917255,0.003994668162000567,99818435.04518896,0.21764360895730425,74663.075207255,0.00016380917106087014,1082051.7056607048,20076.029631020832,0.0047171116
2025-03-12,1097624.8059109459,-0.003934798423413179,100043301.94936141,0.20402980251007802,74829.3541128088,0.00015087081127650653,1087200.1454876922,10424.660423253692,0.0023261309
2025-03-13,1090266.444289584,-0.006566497815052462,100242529.68099992,0.1815080440653508,74980.16484440911,0.00013739734268774443,1074432.8631121588,15833.5811774252,-0.015245974
2025-03-14,1114567.2532642393,0.02244630593969576,100468754.87043376,0.2074953243023552,75151.81003406203,0.00015743416717255905,1091000.1269663798,23567.12629785956,0.01613152
2025-03-17,1122792.607656212,0.007536143522191264,100705579.76512738,0.21248147565794945,75325.99442782307,0.00015627984157160946,1113136.7747888512,9655.832867360903,0.002800107
2025-03-18,1135736.5817127822,0.011678985225446695,100930000.48367262,0.1998772676404711,75495.09864731065,0.00015061037838552929,1123095.13075014,12641.450962642291,0.0033932924
2025-03-19,1135616.2331739913,7.225081471998341e-05,101200808.41675137,0.23844255564116004,75697.50507943751,0.00017821600130342005,1125975.2593721966,9640.973801794604,-0.00714612
2025-03-20,1135435.3690831633,-1.778491098437558e-05,101414315.17355086,0.18800960268307226,75858.1723366461,0.0001414802399922761,1123806.3041027,11629.064980463278,-0.0045120716
2025-03-21,1118778.4526152238,-0.014524339983634177,101635134.31012897,0.19447970583866783,76023.63947457858,0.00014573012470634687,1107903.7127770702,10874.739838153488,-0.01980853
2025-03-24,1110353.9347770899,-0.007399422483389115,101821214.2121843,0.16632417403137162,76169.84287650017,0.00013068128151720536,1073051.496820494,37302.43795659591,-0.007067263
2025-03-25,1112055.1433481604,0.001705788424459997,102083202.03074645,0.23594982676829585,76362.66319442597,0.0001736566259518933,1089627.7096928707,22427.433655289675,-0.007795155
2025-03-26,1119634.5657990887,0.006977398453891921,102326405.9179742,0.21869768660529174,76542.49258133773,0.00016170905551529986,1107681.0755668348,11953.490232253822,0.0038268566
2025-03-27,1123073.1058623488,0.003224594576907898,102553405.40538372,0.20274426526614647,76714.32006707198,0.00015346747142592324,1104979.9624073831,18093.14345496558,-0.0009692311
2025-03-28,1114295.8248962865,-0.007656469142574293,102793355.2901999,0.21365473321697945,76892.82645324417,0.00015894458271718722,1102205.2975872927,12090.52730899385,-0.009551644
2025-03-31,1107429.9872714875,-0.006005103261883397,103026050.92147854,0.2088275178633935,77067.20258525542,0.00015648998059153963,1096096.2018855633,11333.785385924191,-0.006647706
2025-04-01,1119821.638061438,0.011334107430870896,103239519.58025314,0.1927604103448098,77227.28224320794,0.0001445505899175871,1108735.2768472247,11086.36121421323,0.0052725077
2025-04-02,1126403.5714217452,0.006040804465611318,103482798.77245389,0.2172481616107179,77409.97243479041,0.00016314222316576445,1114576.7106714621,11826.860750283078,0.00283885
2025-04-03,1116535.3505365038,-0.008623809507748267,103680727.32925795,0.17571726672904256,77564.30349124336,0.00013701222223412913,1081324.2654430273,35211.08509347663,-0.011786997
2025-04-07,985304.6770588742,-0.11753382767018734,103680727.32925795,0.0,77564.30349124336,0.0,950093.5919653976,35211.08509347663,-0.11394334
2025-04-08,1001200.722102905,0.01630461100325935,103912107.26510395,0.23483085103855184,77733.26792634951,0.0001714844545450659,984440.6685580752,16760.053544829792,0.006109476
2025-04-09,1023590.3462020514,0.0225202864140094,104122984.18484066,0.210624018821911,77890.97084687362,0.0001575137902346653,1008807.0726914135,14783.273510637966,0.022117376
2025-04-10,1054254.1970047983,0.030079038248398516,104291145.05564763,0.16428532315775493,78015.73321822965,0.00012188701448675452,1045028.8128622773,9225.384142521092,0.023399234
2025-04-11,1072116.4149258342,0.017056236315872348,104450319.85567255,0.15098332117353874,78135.1240183079,0.00011324669175370669,1062971.621345213,9144.793580621223,0.013414979
2025-04-14,1083831.5207118609,0.011076375573693458,104663836.63923158,0.19915447668413397,78295.18230272153,0.00014929188862824642,1075163.998438282,8667.522273578812,0.013022423
2025-04-15,1082437.501615171,-0.0011266935542866613,104894777.24888825,0.21307796022115577,78468.05541109253,0.00015950182760643254,1075272.2479360343,7165.253679136815,-0.004125595
2025-04-16,1063027.0608929766,-0.017788096298380456,105102310.45634548,0.19172765831519745,78623.99361757802,0.00014406208788295144,1054864.5418500595,8162.519042917029,0.0
2025-04-17,1065784.5814944291,0.0027586453233433396,105334079.48381886,0.21802740118269598,78798.98764624528,0.00016461860201401077,1053128.0242312993,12656.557263129907,0.0
2025-04-18,1067664.2026553524,0.001909442191177318,105541996.86941567,0.19508387455302903,78954.42053193373,0.00014583893254536216,1057183.6923144194,10480.510340932913,-0.001347661
2025-04-21,1089774.8473549976,0.02084886785022307,105738594.03882217,0.18413764263853102,79103.36570186373,0.00013950563253835844,1073454.1106834793,16320.736671518207,0.020740151
2025-04-22,1088733.7861660393,-0.0008030709137530777,105961857.2462721,0.20487094925324445,79269.26040837159,0.00015222842306417535,1078789.7405194012,9944.045646638173,-0.0005595088
2025-04-23,1103026.94954774,0.013280594067819196,106183887.32826892,0.2039342259954008,79435.12848866198,0.00015234952969954237,1095866.696810224,7160.252737515908,0.0059285164
2025-04-24,1091965.2299146657,-0.009886240020642267,106392468.78851028,0.18909915150022802,79592.0589492704,0.00014227255342470372,1082984.445928278,8980.783986387753,-0.010710955
2025-04-25,1096000.8161211398,0.0038460063296601827,106609716.76824714,0.19895137114745123,79756.17792881693,0.00015029689137570614,1082452.172138775,13548.643982364702,0.0032125711
2025-04-28,1082076.0109223123,-0.012556021396420345,106825313.26935251,0.1967119895661998,79919.57342993327,0.00014908337540715336,1061898.2612917179,20177.749630594422,-0.01051271
2025-04-29,1085120.7012720974,0.0029812833929153183,107070398.66067751,0.22649554084107024,80100.85832138287,0.00016753434104419335,1075240.8447095493,9879.856562548004,0.0044784546
2025-04-30,1097302.4496163654,0.01137734819821027,107281724.37183431,0.19474857581194538,80264.90603257368,0.0001511792291848239,1065372.9294721955,31929.52014416984,0.007917523
2025-05-06,1116121.1385297421,0.017299791899016457,107507344.98729317,0.2056138811480295,80429.32114784102,0.00014983573154769326,1103557.418808082,12563.719721660302,0.025680184
2025-05-07,1118603.5647200677,0.002353781544654457,107702011.13470292,0.17441309969828567,80574.00029498553,0.00012962674225047634,1111466.3777968034,7137.186923264406,0.0014042854
2025-05-08,1125909.5900501665,0.006686065469191424,107930935.97213855,0.2046523403426859,80747.031632676,0.00015468512987777601,1113594.5960097061,12314.994040460278,0.007623315
2025-05-09,1116379.0381590424,-0.008315533343126407,108156392.6245645,0.20024401108076473,80915.04478639216,0.00014922437396476838,1108549.3996854676,7829.638473574818,-0.012341499
2025-05-12,1122477.5562450148,0.0056034033715124,108363961.60439299,0.1859305600817999,81072.0487667259,0.00014063680431750905,1109495.939902357,12981.616342657762,0.014037967
2025-05-13,1126139.1174741294,0.0033992040915463975,108570125.67730589,0.1836687707169622,81226.0178394683,0.00013716895441319077,1115927.397973444,10211.719500685263,-0.0026671886
2025-05-14,1128128.8576988706,0.0019118741411815689,108786703.21179672,0.19231863197914278,81389.31387279896,0.0001450052047716085,1114628.9043813134,13499.953317557309,0.0015217066
2025-05-15,1115901.4145072852,-0.010684378566359802,109018022.11598264,0.20504652691693354,81563.40127709454,0.00015431517694767868,1100182.6439694772,15718.770537808101,-0.016773343
2025-05-16,1115582.9385371634,-0.00014462575494652766,109226140.00246473,0.18650203662837192,81720.48916269733,0.00014077218969396624,1096023.3729200116,19559.565617151864,0.0018292665
2025-05-19,1124446.0558558055,0.00808479767189629,109436669.52840859,0.18871705426036958,81876.63418834771,0.00013996720481861949,1112051.1104943387,12394.94536146693,0.0044857264
2025-05-20,1133358.0106649133,0.00808631986161511,109677993.19521086,0.21461560165160878,82057.30985402147,0.00016067970956263044,1122412.0786808215,10945.931984091945,0.00831449
2025-05-21,1129940.284740909,-0.0028862244099119197,109866483.56343977,0.16631140950627743,82203.91022247552,0.00012935044979127245,1098210.5839957814,31729.700745127702,-0.0022518635
2025-05-22,1122320.5101464298,-0.006601298347308901,110078810.7234788,0.18791007180322664,82364.61188273685,0.00014222137437836164,1084926.3501333862,37394.16001304361,-0.010775924
2025-05-23,1114008.5773025684,-0.007241716020515693,110330675.1490703,0.2244139916489967,82549.0183081175,0.0001643081666186406,1094766.398966717,19242.178335851313,-0.0125979185
2025-05-26,1116139.1226548338,0.002059467723032247,110551125.50417589,0.19788927984682722,82712.73766398775,0.00014696417891742615,1103534.3055105864,12604.817144247518,0.0065295696
2025-05-27,1120523.9804836782,0.004067153929992094,110758919.29488358,0.18617194441982907,82867.38945426694,0.00013855959991021895,1112848.0261359476,7675.95434773072,-0.0033721924
2025-05-28,1116247.5443614395,-0.0036679213080779184,110980945.63401787,0.19814510264961252,83033.83179227721,0.0001485397375774338,1109047.6977136014,7199.846647838189,-0.0039943457
2025-05-29,1140185.7217372712,0.021557978752691612,111142229.60233746,0.14448763550190738,83159.69526053367,0.00011275587470918945,1113509.7704906522,26675.95124661894,0.017565489
2025-05-30,1137272.2232257228,-0.0023901639955639063,111398763.25238541,0.22499286314256714,83347.96291172958,0.00016512016209872885,1127314.8849903846,9957.338235338313,-0.010348797
2025-06-03,1143091.3197829188,0.005279055425543529,111644658.29612985,0.21621476258955483,83532.58945487329,0.00016234155672951994,1132497.5667491874,10593.753033731442,0.0072146654
2025-06-04,1151401.9301584098,0.0074121528800082295,111851759.03883535,0.18117602602810778,83694.74669742369,0.00014185851973855688,1113643.59228213,37758.337876279766,0.008752823
2025-06-05,1155915.1556169656,0.0040733071709385645,112092639.32156545,0.20920607862535218,83871.53497761459,0.0001535417611872315,1133821.333447496,22093.82216946958,0.0071595907
2025-06-06,1152932.472019011,-0.0024409463559522944,112309521.5315487,0.18762813942644815,84032.69168867602,0.00013941915224341018,1137019.5922645517,15912.879754459314,-0.0022976995
2025-06-09,1160403.8374880794,0.006635421666586214,112548125.16711096,0.206953695340395,84211.51932455324,0.00015510677356850313,1145170.1485473074,15233.688940772096,0.010746241
2025-06-10,1154310.9143527844,-0.00511364783367776,112760248.23248401,0.182801071937361,84370.54589008601,0.00013704415686612308,1139499.1859654516,14811.72838733279,-0.009208977
2025-06-11,1157412.199434899,0.002847701761252828,113007605.87473738,0.21429030877011254,84556.39403180717,0.0001610035384837046,1141466.6790648075,15945.520370091432,0.004028201
2025-06-12,1158099.6849849934,0.0007265455330510303,113204173.98817587,0.16983414684453862,84709.82114511097,0.0001325604770527806,1118303.4788285696,39796.20615642387,0.0009230375
2025-06-13,1144405.5137396879,-0.01166324493258296,113453958.951545,0.21568520103031355,84896.79210808939,0.00016144634646096293,1106267.3167399776,38138.19699971038,-0.013922334
2025-06-16,1145759.1525991496,0.0013491142047718997,113714104.82879137,0.22731966433494397,85087.08698323312,0.0001662827318280656,1127069.3816387502,18689.77096039934,0.006788373
2025-06-17,1147080.1276599476,0.001266890323855941,113889670.95377876,0.15323126556669667,85217.66310633237,0.00011396472182049682,1132914.8153878918,14165.312272055773,-0.0009743571
2025-06-18,1141444.1114209094,-0.004752480545040128,114137006.70262162,0.2156220327410188,85402.20335506453,0.0001608782545196898,1131309.5909976065,10134.520423303009,-0.0009900331
2025-06-19,1128742.59988312,-0.010972536395835212,114372301.18422173,0.206137540371734,85579.17783647618,0.00015504436848103986,1116770.573094847,11972.026788273124,-0.014207721
2025-06-20,1133746.0618552305,0.0045782249713078775,114592501.77036376,0.19508485474441636,85743.35342132962,0.00014544997670012437,1125837.6296640572,7908.432191173262,-0.008040428
2025-06-23,1147485.1320827403,0.012277908615369579,114832841.08245286,0.21198689916136593,85924.31373431346,0.0001596127378715809,1136934.3445365515,10550.787546188763,0.013105869
2025-06-24,1175296.3561248202,0.024364675147387823,115027553.5197473,0.1696862398042806,86071.19217188696,0.0001280002968813254,1161516.0086056157,13780.347519204439,0.019158602
2025-06-25,1183770.6167111022,0.007351937985706989,115238932.35842402,0.1798515221928177,86237.63751066203,0.0001416198883861698,1138511.8754605274,45258.74125057478,0.013154864
2025-06-26,1177164.7140658542,-0.005404829814525495,115526496.78125386,0.24292241991001906,86445.46143315062,0.0001755609740221405,1163511.3752729609,13653.338792893242,-0.0045202374
2025-06-27,1179841.9591669112,0.0024121449635198895,115742972.6171296,0.1838959605984455,86607.7082683609,0.0001378284901608181,1166791.0339953077,13050.92517160339,0.004665613
2025-06-30,1193637.6145003925,0.011835822266548958,115967047.0138089,0.1899189929111619,86776.45266619611,0.00014302288244974788,1178001.032423687,15636.582076705563,0.012623906
2025-07-01,1197424.7429128839,0.00334159034007129,116235534.52431905,0.22493217979103686,86977.97217586495,0.0001688280489997696,1181374.1732009775,16050.569711906337,0.0027673244
2025-07-02,1185117.3717267977,-0.010127300565631372,116477897.9362071,0.20240387825832717,87158.66308574851,0.00015089959594789012,1173574.089054733,11543.282672064634,-0.010086596
2025-07-03,1193730.4323862928,0.007427709664756635,116730902.03027458,0.21348441943673457,87348.31018209945,0.0001600238937301254,1182800.6936093175,10929.738776975344,0.00525558
2025-07-04,1180880.0641052683,-0.01061102528164091,116976353.5138097,0.20561717861581877,87531.97466560887,0.00015385758671015038,1171830.5063793696,9049.557725898769,-0.004799247
2025-07-07,1177777.9326300095,-0.0024768039725408704,117212943.55525112,0.20035061022110295,87709.29770699747,0.00015016177068156316,1169383.6567152522,8394.275914757382,0.0023667812
2025-07-08,1194624.5686145367,0.014452874699722819,117445680.45566201,0.19760677625465684,87884.9386068704,0.00014912904632261226,1182053.0353406114,12571.53327392536,0.012732506
2025-07-09,1191755.7498845893,-0.0022574993693923566,117674075.97573283,0.19118602284875347,88056.89312650979,0.00014394021699956513,1176724.6527852188,15031.097099370443,-0.002689004
2025-07-10,1195178.5784122027,0.0030204206730837582,117909743.65094642,0.19774830139180158,88233.66830311433,0.00014833171698282923,1180226.5757119425,14952.002700260029,0.0025193691
2025-07-11,1205678.1830612528,0.008934179708076218,118149108.20620403,0.20027513844466646,88412.00385684185,0.00014921247497962968,1195655.9667773966,10022.2162838562,0.008511543
2025-07-14,1207443.3431816474,0.0016105307967172176,118383441.92918591,0.19435843351407817,88588.62558119751,0.00014649159853520152,1194112.0201451816,13331.323036465736,0.0001872778
2025-07-15,1207159.0601021212,-7.886229368544557e-05,118636464.25919731,0.20955213463240155,88777.68690918514,0.00015657987520097222,1196838.4764772034,10320.583624917796,-0.0030143857
2025-07-16,1220423.1046900018,0.01110471991466479,118825410.42654717,0.15652135132372358,88918.80557618859,0.00011690146863621531,1212607.4737678533,7815.630922148419,0.0029847622
2025-07-17,1233585.4471020615,0.01093630082099555,119069599.71827273,0.20008576598325484,89103.37736591214,0.00015123590254416508,1220235.1042522544,13350.342849807064,0.011391163
2025-07-18,1234902.8978681292,0.0012183633899882796,119316134.80009127,0.19985245642909946,89288.88194701589,0.0001503783799813329,1219324.98063994,15577.917228189232,0.0025092363
2025-07-21,1248149.3032103493,0.010872331195220483,119557339.25790428,0.1953226105707681,89468.74990435563,0.0001456535227589578,1236892.7980194842,11256.505190865231,0.009186387
2025-07-22,1254333.8650421824,0.005092691286086882,119784566.00674438,0.18205093593824187,89640.6271527173,0.00013770567985703293,1237420.4901734928,16913.374868689552,0.0037566423
2025-07-23,1255149.305408937,0.0007807257212768998,119993751.85092153,0.16677046678485954,89804.47749746985,0.00013062737865811189,1210555.9344062207,44593.371002716165,-0.0045019984
2025-07-24,1272961.8013691634,0.01436120927203498,120287579.7318271,0.2340979512471923,90017.44337987043,0.0001696737443767208,1258201.509363235,14760.292005928539,0.014211774
2025-07-25,1280874.0966120928,0.006371259367260793,120552479.29093511,0.20809702131132296,90215.51793807952,0.00015560133697338426,1268712.3236520512,12161.772960041646,0.00081932545
2025-07-28,1277475.278787555,-0.002502742558105836,120811005.0019941,0.20183538080970542,90408.63764945093,0.00015077181424951608,1268604.9132301563,8870.365557398629,0.0034846067
2025-07-29,1283453.889110477,0.004820853625238325,121050356.50880468,0.18736292653564535,90588.54865542425,0.00014083325835007447,1273173.9310974418,10279.958013035208,0.006523013
2025-07-30,1276053.0214623944,-0.005616915190662587,121306163.51048768,0.19931140795427318,90780.36465724719,0.00014945297485979882,1266121.877208324,9931.144254070452,-0.0081784725
2025-07-31,1257855.2876119476,-0.014145092376356947,121504022.49499232,0.15505545708272206,90928.21064197899,0.00011586194479784625,1250265.0039292935,7590.283682654193,-0.008527219
2025-08-01,1262902.4439912532,0.004159442149666341,121747927.41734317,0.19390539178311197,91113.03056414728,0.00014693257959679188,1247932.0586101261,14970.385381127111,0.001393199
2025-08-04,1280351.990547211,0.013958540834650809,121987393.69557011,0.18961581661853238,91291.75934282174,0.0001415222367529873,1269044.0539278642,11307.936619346772,0.010377049
2025-08-05,1291591.8853546176,0.00891359565688448,122212003.32999365,0.17542803547916766,91464.40447764006,0.00013484193104158114,1263704.9578673812,27886.927487236513,0.007090807
2025-08-06,1302919.8082853516,0.008924695912295878,122480922.22045377,0.2082073242402608,91663.54636648494,0.00015418329203129545,1285421.1386877962,17498.66959755544,0.010877371
2025-08-07,1303266.4719803627,0.0004278225083571235,122764686.94546433,0.21779139683507814,91874.3010920427,0.0001617557152923484,1294253.8299089614,9012.642071401238,0.00012242794
2025-08-08,1302967.9800716757,-7.460358911602035e-05,123032467.99756327,0.2054691483715079,92075.56464434533,0.0001544300851972337,1292445.5486388665,10522.431432809255,-0.003500402
2025-08-11,1325940.1809462544,0.017783196997938785,123296717.3961789,0.20280575014674745,92274.30004138764,0.00015252515800993156,1313423.0925881572,12517.088358097266,0.015473604
2025-08-12,1331996.100861659,0.004711271036052817,123546964.55061762,0.1887318583709642,92465.24369601373,0.00014400623600516993,1306636.8009700482,25359.299891610764,0.0028326511
2025-08-13,1339962.3773293998,0.006135686892154253,123816711.59929088,0.2025133921178596,92671.67824473041,0.00015498134610390037,1298312.4631394679,41649.914189931864,0.014463782
2025-08-14,1314463.3792170791,-0.018866321065147417,124114517.28380978,0.22224928815721115,92890.51593113641,0.00016331629164256827,1291098.6106462216,23364.768570857654,-0.012434304
2025-08-15,1338596.8480796695,0.018483207326634526,124333567.58192524,0.16664617788434155,93052.54622988393,0.000123267259711734,1324423.8091639085,14173.038915760979,0.020212173
2025-08-18,1353606.5613110182,0.011348075313113931,124572589.19640264,0.17856131576904036,93233.33084444028,0.00013505531169874144,1333540.6922165777,20065.869094440382,0.016873956
2025-08-19,1349999.0397126835,-0.0025098018455473694,124855929.54894948,0.2093225318532848,93443.56819705151,0.0001553164402569181,1339215.0551664305,10783.984546252967,0.0007253885
2025-08-20,1368401.0673289432,0.013777295630560168,125118439.8050294,0.1944521798591771,93640.87645188585,0.0001461543668033496,1356112.139940028,12288.927388915028,0.008644462
2025-08-21,1362939.7707717833,-0.0038360577342552065,125400129.86523788,0.2058534350300646,93852.90751115544,0.0001549480370425789,1347808.8179891976,15130.952782585777,-0.007134378
2025-08-22,1374260.4737575627,0.008451500079598133,125664694.96039501,0.19411356307206293,94051.09010654125,0.00014540818283817665,1360292.6074985864,13967.866258976337,0.015110254
2025-08-25,1381544.8136031372,0.005448031547383306,125935956.5293362,0.1973873032959288,94253.76467631992,0.00014747900681775895,1370866.0496229315,10678.763980205636,0.01559031
2025-08-26,1389155.9661876652,0.005660479894125884,126214655.5850758,0.20173001483226272,94462.81873202628,0.00015131905505196152,1378567.2006565628,10588.765531102461,-0.00016850233
2025-08-27,1363160.8730486634,-0.01856556325884582,126485051.25798978,0.1946474546382612,94667.44890436796,0.00014730539789802087,1345443.067065243,17717.805983420574,-0.018721461
2025-08-28,1374918.874024122,0.008743200671708758,126701774.84330001,0.15898606657154163,94827.83698979548,0.00011765895617941033,1365979.870346781,8939.00367734092,0.015076637
2025-08-29,1386438.3959648376,0.008547786056344268,127011580.28202927,0.22532634076257582,95060.82742906782,0.00016945759031616325,1375186.9418252283,11251.45413960929,-0.0011320114
2025-09-01,1405065.6362951105,0.013557190005467235,127236744.21648756,0.16240457211341983,95229.79586376552,0.00012187229897085621,1393601.2151741718,11464.421120938572,0.008397937
2025-09-02,1395151.6015809004,-0.006883417919478904,127558556.95345667,0.2290375115981571,95472.17659905781,0.00017250492007718604,1379844.830933433,15306.770647467434,-0.024965465
2025-09-03,1379067.950040952,-0.011387698921204017,127822281.10644872,0.18902902931353033,95668.26175076724,0.00014054755876510863,1370789.1166836948,8278.83335725739,-0.014629781
2025-09-04,1375214.6680013305,-0.00267023536134203,128043547.63900231,0.16044643235093148,95839.10778449604,0.00012388514556061183,1347522.143423237,27692.524578093493,-0.022996068
2025-09-05,1396879.7209137995,0.015915096372345436,128341825.7003071,0.2168956369104872,96060.72884593123,0.00016115379408894814,1377758.7555708338,19120.96534296573,0.029046416
2025-09-08,1419189.339591231,0.016122737449870923,128624578.5114048,0.20241743570643825,96272.6351578419,0.0001516997553461862,1400913.4662106198,18275.873380611232,0.009020567
2025-09-09,1411944.9393036745,-0.004956539542930912,128904103.71853626,0.1969611801142559,96482.76736480842,0.000148064955890271,1391925.9916584217,20018.9476452529,-0.011626244
2025-09-10,1410455.040377385,-0.0009284000223475223,129142819.43279539,0.16906871338542392,96661.81657789493,0.0001268103366515256,1390565.4323764509,19889.608000934164,0.00057291985
2025-09-11,1438787.0034052308,0.02015728978480137,129271880.38190784,0.09150305782020052,96760.80452736976,7.018157023165066e-05,1410227.432791742,28559.570613488708,0.023473859
2025-09-12,1450405.6719142275,0.008182510583022577,129483423.25562616,0.14702862426311533,96915.02590045168,0.00010718846689393139,1439743.4515011664,10662.220413061117,0.0031068325
2025-09-15,1451123.8897666882,0.0006581176733091983,129797840.0111306,0.21677849279883254,97151.34565414565,0.0001629335559492661,1438669.240844847,12454.648921841224,-0.0009848475
2025-09-16,1452631.7780515798,0.0011851912730609041,130080371.0960758,0.19469811429445025,97363.31673953572,0.00014607373421723642,1440098.0134904613,12533.764561118514,0.009178042
2025-09-17,1451037.726143486,-0.0009588816798279285,130346088.00358939,0.18292103444824517,97564.46664811992,0.00013847274417609875,1431256.1996948144,19781.526448671793,0.009511471
2025-09-18,1423041.753913719,-0.01916137448461641,130604242.9711313,0.17791058281304503,97756.56161594544,0.00013238454408491204,1409537.3537564585,13504.400157260425,-0.010378838
2025-09-19,1424161.7567838463,0.0009293913716336641,130872650.82821688,0.1886155879456082,97959.12147337996,0.0001423428770641693,1405844.058002731,18317.69878111535,-0.0051107407
2025-09-22,1424602.2553635647,0.00045266067087583624,131144584.26454085,0.1909428019876562,98163.28490992304,0.00014335691544206178,1405635.2828185346,18966.972545030138,0.006895542
2025-09-23,1415082.0097688723,-0.006544689056904979,131398216.0659399,0.17803692254742653,98359.95171349538,0.00013805032445505375,1370539.8939352713,44542.11583360103,-0.01086992
2025-09-24,1433477.018054461,0.013159884273262241,131710992.26793455,0.2210304419358203,98587.25891364027,0.00016063182103630554,1418262.014825274,15215.00322918699,0.01702869
2025-09-25,1426659.7896578207,-0.0045965968510592765,132016776.21653748,0.2133162546393278,98815.37136302568,0.00015913226826267014,1416574.9471450404,10084.842512780324,-0.003677845
2025-09-26,1425786.0954430131,-0.0004660180085638495,132293096.27806143,0.19368321973259892,99024.21642375881,0.00014638743044914946,1409490.0396303185,16296.055812694667,-0.014510095
2025-09-29,1438648.6832395918,0.009144889030459775,132524710.60644498,0.16244675770356984,99200.28425117905,0.00012348824833049695,1413100.37072394,25548.312515651734,0.013550401
2025-09-30,1443646.7548274458,0.003609879085968805,132787428.31493308,0.1826142209343954,99395.56045700815,0.00013573585275132534,1425342.020665447,18304.734161998847,0.010287046
2025-10-09,1457822.7208299153,0.00996554708238581,133067510.01676627,0.1940098579494024,99606.32416010513,0.0001459939575884476,1436919.043482697,20903.677347218236,0.009648919
2025-10-10,1471556.7235876615,0.0095754228101664,133371325.69362815,0.20840371913597613,99831.59033657248,0.00015452233886100602,1461260.6371331224,10296.086454539116,-0.0149357915
2025-10-13,1464046.425354008,-0.00492036956625031,133726668.00707889,0.24147374528955481,100101.28565247415,0.0001832721169212913,1441265.7109608618,22780.714393146285,-0.001866281
2025-10-14,1450710.2759815776,-0.008956428202540062,134028297.18299726,0.20602432456705477,100324.80833103607,0.00015267458373655608,1438949.8977744554,11760.37820712215,-0.01949662
2025-10-15,1468091.0973515902,0.012151594631285376,134353719.51332247,0.22431931152140577,100572.43016219174,0.00017069006489812556,1442358.007328558,25733.09002303218,0.014959693
2025-10-16,1451769.6322273265,-0.010974465330132542,134634415.28888038,0.19119779151598668,100782.38043709414,0.00014300902395031372,1428532.7195432796,23236.91268404688,-0.010905385
2025-10-17,1423026.3757507051,-0.019656230475993353,134911108.7766453,0.19059049150960508,100989.31842460707,0.0001425418902002039,1402324.9142970569,20701.4614536482,-0.029230535
2025-10-20,1422396.3786939038,-0.0002846248101704854,135212284.71962103,0.2116446666821948,101214.28686934277,0.00015809154950976878,1405573.9356693276,16822.443024576267,0.007473469
2025-10-21,1445575.4520294284,0.01645793168427108,135521621.3133722,0.217475661766804,101444.91596231697,0.000162141226193199,1434477.047454509,11098.404574919488,0.014486432
2025-10-22,1443593.1738339977,-0.0012259429548011752,135801533.96808136,0.19363406753773652,101655.00111669872,0.0001453297744416031,1432102.2010139963,11490.972820001421,-0.004335463
2025-10-23,1448120.8567394053,0.0032838706595936184,136081565.329932,0.1939821875902349,101867.8914792342,0.00014747254724824097,1425375.409692051,22745.447047354362,-0.0005621314
2025-10-24,1454784.151929607,0.004756661196024147,136383444.42684925,0.20846264005682094,102092.81657543816,0.0001553220472981849,1438200.535914268,16583.6160153388,0.0152077675
2025-10-27,1456665.769837815,0.0014561296899460894,136700576.41253945,0.2179924666278269,102329.55306331774,0.00016272963076039402,1444768.8958626317,11896.8739751834,0.010262489
2025-10-28,1450238.4605923167,-0.004278993486502003,136960734.31595564,0.17859821298962253,102523.79896766969,0.00013334967318795148,1442025.925362167,8212.535230149686,-0.0021560192
2025-10-29,1462533.3751012648,0.008638896821167566,137270872.23609927,0.2138530514609062,102757.3448858675,0.00016103966660932517,1450784.4734289849,11748.90167228004,0.012019992
2025-10-30,1455957.4578551147,-0.004340430148205872,137573212.02757844,0.2067233450028014,102985.23817797076,0.00015582091730897366,1439882.6554992879,16074.802355826781,-0.011102974
2025-10-31,1467522.938889128,0.008060098427070714,137795768.41057235,0.15285912496493684,103154.91755989744,0.00011654144220439174,1440569.4371902607,26953.5016988672,0.002884388
2025-11-03,1466935.1332294636,-0.00023852257455551448,138115395.71979454,0.21780055408479007,103392.68586995866,0.00016202016592749348,1448028.0872623317,18907.045967131868,0.0041896105
2025-11-04,1448503.310970657,-0.01241532023124139,138410732.04207096,0.20132882196790075,103612.03869126267,0.0001495313707710481,1438413.2994382055,10090.011532451608,-0.0135830045
2025-11-05,1453808.997460236,0.003808424634507674,138685459.24439928,0.1896628059097958,103822.86789435022,0.00014554968669437603,1424794.6097655192,29014.387694716905,0.003917575
2025-11-06,1470880.8558981752,0.011889201507140708,138962575.93002298,0.1906142320675003,104035.6375801101,0.0001463532597002641,1422350.5517207175,48530.30417745768,0.0116506815
2025-11-07,1467594.7364924834,-0.002054000450311467,139315469.39341617,0.23991981538007817,104300.56704543247,0.00018011619653625924,1418291.8906702138,49302.84582226958,-0.0013175607
2025-11-10,1474909.1632218699,0.005142773615085296,139632741.15270665,0.2161848577140298,104533.64780451763,0.00015881820320657412,1445331.6396896876,29577.523532182262,0.0028334856
2025-11-11,1479508.6192409494,0.0032771676976422223,139947578.79910544,0.21346239771880912,104767.71645210532,0.00015870038197903283,1458403.5132021634,21105.106038785998,-0.0029696226
2025-11-12,1475167.4825750615,-0.002771411127852176,140270886.81521896,0.21852391524382628,105008.52646687564,0.00016276350920744776,1460987.1758101776,14180.306764883899,-0.0072154403
2025-11-13,1488607.366111797,0.009261060368058014,140555311.88794416,0.19280866483628858,105230.2580392639,0.00015030942249432444,1440997.7195418235,47609.64656997348,0.013918638
2025-11-14,1483287.6908336624,-0.0034122667022501267,140887416.31961825,0.22309739910903503,105470.407969291,0.00016132523289493086,1471631.7691076028,11655.921726059634,-0.011569619
2025-11-17,1474418.923480107,-0.005831844277878879,141177884.84294847,0.19582750205859095,105688.87249060995,0.00014728398453584245,1460528.950990127,13889.972489980035,0.0027083158
2025-11-18,1459545.3727409153,-0.009948439383780787,141452864.796889,0.18650055934679585,105894.25594326049,0.00013929789517742107,1449266.8349229463,10278.53781796895,-0.0099666715
2025-11-19,1454321.1458321284,-0.003472276375100623,141661467.78978303,0.14292326692268778,106050.5379358917,0.00010707580288355269,1444879.898164076,9441.247668052281,-0.008175254
2025-11-20,1445454.8836822682,-0.00594104284308913,141961623.2055638,0.20638867600941113,106276.6158507527,0.00015545253915127892,1432394.3018274002,13060.58185486793,-0.0063352585
2025-11-21,1405065.7028140947,-0.027789756318374305,142256128.08686766,0.20374546769221974,106496.95773219188,0.00015243774394248848,1394372.5809955,10693.12181859474,-0.037151873
2025-11-24,1413188.9079058901,0.005923003649645105,142520423.2796721,0.18810166120708097,106695.9619261555,0.00014163337242170153,1399563.5928399682,13625.31506592207,0.012551546
2025-11-25,1421756.8517624005,0.00621128556704425,142801004.29107213,0.19854458935417074,106905.73793682805,0.00014844159156570248,1410980.30421704,10776.547545360329,0.013070822
2025-11-26,1412155.9290362648,-0.0066248261579653816,143040914.53632373,0.16874210590524308,107087.7686811417,0.00012803226099314846,1393169.1707354926,18986.75830077221,-0.00020694733
2025-11-27,1417793.6475221983,0.004159711365214288,143358278.11744884,0.22473692500919307,107324.21126267509,0.00016743376327765588,1405363.7490446668,12429.89847753158,0.0012415648
2025-11-28,1421805.7845749778,0.002991543100212091,143663292.87044948,0.215133389498327,107553.4650136651,0.00016169754420233747,1407634.394890331,14171.38968464694,0.010576725
2025-12-01,1425390.172183976,0.0026636977306585975,143935151.60208565,0.19120665746723886,107756.33824647652,0.00014268702168211957,1415504.919394998,9885.252788977934,0.0071542263
2025-12-02,1420484.2605424873,-0.003292127914265303,144213941.46973154,0.1955884592768933,107969.683113399,0.00014967471439458784,1393802.4878679726,26681.772674514777,-0.00995034
2025-12-03,1417125.336524327,-0.0022199630577406063,144492287.40477428,0.19595143907926002,108175.18454905291,0.00014466998428790866,1403681.1277980064,13444.208726320652,-0.008875787
2025-12-04,1406591.541132071,-0.007279190505478372,144782199.50372925,0.20457759908944995,108393.45464660818,0.00015402314243467453,1390021.5091471144,16570.03198495679,5.376339e-05
2025-12-05,1416805.045524372,0.007408217175993072,145055243.2246915,0.19411727781506607,108600.28586892839,0.00014704426713226483,1392248.1183676687,24556.927156703343,0.01294446
2025-12-08,1416556.176148476,-1.3664274898942734e-05,145364394.48914903,0.21820310806636364,108829.79563120408,0.00016199106786124123,1401643.5030239222,14912.673124553952,0.010971785
2025-12-09,1407555.2605497,-0.006233159612747067,145592776.34157178,0.16122329369506502,109001.09048362417,0.00012092344469234577,1392780.0298654048,14775.230684294984,-0.0057213902
2025-12-10,1418051.635570192,0.007595682671566355,145842215.4204901,0.17721441275484506,109196.05856496147,0.00013851540099474034,1371916.2843730238,46135.35119716819,0.0037477016
2025-12-11,1393543.9780574339,-0.017167549768573556,146071245.90566832,0.16151068087597537,109359.24404966123,0.00011507725149524845,1381921.3290805842,11622.648976849734,-0.012990952
2025-12-12,1395032.0510670287,0.0011940995515026184,146306476.1351023,0.16880000426099845,109535.20127926397,0.0001262660040682945,1385447.1292108735,9584.921856155157,0.008060694
2025-12-15,1398668.9533886528,0.002728709115722339,146532494.48894605,0.16201660289516087,109704.9356321113,0.0001216705757530821,1388371.4160271324,10297.53736152032,-0.008392453
2025-12-16,1384356.2887570744,-0.010069838793422247,146835432.7334705,0.21659038315714343,109933.22937770133,0.00016322214419425086,1369926.7963544098,14429.492402664568,-0.01743853
2025-12-17,1401315.7079262275,0.012392533152950204,147096199.76900157,0.18836699601747753,110129.49141246539,0.00014177133181536198,1384335.4450953759,16980.262830851523,0.014915824
2025-12-18,1403141.4600002281,0.0014668310026476575,147402398.51975158,0.21850804141997468,110359.23266334807,0.0001639468176822697,1386022.1871396855,17119.272860542595,-0.00224185
2025-12-19,1419298.3339543054,0.011633696980941473,147618143.63177136,0.15375863244732446,110526.08127630928,0.00011891075683929023,1382186.7939213014,37111.540033003985,0.007894278
2025-12-22,1421819.9547104689,0.0019391788417182751,147928375.6752356,0.21858127783459472,110756.73381943598,0.00016251167045625424,1393025.0251068699,28794.929603598925,0.010715127
2025-12-23,1411933.828549999,-0.006792396203212483,148236235.87328857,0.21652544475342056,110985.29551787868,0.00016075291226957516,1392701.2610328589,19232.567517140287,-0.0021502972
2025-12-24,1425413.3305196697,0.009701322599483789,148528445.9673309,0.20695735744388202,111203.41910809581,0.0001544857030878964,1410534.8078512657,14878.522668404039,0.015415788
2025-12-25,1446271.928002819,0.014746128442995592,148742614.54064485,0.15025015462418262,111364.14968114773,0.0001127606776297766,1431137.5636416748,15134.364361144097,0.009725094
2025-12-26,1440091.8143306407,-0.004113515495232806,149051783.72445697,0.21376974677165206,111595.00136716614,0.00015961845179226025,1429289.1090181917,10802.705312449027,0.0034501553
2025-12-29,1437610.9315566244,-0.0015810137295480587,149322316.56744075,0.18785805202949982,111799.07921091598,0.00014171168929579225,1422299.4580398058,15311.473516818587,-0.0014949441
2025-12-30,1442288.8881919994,0.003435728771782214,149665581.1727388,0.23877434273984013,112060.36381571867,0.00018174917779720056,1411894.095963438,30394.792228561433,0.00041341782
2025-12-31,1448914.0300997193,0.0047583601374708235,149988057.2171308,0.2235863057894481,112298.1518602887,0.000164868527045307,1435032.9808116192,13881.049288100192,-0.00026589632
2026-01-05,1475780.0785100462,0.018699100660935327,150290937.10378745,0.20903923929551343,112525.49274783788,0.00015690433167628404,1461402.479882601,14377.598627445204,0.020881414
2026-01-06,1492401.372144536,0.011428782112087565,150617496.43165472,0.22127912730531313,112770.5680759988,0.00016606493862442596,1477645.519803535,14755.85234100106,0.014317989
2026-01-07,1493575.3500825022,0.0009140049291810035,150870747.2028336,0.16969347248385172,112960.65234848928,0.00012736806333629554,1478424.8055889434,15150.544493558711,0.0052791834
2026-01-08,1513319.558149946,0.013339968781783642,151109483.1774532,0.15984193539777547,113140.69282438775,0.00012054328286050039,1494395.0743972245,18924.483752721517,0.008242726
2026-01-09,1539623.6090650638,0.01753179066956365,151414693.46986458,0.20168264578864675,113367.84361891131,0.0001501010102593661,1527953.975246731,11669.633818332833,0.019768953
2026-01-12,1569440.4625469132,0.019500526377713462,151688805.28800783,0.1780382013690365,113574.46093738556,0.00013419988967285285,1553843.6265799669,15596.835966946292,0.028026223
2026-01-13,1553787.5911778957,-0.00982862254860731,151993742.7372427,0.19429692078921915,113801.89438751781,0.0001449137164229613,1543496.7358367182,10290.855341177368,-0.018413305
2026-01-14,1558555.0199875631,0.003218386220631632,152298700.50057524,0.1962673437888401,114035.15415108569,0.00015012332759785618,1530331.6601361968,28223.35985136641,0.0065876245
2026-01-15,1555813.32053021,-0.0016159321087699907,152590232.85623753,0.18705297658635922,114258.33450835635,0.0001431969705326391,1509688.7789403528,46124.54158985701,-0.0019849539
2026-01-16,1555974.1344491434,0.0002560322357285026,152917300.80047446,0.21022312890692554,114495.85895225438,0.00015266898718741093,1541193.1744217516,14780.960027391862,-0.0009768009
2026-01-19,1567755.7020557148,0.007717056964625566,153219796.72492483,0.19440935279908067,114721.83237671101,0.00014522955070627567,1556794.7909774887,10960.911078226149,0.003998637
2026-01-20,1576408.8488314734,0.005669296342593615,153532305.11685866,0.19933487821096932,114956.75726869717,0.0001498478951013299,1563508.4705022848,12900.378329188494,-0.010029495
2026-01-21,1578588.4381410377,0.0015379807766127118,153857214.81302112,0.2061075059324263,115201.65446471782,0.0001553513203140078,1561073.2614127863,17515.176728251332,0.007935047
2026-01-22,1589948.420068884,0.007359993670881836,154203122.79937857,0.21912487004199482,115460.07345051678,0.00016370257095210444,1576739.678202956,13208.741865928088,0.0074772835
2026-01-23,1607544.0569833706,0.011216432905048248,154509539.66077217,0.1927212590835653,115697.98631222035,0.00014963558484071287,1562172.36534569,45371.69163768067,0.01942265
2026-01-26,1595907.7662028754,-0.007070297152061911,154879444.2699915,0.23010542548579072,115968.46292481193,0.00016825455664284513,1578613.9284693778,17293.837733497676,-0.012432158
2026-01-27,1573127.0402319073,-0.014113682227300833,155223024.16432008,0.21528806463926786,116225.05381951117,0.00016078052888341153,1560465.8975819482,12661.142649958994,0.0019987822
2026-01-28,1569024.6411621887,-0.00245353985462548,155542918.8444881,0.20334955282497363,116467.72299963172,0.00015425911189268694,1545613.4877142315,23411.153447957222,0.0021045208
2026-01-29,1591932.9663405118,0.014697684674793647,155751188.59019682,0.1327383523782246,116620.42724409174,9.732431247664388e-05,1582666.7764228978,9266.189917613956,-0.008045435
2026-01-30,1595431.0175620115,0.0022896009755120524,155945734.6418924,0.1222074395147441,116767.26729527509,9.224009696896825e-05,1582589.6180489028,12841.399513108576,-0.009283245
2026-02-02,1559811.7266035234,-0.0222177160132524,156177546.3299686,0.1452972178204427,116939.72498683614,0.00010809473406414404,1552747.082766353,7064.643837170472,-0.03385043
2026-02-03,1588755.815964828,0.01868078459507114,156434810.84162843,0.16493305395262162,117134.1424990779,0.00012464165317253254,1576009.075652364,12746.740312463982,0.029298782
2026-02-04,1601892.3956628998,0.008450825062877788,156819631.11603224,0.24221486432143433,117423.86026935451,0.00018235512806016977,1585025.1152257016,16867.28043719833,-0.0002411604
2026-02-05,1613930.8032714704,0.007656233104299273,157121474.09798267,0.18842899983024297,117649.91424998354,0.00014111683234221625,1598602.6001499556,15328.203121514805,-0.016941428
2026-02-06,1610875.4178489374,-0.0017230761886399375,157486708.2835261,0.22630101910384315,117924.37393528686,0.00017005666212391456,1593685.4898296974,17189.928019239953,-0.002046287
2026-02-09,1630987.3353982808,0.012653591562397017,157848272.83112344,0.22445221001643903,118195.81598130963,0.00016850592107565772,1612994.3081261194,17993.027272161395,0.022630334
2026-02-10,1630233.7503201105,-0.00031444867236042975,158167437.60621935,0.19568807688992326,118436.53925722725,0.0001475935899029174,1607082.66794118,23151.082378930456,0.0020064116
2026-02-11,1630490.210943811,0.0003278683271138479,158540502.99734834,0.22884165602370363,118714.5806460486,0.00017055308097182735,1614647.788055177,15842.422888633933,-0.0013078451
2026-02-12,1620008.6791356322,-0.006286457374415925,158849863.59456345,0.18973471606189055,118946.10524372678,0.00014199692590865368,1606381.1817775688,13627.49735806337,0.009141326
2026-02-13,1601136.0038462635,-0.01150261093594767,159167724.3355902,0.19620928277764296,119184.45098413984,0.0001471262120275995,1587946.1136566757,13189.890189587742,-0.01322937
2026-02-24,1611990.5320572266,0.006919526235671469,159456572.7097102,0.18040214786634165,119409.02535866911,0.0001402593995699282,1567272.8404851235,44717.69157210321,0.011571288
2026-02-25,1623508.885638657,0.00727355139275596,159739332.60894594,0.17541039702935876,119615.56775679298,0.00012812879109176962,1601107.8416764576,22401.043962199445,0.015248656
2026-02-26,1620999.2877154786,-0.001432396517759677,159988724.55963975,0.15361292623644002,119799.65720563073,0.00011338986220906044,1610600.3899326422,10398.897782836397,0.007629633
2026-02-27,1637119.464490243,0.010050153544962817,160216731.52364454,0.14065827525817218,119970.77216868222,0.00010556140545418867,1626452.7214789423,10666.743011300758,0.008270264
2026-03-02,1611557.4437907718,-0.01546424333596834,160543623.4516497,0.19967506043118524,120215.97909922616,0.0001497794973809608,1600983.9695497674,10573.474241004384,-0.009796917
2026-03-03,1577730.137028683,-0.020826377707251282,160893657.69473845,0.21720246115793868,120480.38183999596,0.00016406659395762046,1559912.8317155945,17817.30531308854,-0.03946221
2026-03-04,1550555.0361938986,-0.017072041721218432,161213684.30624753,0.20283989257617044,120720.40795060294,0.00015213381868905596,1532953.1490906435,17601.887103255038,-0.0058864355
2026-03-05,1562256.7769946887,0.007709593944624862,161550496.22323436,0.21722022703146693,120972.81686766098,0.00016278617086538355,1545707.381536836,16549.39545785274,0.009463191
2026-03-06,1596278.6375244725,0.02193711515814981,161881702.01730078,0.21200470943295846,121222.36316140955,0.00015973449270524122,1575410.9955654046,20867.641959067798,0.009513974
2026-03-09,1582649.3524544486,-0.008383217493910786,162211302.089324,0.20648028751068206,121469.69723218228,0.0001549441713736779,1561492.9775449005,21156.374909548154,-0.005454123
2026-03-10,1608410.2897699294,0.016427291903966263,162523873.1686811,0.19749863030135978,121707.40281109391,0.00015019472161852042,1574382.542864018,34027.746905911576,0.017823339
2026-03-11,1605432.2327267572,-0.0016928162896436203,162867716.07474518,0.2137781064017423,121962.71671531314,0.0001587368010781347,1581932.9010404076,23499.33168634948,0.0016095638
2026-03-12,1593795.4962467242,-0.007088451863418124,163213533.95331925,0.21540484333413226,122219.42409368267,0.00015989923033594313,1581176.9941828456,12618.502063878586,-0.003302455
2026-03-13,1582378.4197720578,-0.007014329980346059,163530163.89535695,0.1986640963557387,122457.09303648511,0.0001491213542528723,1569211.6415543687,13166.778217689149,-0.014589965
2026-03-16,1585775.2844697384,0.0023017441746375684,163853724.50823867,0.20447739228415987,122702.45864858707,0.0001550612729774869,1562073.2621015455,23702.022368192815,-0.0003579259
2026-03-17,1571868.112642456,-0.008616584481002906,164179521.6276515,0.20544973969737554,122945.66376934944,0.00015336669901731885,1552980.1705840947,18887.942058361434,-0.023320138
2026-03-18,1580694.8574211886,0.005775403537632886,164514366.00738245,0.2130232027978705,123197.09164906447,0.00015995481916886728,1560879.9635751233,19814.89384606525,0.009567499
2026-03-19,1542101.7113786389,-0.024272120601427742,164811396.33710745,0.18791123937075682,123423.4214782305,0.0001431837575123614,1508284.819872662,33816.891505976906,-0.023140669
2026-03-20,1512965.1370696607,-0.01874946865641003,165113873.9430999,0.19614633960948105,123646.40808471861,0.0001445991563609356,1494857.624195121,18107.512874539727,-0.01590544
2026-03-23,1433924.721301074,-0.052071864965380854,165455982.8939541,0.22611819827971388,123903.9075384851,0.00017019523282950163,1412403.7453772565,21520.97592381747,-0.04809189
2026-03-24,1467283.8140776465,0.023414713583551232,165743891.7691791,0.2007838144834918,124119.75141155071,0.0001505266419214525,1446329.815439518,20953.99863812844,0.025880337
2026-03-25,1497853.9009210723,0.020953292977179797,165977772.56329072,0.15939710631826873,124294.09220516757,0.00011881872610068889,1481353.4509438556,16500.449977216704,0.019776702
2026-03-26,1477646.7752487082,-0.013339438609994623,166281169.57485667,0.2025544756931141,124520.6877194541,0.00015128011760505336,1465181.8983376515,12464.876911056657,-0.014423549
2026-03-27,1507751.4367270854,0.02048639718820107,166504292.3383873,0.15099871448850635,124687.68498268643,0.0001130156855004982,1496832.794741882,10918.641985203329,0.013997197
2026-03-30,1504504.1291912557,-0.002011751720506288,166785294.8274478,0.18637189275075117,124901.77097158461,0.0001419902403561302,1480463.0847837296,24041.04440752612,0.002790928
2026-03-31,1491563.5301351543,-0.008443675893634215,167102442.6355527,0.21079889509866942,125138.82478016068,0.00015756275039503653,1470987.7295467067,20575.800588447608,-0.019062996
2026-04-01,1530393.5828000477,0.026182773397868446,167400707.88769883,0.1999681851426726,125362.0420333207,0.00014965319857330943,1511967.7432631776,18425.839536870215,0.01893735
2026-04-02,1515349.1070139892,-0.009664075497245711,167742327.54957733,0.22322340195223522,125616.67869469915,0.00016638638859982585,1503490.2442602324,11858.862753756883,-0.018125653
2026-04-03,1483631.745897055,-0.02080458204729815,167993419.8409007,0.16569930332301028,125807.83498446096,0.00012614670037222554,1460615.7543558062,23015.991541248753,-0.01138854
2026-04-07,1503366.6540262282,0.013455357556339653,168299241.83281752,0.20613066063231533,126035.72247826896,0.00015360111728413337,1486494.5504974152,16872.103528812993,0.009211063
2026-04-08,1570170.6389146883,0.04457050029742035,168546069.84524995,0.16418350890741518,126237.54149021678,0.0001342447043156932,1486708.3439038903,83462.29501079794,0.045983315
2026-04-09,1550297.3945622283,-0.012485012104114748,168924615.7664263,0.2410858487571755,126507.18641030122,0.0001717296919211383,1524162.8276627655,26134.56689946277,-0.004313946
2026-04-10,1566750.2087939803,0.01076996860523733,169254667.8055376,0.21289595162127975,126751.0264467657,0.0001572859744973848,1555655.4534068753,11094.755387105142,0.009692669
2026-04-13,1569654.2702320747,0.0019984554066568502,169557494.79389992,0.19328351556143467,126978.04543431642,0.00014489801008258374,1559191.5487165053,10462.721515569447,0.0034182072
2026-04-14,1594713.8199823052,0.01609231955328759,169823641.14915973,0.1695573097255716,127177.87378884289,0.00012730724103781558,1583576.5744947726,11137.24548753248,0.014851332
2026-04-15,1592363.1159906227,-0.001329464332519019,170128986.49616802,0.1914734438130573,127408.46263628376,0.0001445957541419123,1575137.1106119112,17226.00537871149,-0.0047392845
2026-04-16,1617600.9166440382,0.015983263013829907,170413289.83948734,0.17854177885956565,127621.82047926812,0.0001339881845050337,1600066.9271288794,17533.98951515871,0.015644908
2026-04-17,1618272.1023965112,0.000555148967652878,170717941.06541985,0.18833522088041005,127848.64420574433,0.00014022230337677754,1607623.7085004023,10648.393896109043,0.00904417
2026-04-20,1625448.1778936402,0.004563496986538595,170994217.93254614,0.17072337014099517,128057.54857130129,0.00012909100098035852,1608221.8275141185,17226.350379521733,0.006063223
2026-04-21,1627528.752098632,0.0014062118310204314,171268292.18571055,0.16861457467046015,128262.69882477412,0.00012621150047286157,1612129.297574427,15399.454524205008,-0.000795722
2026-04-22,1636328.249368182,0.0055601486750744295,171601195.25225356,0.20454512162304225,128512.503389851,0.00015348703656065278,1620669.5387304209,15658.710637761083,0.015576363
2026-04-23,1618779.736323186,-0.010560598113550541,171958803.7734514,0.2185432668145314,128780.41141141987,0.0001637251093552398,1604582.4110250964,14197.325298089556,-0.013972044
2026-04-24,1602069.7902182946,-0.0101770722008449,172273194.6253554,0.19421471917982877,129015.9192624855,0.00014548480301622248,1589249.1242206702,12820.665997624506,-0.0070073605
2026-04-27,1617563.4371992014,0.00981113275295571,172571350.53575686,0.1861066928681287,129240.39167291026,0.00014011400239572077,1601545.3331174033,16018.104081798036,0.004165411
2026-04-28,1588864.9305329297,-0.01759430500931468,172889245.71646395,0.1965271799525403,129478.9938531838,0.00014750715476523867,1572362.249658387,16502.680874542806,-0.013436139
2026-04-29,1612549.8969021062,0.014992399821723026,173072855.64961115,0.11556044168311173,129614.92578527115,8.555285567398968e-05,1603285.2190517874,9264.677850318727,0.014146686
2026-04-30,1622931.6249706969,0.006582492341613039,173382456.42926705,0.19199454246388423,129847.79506350752,0.00014441058765607705,1611225.0424207014,11706.582549995474,0.0046601295
2026-05-06,1643766.918822424,0.012971143228677602,173668131.13511944,0.17602387029555075,130063.77976962576,0.00013308305956644166,1625361.6140627682,18405.304759655777,0.02297914
2026-05-07,1659148.2435004353,0.009496911941998578,173975428.64005408,0.1869471282186304,130293.16477284141,0.00013954837549594727,1645324.8256852445,13823.417815190853,0.01632154
2026-05-08,1681113.135006698,0.013365246144015361,174255300.79817867,0.16868423856696954,130503.19793037264,0.00012659095313153381,1666983.5945979129,14129.540408785178,0.003057003
2026-05-11,1695254.9906366717,0.008565630363763252,174595917.88183272,0.2026140160118902,130761.13601453367,0.00015343291227095063,1671482.3026299472,23772.688006724486,0.01437223
2026-05-12,1674659.8249565184,-0.012048108526571963,174827878.95611674,0.13682960708872566,130931.6855872836,0.000100604082389921,1664742.6183748657,9917.206581652583,-0.0050626993
2026-05-13,1688430.7118859373,0.008407604486466451,175237463.48379868,0.24457774741958796,131240.67611547426,0.00018450942907087222,1671613.9661155033,16816.745770433896,0.01513958
2026-05-14,1655503.7339439928,-0.01937072534193054,175533464.3471109,0.17531122907708108,131461.526478596,0.00013080214756047744,1643508.9759863138,11994.757957678907,-0.019735456
2026-05-15,1641745.2370526993,-0.008154645442465216,175874845.7612221,0.20620999343680504,131719.97739089892,0.00015611617600353692,1620349.523129194,21395.713923505304,-0.0109423995
2026-05-18,1630234.1867787843,-0.0068499147866814296,176230098.56111267,0.21638728827886608,131985.21268956288,0.00016155691679673557,1613920.9131695372,16313.273609247051,0.0043258667
2026-05-19,1652399.936666445,0.013751337348047236,176567932.93258446,0.20723057718432886,132237.36306061654,0.0001546712571105462,1641240.4436288292,11159.493037615954,0.010140777
2026-05-20,1636450.331216984,-0.009507636207323568,176884218.41624266,0.19140976505740462,132476.55104324862,0.0001447518710964238,1617634.5466083323,18815.784608651535,3.0636787e-05
2026-05-21,1603305.119297193,-0.020110416052563543,177199872.82576445,0.19288969759750954,132712.06595291072,0.0001439181533159986,1589628.4395153644,13676.67978182852,-0.033875883
2026-05-22,1619789.6044565293,0.010427908167763506,177513519.21507472,0.19562489106737033,132946.6993425106,0.0001463435666585625,1608753.167595579,11036.436860950114,0.02140522
2026-05-25,1625888.7573916127,0.003953842963773427,177918802.51059842,0.2502073691599493,133251.9401378009,0.00018844471803652272,1610044.2667357025,15844.49065591026,0.012267828
2026-05-26,1611292.3681973044,-0.008840756444815471,178216615.69498673,0.18316947148714322,133474.2428216463,0.00013672687189376464,1599898.9980084947,11393.370188809597,-0.012735128
2026-05-27,1575808.1244898,-0.021864653744448986,178552422.68978524,0.20840848093521866,133728.1368174434,0.00015757164919805378,1556513.6495040448,19294.474985755223,-0.016200721
2026-05-28,1575784.0516881375,0.0001358759822609904,178871519.46856663,0.20249722908663026,133966.3240958759,0.00015115246249261952,1561268.9865948535,14515.065093284084,0.010674596
2026-05-29,1553305.0669296226,-0.014137167575323267,179136994.52653694,0.16847172535215837,134168.18565315375,0.00012810229743193333,1527970.8081932382,25334.258736384294,-0.02651155
2026-06-01,1571800.8584876216,0.012057792458298982,179451686.09301808,0.20259482388941524,134401.82421661625,0.0001504138294767371,1556220.6839080488,15580.174579572824,-0.0075647235
2026-06-02,1540908.8493698547,-0.019526552425508284,179717889.84524783,0.16936226417759434,134601.98146866576,0.0001273426280235655,1523511.080533569,17397.768836285635,0.0047512054
2026-06-03,1524935.5546527505,-0.010209356070863656,180040812.44629985,0.20956632261802718,134843.58906980828,0.00015679551794469965,1510116.7920034812,14818.762649269287,0.005712867
2026-06-04,1499831.1594450127,-0.016317331480093806,180337524.22425237,0.19457332281827971,135065.10534649645,0.00014526271356995926,1489304.140177376,10527.019267636537,-0.0014930964
2026-06-05,1510182.2440616917,0.007046993996140847,180625043.78274444,0.19170128362878944,135283.32190565142,0.00014549408297112484,1489565.8802095891,20616.36385210264,-0.0093976855
2026-06-08,1458350.5918003633,-0.03416594908937628,180938168.87756443,0.20734258798979857,135518.16450068806,0.00015550612911791254,1437973.974856766,20376.616943597408,-0.03113556
2026-06-09,1472772.060836435,0.01001508738831647,181184491.46177778,0.16890491600463237,135702.20408429994,0.00012619707815572905,1455388.9016690005,17383.15916743452,0.029381633
2026-06-10,1466485.705832525,-0.004107912900523659,181501435.6160294,0.21520244895984258,135938.53973996927,0.00016046994776307055,1454828.722398327,11656.98343419793,-0.0144228935
2026-06-11,1454704.1013901182,-0.00792326645902493,181716654.5534193,0.14675829197237247,136100.7871767136,0.00011063690297085276,1439876.4305848735,14827.670805244601,-0.0047898293
2026-06-12,1482044.3581768023,0.018935129331646327,181989639.56670895,0.18765672897243857,136305.5406891278,0.0001407526879305135,1467362.4310962893,14681.927080512887,0.0053129196
2026-06-15,1506421.8075098863,0.016601090313223738,182289538.97289664,0.20235521597789213,136531.64359434057,0.0001525614965336839,1487252.5810466015,19169.226463284722,0.03881967
2026-06-16,1506602.1923652568,0.0002704093236174506,182593973.11799884,0.20209090414419334,136758.6092410214,0.00015066540164869016,1493099.7801318453,13502.41223341159,0.014689088
2026-06-17,1491148.0441911826,-0.010114832044506101,182880339.65639585,0.19007442034014255,136973.7292814364,0.00014278489803421662,1476480.2055292618,14667.838661920858,0.006716132
2026-06-18,1489224.7234565604,-0.0011629721100449722,183130343.80257192,0.16765883652529978,137162.88642871613,0.00012685336510791456,1468129.8913512495,21094.832105310845,0.007645488
2026-06-22,1483582.8414888075,-0.003643406015204688,183421452.45610553,0.19547664563205133,137378.9180810359,0.0001450631653618732,1471903.3923576255,11679.449131181893,0.010792255
2026-06-23,1479450.949715706,-0.002629434802612793,183727280.87208855,0.20614178556831772,137609.82549816745,0.00015564174151531585,1461857.9874244516,17592.96229125448,-0.020939052
2026-06-24,1449533.96442049,-0.020050062574210496,184065440.0516493,0.2285707272861814,137863.7266761085,0.00017161851698417296,1431067.7302253484,18466.23419514155,0.013070226
2026-06-25,1408423.9293231831,-0.028212647412167866,184351841.999222,0.19758208817632564,138078.57112325815,0.00014821622150506497,1390000.5936947125,18423.335628470566,0.0036878586
2026-06-26,1370253.5378220405,-0.026944239661932233,184649453.10366076,0.21130790115286432,138300.05072711664,0.0001572535081571085,1358966.579679864,11286.958142176572,-0.025437653
2026-06-29,1387225.4564872887,0.012506034657745154,184867793.17167258,0.15934282378052644,138464.5702957688,0.00012006505665633548,1373044.9473405564,14180.509146732325,-0.0004091859
2026-06-30,1407720.5563438016,0.014926891879155682,185151398.71514532,0.20444084423802222,138676.43484025408,0.0001527253868464672,1397110.3642184797,10610.192125321799,0.024645567
2026-07-01,1432943.8572257776,0.018059545144942665,185407081.27254874,0.18162877301975774,138875.92689703274,0.0001417128249492864,1391612.6022527646,41331.25497301284,0.0075870752
2026-07-02,1432933.7204993172,0.0001347642648660845,185676864.62483597,0.18827210216703225,139079.17324900656,0.0001418383218218431,1388170.3608447532,44763.35965456391,-0.028310359
2026-07-03,1460896.2607873601,0.019593683482312024,185837095.60841948,0.11182023375629416,139193.08273155897,7.949389488350888e-05,1443131.8306856928,17764.430101667334,-0.0005262494
2026-07-06,1452587.6064893685,-0.005560206671964049,186087869.2685705,0.1716574043497643,139378.85189327342,0.00012716109055842408,1444253.2791448685,8334.327344499965,-0.01718992
2026-07-07,1403185.7023100844,-0.033906925605712415,186283875.53881893,0.1349359373388318,139527.97616354265,0.00010266111978584559,1386522.2289041374,16663.47340594709,-0.020159066
2026-07-08,1386524.2810044056,-0.011723179706426915,186567685.1958902,0.20226093852297866,139739.59931955146,0.00015081621460395954,1375008.7779329682,11515.503071437364,-0.022156596
2026-07-09,1383796.5110213438,-0.0018065971018259076,186861858.93251845,0.2121663072608892,139962.47855493947,0.0001607467236178206,1363508.1555180294,20288.355503314382,0.022446752
2026-07-10,1425278.5947003379,0.030103596674323007,187098380.79889634,0.17092243295462536,140137.64692306728,0.00012658535177149786,1414057.534187319,11221.060513018918,-0.012261391
2026-07-13,1358442.1600870017,-0.04681139672713613,187253848.67018262,0.10907893506880305,140254.79979319082,8.219647061223685e-05,1345130.3858089535,13311.774278048142,-0.05006641
2026-07-14,1368701.5031424176,0.007702722589841604,187527025.22666165,0.20109546398467282,140459.1598512703,0.00015043706981708032,1357683.5260417631,11017.977100654396,0.017626286
2026-07-15,1373953.4499765604,0.003988832873059286,187802089.4413027,0.2009672773862756,140666.73456626764,0.00015165813328967166,1358036.8315245856,15916.618451974788,-0.013538063
2026-07-16,1364239.0519579735,-0.006933266648815676,188051295.32704255,0.1813786964500976,140855.14695310683,0.00013713156500491704,1342478.9557557593,21760.09620221433,-0.023800671
2026-07-17,1296006.228067281,-0.04991547150602035,188210565.19294244,0.11674630312869617,140991.33531839095,9.982734703911413e-05,1207438.456793516,88567.77127376504,-0.060767114
2026-07-20,1287348.7771090355,-0.006479250709791598,188547661.87876165,0.26010421749432255,141251.63700353712,0.00020084910049726954,1169124.6243933523,118224.15271568329,-0.028267324
2026-07-21,1335509.8263430118,0.0375426101641601,188779201.4299624,0.17985766974565326,141421.02105387358,0.00013157588164789644,1234537.509934048,100972.3164089639,0.042277694
2026-07-22,1317757.0277036002,-0.013078806102803927,189184722.50044885,0.30364514171856216,141706.94562615556,0.0002140939487243722,1289935.558198346,27821.4695052542,-0.01392591
2026-07-23,1343272.5972398997,0.019478641541707552,189392374.2449113,0.1575796904110056,141859.49287156053,0.0001157628016378799,1328369.926747571,14902.670492328776,0.0051321983
2026-07-24,1305165.6325044823,-0.02821638970920577,189666078.38927075,0.20375919595310396,142064.15451755992,0.00015236047129965445,1292933.4727389752,12232.159765507116,-0.027768731
2026-07-27,1351024.3795093049,0.03527625604928651,189899461.92501006,0.17881526292679265,142246.76455169442,0.00013991330263890761,1308685.300457674,42339.0790516307,0.033319116
2026-07-28,1303867.5603533217,-0.03477721495370017,190111365.32568976,0.1568464669428625,142418.7184537931,0.0001272766833127944,1209595.0288483065,94272.53150501531,-0.02801305
2026-07-29,1305894.276497576,0.0017169753156015429,190414743.09827933,0.23267529756423658,142630.71072547915,0.00016258727353306844,1273997.9682888908,31896.3082086852,0.009807467
2026-07-30,1250912.867962754,-0.042022007020010285,190548891.6795022,0.1027254530762246,142735.82080592858,8.048896632837763e-05,1201127.0917053858,49785.77625736823,-0.027417183
2026-07-31,1293365.37566982,0.03408834079443453,190789865.12075827,0.19263807050648318,142924.85724612052,0.00015111879095128513,1210543.1988531712,82822.1768166489,0.025338173
2026-08-03,1279458.5375045354,-0.010608909263655633,191047931.8712786,0.19953120392348417,143110.49949617012,0.0001435342661415033,1228453.254300627,51005.2832039084,0.0006034374
2026-08-04,1347265.2624358446,0.053171423073280114,191351676.1415897,0.23740063582170645,143334.40576723477,0.00017500080268436234,1312091.612177406,35173.65025843876,0.028166175
2026-08-05,1421820.264712814,0.05547595651543565,191583446.97694367,0.17203058804836305,143520.23260391332,0.00013792891560387692,1338837.6006386413,82982.66407417278,0.029379606
2026-08-06,1455525.3812330368,0.023876666617808684,191923622.90752733,0.23925382063137648,143763.44453468293,0.00017105673396681907,1420465.997762106,35059.383470930945,0.0049886703
2026-08-07,1500582.1633210804,0.031120156401338573,192250428.83032423,0.2245278076291971,144002.83995672935,0.0001644735468945379,1488598.2554771856,11983.907843894878,0.01979971
2026-08-10,1496025.5340602577,-0.0029052844441469694,192508544.07337955,0.17201007006777594,144199.85120129088,0.00013128987494126878,1470539.3883807384,25486.14567951923,0.0070798397
2026-08-11,1490723.0745516405,-0.0034031485197508365,192793876.00063103,0.19072664253068505,144411.11362816143,0.00014121578947732424,1476394.2655709742,14328.808980666308,-0.004635453
2026-08-12,1511823.0948357459,0.01431782328686467,193117635.76860505,0.21718303922503857,144655.00289513808,0.00016360467691157448,1493460.4111375178,18362.68369822816,0.012427807
2026-08-13,1490907.8804689827,-0.013705299347265852,193380730.05864853,0.1740245210846296,144850.22918706742,0.00012913302660623344,1481118.1254757121,9789.754993270606,-0.009986222
2026-08-14,1489776.3396540883,-0.0005922827197346839,193710308.90061465,0.22105915884115487,145098.73102764387,0.0001666781991240619,1474964.2500941558,14812.089559932523,0.006989479
2026-08-17,1523455.6156550907,0.022741888838399168,193979071.8102778,0.18040487186522572,145299.78293713194,0.00013495442512850966,1510925.6690418113,12529.946613279466,0.025555253
2026-08-18,1520756.6723852453,-0.0016348030330544125,194257970.21915185,0.1830695991455829,145508.17634578055,0.0001367899441947324,1511556.7112084355,9199.96117680995,-0.0028136373
2026-08-19,1453698.8841747097,-0.04395027775090232,194550808.28755602,0.19256076512547088,145728.2864134467,0.0001447372033034879,1442792.9676133485,10905.916561361271,-0.053887725
2026-08-20,1475674.3122439147,0.015245967065269601,194798707.52979314,0.17052998040777723,145915.90365518848,0.00012906196997480867,1458184.7726686606,17489.539575254115,0.009578586
2026-08-21,1460653.5364221337,-0.010101891145595399,194953171.58166376,0.10467353845560665,146029.57820833012,7.703227751439565e-05,1451971.6144453078,8681.92197682603,0.0015836954
2026-08-24,1444517.2339473846,-0.010924251945197187,195192628.3210767,0.16393808212691022,146209.33344656051,0.0001230649389113234,1435364.3325261837,9152.90142120092,-0.014510989
2026-08-25,1478593.202268234,0.023752643917309548,195502967.98979592,0.2148397135222659,146444.46861608032,0.00016277768377831247,1460153.764094884,18439.438173349834,0.004806757
2026-08-26,1481477.90589807,0.0020837582326634126,195767049.6183715,0.17860330222704213,146640.79574423094,0.00013277967722930242,1470171.1679772397,11306.737920830376,0.0022809505
2026-08-27,1494106.073234983,0.008670561112823685,196056119.50387865,0.1951226436495066,146857.87312770516,0.000146527587492182,1481916.5353223535,12189.537912629483,0.024955392
2026-08-28,1495748.7525161984,0.0012376763082885267,196322365.9130028,0.17819779592199175,147064.41353540268,0.00013823677675730948,1456343.3515936339,39405.40092256467,-0.0036104918
2026-08-31,1496054.393764647,0.00035732679581913676,196635850.27232578,0.20958356729072386,147293.24339604125,0.00015298683034408014,1482011.4581175863,14042.93564706073,0.0084866285
2026-09-01,1507010.9821778082,0.007445188992112704,196879183.56379998,0.16265002963018838,147475.0626869384,0.00012153254029730936,1495872.5766554177,11138.405522390403,-0.010173202
2026-09-02,1484413.0252365037,-0.014886248758886769,197097117.14110318,0.14461313147715837,147639.27926516978,0.0001089684018055764,1470373.255276567,14039.769959936577,-0.013990998
2026-09-03,1475097.341840824,-0.006170520143222622,197305547.56565875,0.1404126890643268,147795.36218776548,0.00010514790691144114,1462173.2380872967,12924.103753527335,0.0021545887
2026-09-04,1485227.758897402,0.007005090820958472,197577241.85747978,0.18418736453146625,147998.1359805369,0.00013746468590226764,1476494.133314132,8733.625583269997,-0.012106419
2026-09-07,1486002.648639591,0.0006337059610433635,197797021.29992753,0.1479769288791847,148164.4439226684,0.00011197470632717516,1471541.889815612,14460.75882397901,0.01748383
2026-09-08,1497770.8113732343,0.008041104587866775,198036691.28096697,0.16128502951111715,148345.38390458308,0.00012176289327635163,1478741.0079906918,19029.803382542563,0.0026507378
2026-09-09,1484797.0266017383,-0.008554836123548295,198253845.70974448,0.1449850852537428,148505.98483414706,0.00010722663864488999,1474987.3922252904,9809.634376447913,-0.0014112592
2026-09-10,1466716.1692640318,-0.012064993929736848,198470761.43517268,0.14609116366878092,148672.77505901226,0.00011233200355130619,1440659.601936276,26056.567327755645,-0.007981658
2026-09-11,1432149.0260382895,-0.02347284004384155,198661373.63008505,0.12995847383888823,148811.92425390388,9.487124898980624e-05,1421471.4130759162,10677.612962373372,-0.021153867
2026-09-14,1439258.0950976864,0.005099193072970756,198916156.46486264,0.17790245997121656,149005.65958754328,0.00013527595949656507,1418181.3872439836,21076.70785370274,0.005528331
2026-09-15,1423714.4959686156,-0.010653188567914397,199196177.7099205,0.1945594372626025,149216.57083164112,0.00014654164170848039,1399267.4581410193,24447.037827596385,-0.0040973425
2026-09-16,1435824.7579039265,0.00866040572220916,199491786.94219017,0.2076323821290859,149436.25406400894,0.00015430286970447986,1419692.1706464607,16132.587257465777,0.02013123
2026-09-17,1440083.92415359,0.0031114696025889396,199771249.2803424,0.1946354084047136,149644.61290320806,0.00014511439369752337,1429111.353395524,10972.570758066038,-0.005088687
2026-09-18,1453816.8881520673,0.009679764457719783,200047011.96506077,0.1914907041827094,149851.3220898864,0.0001435396807167598,1443502.3340221706,10314.55412989658,0.018383026
