datetime,value,turnover,cost,n_hold,return,bench,excess,exposure
2023-01-03,1000000.0,0.0,0.0,0,0.0,0.022618413,-0.022618412971496582,1.0
2023-01-04,999578.9419927117,0.8421160145759583,0.0004210580072879791,48,-0.0004210580072883108,-0.00037676096,-4.4297047663066635e-05,1.0
2023-01-05,1010456.7740890072,0.11755020771096898,7.562976463030813e-05,50,0.010882414223942982,0.009996414,0.0008860000393726697,1.0
2023-01-06,1013353.2553208028,0.09266585151115099,6.512789060518318e-05,50,0.002866506817579495,0.002289772,0.0005767347838880887,1.0
2023-01-09,1025510.1050328695,0.09281567200342467,6.48387273566964e-05,50,0.01199665531070715,0.005450487,0.006546168173866329,1.0
2023-01-10,1025486.6397212286,0.11060569442000003,8.372899894623462e-05,50,-2.2881599630930616e-05,0.00068092346,-0.0007038050615449931,1.0
2023-01-11,1018808.5201085208,0.0873002421590172,6.088226406780903e-05,50,-0.006512146871580193,-0.008149624,0.001637476999269416,1.0
2023-01-12,1021764.0456964595,0.0790823545776428,5.878336140202944e-05,50,0.002900962771320348,0.00041162968,0.0024893330945015,1.0
2023-01-13,1029326.0755763993,0.09298231263698783,7.002035270249556e-05,50,0.007400955153775701,0.0043053627,0.0030955924523596856,1.0
2023-01-16,1044620.0149860018,0.06320651167890025,4.951991623567173e-05,50,0.014858206522202488,0.011399984,0.0034582221624612774,1.0
2023-01-17,1042418.7776772919,0.08256670775397786,6.0427233088858635e-05,50,-0.0021072134145729837,0.00086176395,-0.0029689773687355814,1.0
2023-01-18,1043718.7810496088,0.06562447229045552,4.8959879070633326e-05,50,0.0012471027960696546,0.002352357,-0.0011052541146359118,1.0
2023-01-19,1049060.5819240916,0.07424088605961754,5.65875187370364e-05,50,0.005118046136058485,0.00953722,-0.004419173865162218,1.0
2023-01-20,1058189.410408333,0.07691193976665152,5.679097618479157e-05,50,0.008701907822614041,0.009102702,-0.0004007943181940643,1.0
2023-01-30,1072938.7316671226,0.059818680355762904,4.602728798972146e-05,50,0.01393826201029369,0.007362485,0.006575777078347889,1.0
2023-01-31,1073868.756178313,0.078080623391775,5.7515979410523726e-05,50,0.0008668011357417793,0.0027745962,-0.0019077950785526543,1.0
2023-02-01,1091779.3440225308,0.048690462381113554,4.071298462818258e-05,49,0.016678563130896995,0.016375542,0.0003030214438852763,1.0
2023-02-02,1100286.2949663675,0.08074135247054824,6.323792469690868e-05,49,0.00779182257881339,0.0023869276,0.005404894974138097,1.0
2023-02-03,1098419.769493763,0.09566746547751379,6.775926264692562e-05,50,-0.0016963998198864516,-0.0011755228,-0.0005208770156261977,1.0
2023-02-06,1099830.2727757508,0.05992161002281901,4.858041120051557e-05,49,0.001284120443897141,-0.00486207,0.006146190527515305,1.0
2023-02-07,1107490.425162301,0.07930699081663826,5.870847334373066e-05,49,0.00696484955557497,0.004775524,0.0021893254161706732,1.0
2023-02-08,1101196.7815516188,0.0898197762810164,6.849534915748106e-05,49,-0.00568279731155219,-0.006729901,0.00104710352539239,1.0
2023-02-09,1117674.9409233516,0.08978125357365666,6.235817417841009e-05,49,0.014963864449834663,0.017659903,-0.002696038122797173,1.0
2023-02-10,1111672.218953303,0.10855693920882567,8.100878334076044e-05,50,-0.005370722515340098,-0.0033989549,-0.001971767647023448,1.0
2023-02-13,1121147.3127732603,0.08535465195789824,6.365237399900895e-05,50,0.008523280206532924,0.0110087395,-0.002485459264902623,1.0
2023-02-14,1129110.2421065317,0.07357718187669389,5.62941916593418e-05,50,0.007102482646615282,0.0013145208,0.0057879618107388175,1.0
2023-02-15,1128214.53292932,0.09261529864436095,6.824127837690684e-05,50,-0.0007932876204724826,0.00030446053,-0.001097748145985178,1.0
2023-02-16,1103113.1394604482,0.06090317695935458,4.565702372667601e-05,50,-0.022248776926935943,-0.019593418,-0.00265535928243521,1.0
2023-02-17,1099355.438398976,0.06336625330562336,4.7795145681655994e-05,50,-0.003406451185333559,-0.008180261,0.004773809472930601,1.0
2023-02-20,1108709.828573081,0.07743217573057419,5.769325339782122e-05,50,0.008508977030875498,0.013221145,-0.004712167645332999,1.0
2023-02-21,1113776.6486536749,0.0692942740827139,5.1983803567004204e-05,50,0.0045700145791212066,0.0044716597,9.83549187818511e-05,1.0
2023-02-22,1116950.9201634708,0.057876504892584724,4.4217152738286456e-05,50,0.0028500072376567154,0.0011372566,0.0017127506153422623,1.0
2023-02-23,1112729.324230518,0.10487754502555914,7.903323099284649e-05,50,-0.003779571561062789,-0.0045209527,0.0007413811405058146,1.0
2023-02-24,1112235.7430068783,0.09111358916139631,6.719850489163706e-05,50,-0.00044357707925146705,-0.0031535625,0.0027099854665249,1.0
2023-02-27,1108457.3602527399,0.07270454629564423,6.0687672459537446e-05,49,-0.0033971060343050974,-0.0072745085,0.003877402441952227,1.0
2023-02-28,1119682.2654155905,0.08692072014695239,6.509719841043286e-05,49,0.01012660077451355,0.008887172,0.001239429029213257,1.0
2023-03-01,1128857.877909914,0.05397457158287791,4.4266516416239516e-05,48,0.008194835961716107,0.0067858696,0.0014089663633274352,1.0
2023-03-02,1121577.9133531307,0.08434637872631925,6.27201692057785e-05,49,-0.006448964656438516,-0.0043497086,-0.00209925609930961,1.0
2023-03-03,1117231.4642538615,0.11736202676024378,7.996542659705697e-05,50,-0.003875298405506933,-0.00062674284,-0.0032485555656937004,1.0
2023-03-06,1124874.3108298755,0.0719861736894032,5.5238117373646666e-05,50,0.006840880176175679,0.004176259,0.0026646211353431593,1.0
2023-03-07,1103184.1102049034,0.0920956507870875,6.735076867780953e-05,50,-0.019282332626984977,-0.020251453,0.0009691202958360678,1.0
2023-03-08,1113503.1721569258,0.05792160736378342,4.791672611932121e-05,49,0.009353889216284772,0.0052689314,0.0040849578274297915,1.0
2023-03-09,1116516.9251350348,0.07233462058462913,5.46385871899961e-05,49,0.0027065508688863815,0.00020313263,0.0025034182394918503,1.0
2023-03-10,1104425.8550293893,0.06974276592276969,5.1650136366243894e-05,49,-0.010829276147500622,-0.013718545,0.0028892692893585092,1.0
2023-03-13,1115588.2092030281,0.0538985620037744,4.486337492080333e-05,48,0.010106929426549671,0.005048394,0.005058535223363636,1.0
2023-03-14,1106456.5332068503,0.08088337250282701,5.789916465308425e-05,49,-0.008185525735075139,-0.009186864,0.0010013381641558183,1.0
2023-03-15,1108025.6249038214,0.06606106733923255,4.99945521001366e-05,49,0.001418123215761069,0.00496614,-0.003548016577634927,1.0
2023-03-16,1094063.206370925,0.12100316191998028,8.409432155215626e-05,50,-0.012601169340382579,-0.01671058,0.004109410054911611,1.0
2023-03-17,1105686.6876390288,0.03902047687029578,3.256316149205295e-05,49,0.01062414054363403,0.006964326,0.0036598146387878394,1.0
2023-03-20,1104442.8251131643,0.1070858912410142,7.728221552239471e-05,50,-0.0011249683475167416,-0.002214849,0.0010898806476919987,1.0
2023-03-21,1124752.945614648,0.07602806462014355,5.673247636841361e-05,50,0.018389472084625824,0.013083458,0.00530601413784848,1.0
2023-03-22,1130420.6849971726,0.08401290333192984,6.277258734265967e-05,50,0.005039097167624851,0.0045437813,0.0004953158871072727,1.0
2023-03-23,1133370.5615986174,0.07155508469669451,5.9633392196379156e-05,49,0.0026095387678191084,0.0041663647,-0.0015568259019806963,1.0
2023-03-24,1135363.6789697863,0.06399556453975926,4.234438878103682e-05,51,0.0017585752080568895,-0.00012809038,0.001886665589679204,1.0
2023-03-27,1139777.4280472538,0.06730259255751879,5.398843027050879e-05,50,0.0038875200600678728,0.0027287006,0.00115881942225049,1.0
2023-03-28,1133854.4120610768,0.053346231357072546,4.223857268290129e-05,49,-0.005196642643050642,-0.008902669,0.0037060263098912527,1.0
2023-03-29,1134955.7099567764,0.11032013663860245,7.728527866512916e-05,50,0.0009712868636262417,-0.0027983785,0.003769665331186056,1.0
2023-03-30,1135362.1933699492,0.06569536249180248,4.966382960851894e-05,50,0.0003581491415098892,0.00019979477,0.00015835437222277982,1.0
2023-03-31,1143911.3596193027,0.07671256433067333,5.902779692514537e-05,50,0.007529902175074321,0.010013819,-0.0024839165657704054,1.0
2023-04-03,1156181.4958973702,0.09321025995403431,6.79365339322103e-05,50,0.010726474717543732,0.0125643015,-0.001837826773239959,1.0
2023-04-04,1154552.817683319,0.07906820831601771,5.91586461293436e-05,50,-0.0014086700226827453,-0.0012696981,-0.00013897187967737423,1.0
2023-04-06,1152348.9910776059,0.07019419265276297,5.2809752084594176e-05,50,-0.0019088140204234216,0.0042669773,-0.006175791330604086,1.0
2023-04-07,1169646.8762535849,0.09710060162889209,7.32045407393604e-05,50,0.015010977846045659,0.008572221,0.00643875704373853,1.0
2023-04-10,1161369.6918602341,0.09665904874703693,7.398147111986816e-05,50,-0.007076652416550533,-0.010552466,0.0034758134991293987,1.0
2023-04-11,1165596.8299662399,0.029446161352937598,2.0314544395794993e-05,51,0.003639786827254632,0.0022343397,0.001405447113204339,1.0
2023-04-12,1173351.0586330758,0.06437460242336394,5.046770142454613e-05,50,0.006652582151463582,0.0052804947,0.0013720874615221756,1.0
2023-04-13,1168350.939364021,0.08364774061900343,6.089911266110806e-05,50,-0.00426140091003957,-0.0077196956,0.003458294658045147,1.0
2023-04-14,1170064.4980165912,0.07749327406504479,5.8055304027210206e-05,50,0.0014666472160351773,0.007646203,-0.006179555825041483,1.0
2023-04-17,1168939.0518416574,0.08019150249501572,6.066215551512233e-05,50,-0.0009618667832769212,-0.001042664,8.079726777898699e-05,1.0
2023-04-18,1165421.3979576076,0.0526557119729835,4.3781627221568005e-05,49,-0.003009270567620903,-0.00223881,-0.0007704605052124558,1.0
2023-04-19,1164525.3817948566,0.07622018064121872,5.700314561440145e-05,49,-0.000768834487097303,-0.0045004487,0.003731614216668566,1.0
2023-04-20,1157231.8382010253,0.08188115192077565,6.159692356169056e-05,49,-0.006263104014607168,-0.00024110079,-0.006022003226490713,1.0
2023-04-21,1122618.0406824867,0.058844735699867236,4.8846721350679804e-05,48,-0.029910858287780506,-0.027339578,-0.0025712806129147836,1.0
2023-04-24,1111511.605099558,0.09700025444489893,6.75747495383168e-05,49,-0.009893334313580748,-0.0071219206,-0.002771413727948424,1.0
2023-04-25,1087908.7251314246,0.09077721439465093,6.851584306944262e-05,49,-0.021234937952824273,-0.018145025,-0.003089913176365533,1.0
2023-04-26,1091738.5912660018,0.10016922219118622,6.960817052858087e-05,50,0.0035203928841682774,0.003204465,0.00031592797175372667,1.0
2023-04-27,1092492.988283887,0.0681665592667871,5.106526297134574e-05,50,0.0006910051764410508,0.0013722181,-0.0006812129555779922,1.0
2023-04-28,1113296.0532025895,0.08961650483217447,6.758252558670604e-05,50,0.019041829230758145,0.013538957,0.005502872588607266,1.0
2023-05-04,1117332.1318429406,0.07468844073372681,5.5378332000710646e-05,50,0.0036253417307468006,0.0015870333,0.0020383084589572498,1.0
2023-05-05,1113950.2347440883,0.08576722432209433,6.489421763224506e-05,50,-0.0030267608014405978,-0.011927605,0.008900843873852371,1.0
2023-05-08,1118445.636171911,0.05097123692286866,4.232120475305852e-05,49,0.00403554960321495,0.0073418617,-0.003306312121638566,1.0
2023-05-09,1108502.996879684,0.10224590134407568,7.355932050264323e-05,50,-0.008889693848918245,-0.013556123,0.004666428930927946,1.0
2023-05-10,1114705.368339441,0.09166476348071394,6.748287474276756e-05,50,0.005595268102311035,0.002370119,0.0032251490074624023,1.0
2023-05-11,1121484.479068377,0.05245853294263578,4.360280080463046e-05,49,0.006081526941091875,-0.0007227659,0.006804292863638262,1.0
2023-05-12,1112533.0842384887,0.08980987537058198,6.289551591537478e-05,50,-0.007981737595980198,-0.013073623,0.005091885584409206,1.0
2023-05-15,1112173.6158807864,0.058712711975120783,4.922275410497966e-05,49,-0.0003231080161074651,0.007645488,-0.00796859580144682,1.0
2023-05-16,1095325.9937887012,0.06861435158246817,5.055260631204872e-05,49,-0.015148374185034674,-0.010571063,-0.004577311620184821,1.0
2023-05-17,1103919.1708086326,0.049130304528382684,4.0753220901227324e-05,48,0.007845314608309284,0.005937457,0.0019078575236535222,1.0
2023-05-18,1111481.8494734908,0.08794927398538283,6.644517832101649e-05,49,0.006850753990727876,0.004387498,0.002463256088811372,1.0
2023-05-19,1115361.9117009973,0.13744105023169725,9.74032377415595e-05,50,0.003490891218191683,0.0028220415,0.0006688497066560384,1.0
2023-05-22,1116085.4860242952,0.06500715003093646,5.2206827660346754e-05,49,0.0006487350121131552,-0.0009602308,0.0016089658394446982,1.0
2023-05-23,1103580.298917489,0.11141816809826251,7.774176933094545e-05,50,-0.011204506521585667,-0.010238051,-0.0009664551070959204,1.0
2023-05-24,1099455.8189141944,0.08400138870876439,6.234611637644688e-05,50,-0.003737362842867187,-0.0023390055,-0.0013983573725913079,1.0
2023-05-25,1097328.5982207933,0.055182905028953386,4.5897142442729986e-05,49,-0.0019347941561689286,-0.0018700361,-6.475803098582311e-05,1.0
2023-05-26,1106607.3036453226,0.06480308089597252,4.495592104265076e-05,51,0.008455721868156685,0.0069850683,0.0014706535469286575,1.0
2023-05-29,1105320.906845237,0.07163254736221203,5.749809816990474e-05,50,-0.0011624691034011203,-0.0018773675,0.0007148983930893582,1.0
2023-05-30,1116502.402291132,0.09952881757243626,7.116860379464255e-05,50,0.010116062563051198,0.0046448708,0.005471191804994557,1.0
2023-05-31,1123251.9364717877,0.058591359349148366,4.827716360713699e-05,49,0.0060452482384323325,-0.00042957067,0.006474818913328573,1.0
2023-06-01,1129846.187536885,0.08432754220599435,6.36764874159389e-05,49,0.005870678563715925,0.0019979477,0.0038727308708448316,1.0
2023-06-02,1140442.9302060527,0.08176371406159055,6.245926307311964e-05,49,0.00937892501303117,0.007835984,0.0015429407829896657,1.0
2023-06-05,1143488.3020707162,0.14017218632474027,0.0001003769113110875,50,0.002670341306875601,0.001008153,0.001662188345144644,1.0
2023-06-06,1120601.6482700165,0.08245653301490703,5.987715693091678e-05,50,-0.02001476863318563,-0.02158165,0.0015668811470878063,1.0
2023-06-07,1126080.3051713328,0.06980895901215113,5.259084438624897e-05,50,0.004889031628477536,-0.0001925826,0.005081614235746823,1.0
2023-06-08,1123216.010013583,0.056700421473429845,4.7100317079387594e-05,49,-0.0025435975965443225,-0.0071017146,0.004558117014509144,1.0
2023-06-09,1130959.693079013,0.08966738418532838,6.301868954665457e-05,49,0.006894206453962548,0.008239031,-0.0013448243840501473,1.0
2023-06-12,1136110.3429068234,0.06155501498011068,4.60026634343733e-05,50,0.004554229349931882,0.005326748,-0.0007725185443552274,1.0
2023-06-13,1144554.6662422942,0.07957802863968536,5.968457777266282e-05,50,0.007432661262342988,0.0037977695,0.0036348917158341987,1.0
2023-06-14,1148948.3710916631,0.02958139379606106,2.4829340206091477e-05,50,0.0038387898620813043,0.0035332441,0.0003055457290856989,1.0
2023-06-15,1150523.3063007635,0.07519201273590095,6.19249585395915e-05,49,0.0013707623847396544,0.0054467916,-0.004076029264125092,1.0
2023-06-16,1159438.2200991728,0.0795443597433565,5.9318090208546725e-05,49,0.007748572975086576,0.0083248615,-0.0005762885514026816,1.0
2023-06-19,1160287.2283700327,0.09543109483522573,7.102507818989865e-05,49,0.0007322583093622992,0.0036422014,-0.0029099431142827203,1.0
2023-06-20,1163093.6356106522,0.054028394972839684,3.7901327334977166e-05,50,0.002418717686448968,9.119511e-05,0.0023275225799426202,1.0
2023-06-21,1142526.3309761917,0.09431203248462948,6.99300550138004e-05,50,-0.017683275021672773,-0.021736145,0.004052869997858477,1.0
2023-06-26,1115258.5435268744,0.0963209795422178,6.934704216381369e-05,50,-0.023866222344319454,-0.019461215,-0.004405007801930538,1.0
2023-06-27,1132229.8385568885,0.0319610823408198,2.6110833118187074e-05,50,0.01521736383775596,0.013440371,0.0017769932780635767,1.0
2023-06-28,1122549.5349692868,0.09355518487282376,6.907243228168445e-05,50,-0.008549769011510944,-0.0048807263,-0.0036690426740780824,1.0
2023-06-29,1131294.9316188975,0.07930835298623928,5.7656097614148086e-05,50,0.007790655447422967,0.006876707,0.0009139483703966,1.0
2023-06-30,1148076.5692445443,0.09360251271223395,7.090615925107477e-05,50,0.014834007610758038,0.01257658,0.0022574275631506158,1.0
2023-07-03,1156808.1095576826,0.0936015798455302,6.970818522908228e-05,50,0.007605364090727873,0.0016418695,0.005963494545744963,1.0
2023-07-04,1166767.8169265212,0.0311430398779928,2.5875204133329237e-05,49,0.008609645183631054,0.0038666725,0.004742972667761913,1.0
2023-07-05,1155116.234914514,0.08917746099227292,6.47871231456333e-05,50,-0.009986204489852657,-0.008138955,-0.0018472498504178425,1.0
2023-07-06,1153626.7768701937,0.09219515827520672,6.852967978795521e-05,50,-0.0012894442994566546,-0.0026334524,0.001344008116009654,1.0
2023-07-07,1141871.6527834774,0.07075477551867727,5.3797564823654875e-05,50,-0.010189711544844715,-0.006951332,-0.003238379452559559,1.0
2023-07-10,1143703.5176001263,0.04453607254593618,3.692861276076666e-05,49,0.0016042650784642287,0.00083100796,0.0007732571210057326,1.0
2023-07-11,1156786.3970756098,0.08701081488860889,6.136288142356742e-05,49,0.011439048034875166,0.008046865,0.0033921825716183296,1.0
2023-07-12,1138747.1033796433,0.07097649451788403,5.339582993386475e-05,50,-0.015594316929703145,-0.014648855,-0.000945462197189717,1.0
2023-07-13,1153750.8442008162,0.09022962258609427,6.747321297519428e-05,50,0.013175656628801935,0.010075688,0.003099968266680353,1.0
2023-07-14,1156801.800999859,0.09910032739662797,7.575323979165412e-05,50,0.0026443809895162484,-0.0005879402,0.0032323212055807016,1.0
2023-07-17,1155640.1379650668,0.1081235073055446,8.038353739388617e-05,50,-0.0010042023048272286,-0.0042631626,0.0032589603080878105,1.0
2023-07-18,1150771.887226334,0.07810995863659116,5.989023729962417e-05,50,-0.004212600946264411,-0.0010020733,-0.0032105276583005438,1.0
2023-07-19,1150156.1976476335,0.1103399914056484,8.19926879557135e-05,50,-0.000535023131460477,-0.002715826,0.0021808029030854215,1.0
2023-07-20,1133523.9745794416,0.06485942385755658,4.7352462390305695e-05,50,-0.014460838538460363,-0.01287514,-0.0015856988251730098,1.0
2023-07-21,1133557.8003842968,0.07098523685271775,5.295711514321752e-05,50,2.9841278714748398e-05,-0.0011453032,0.0011751445280738793,1.0
2023-07-24,1133795.400056531,0.08763294989084823,6.589148305150762e-05,50,0.00020960525537705443,-0.0011919141,0.0014015193369505408,1.0
2023-07-25,1153810.8166338506,0.08148144398516437,6.112839827254036e-05,50,0.01765346426376535,0.016340852,0.001312612480012909,1.0
2023-07-26,1149294.198003721,0.09838101849459392,7.40196089760815e-05,50,-0.00391452269732262,-0.00631243,0.002397907207615124,1.0
2023-07-27,1138407.4898194708,0.07796070749228794,5.877538350495944e-05,50,-0.00947251643935898,-0.007696748,-0.0017757686595127886,1.0
2023-07-28,1144378.7886441147,0.04534694340049908,3.774485262829766e-05,49,0.005245308800270632,0.009025335,-0.003780026511619017,1.0
2023-07-31,1154527.4967549942,0.06961997900143214,5.484158350078485e-05,49,0.008868311971164555,0.007806182,0.0010621300635107467,1.0
2023-08-01,1156644.2153053386,0.1073492210434426,7.546023120482637e-05,50,0.0018334067887459948,-0.0012952685,0.0031286753243600085,1.0
2023-08-02,1159491.3533451427,0.07170556697060154,5.3314000016457814e-05,50,0.00246155040774787,-0.0017502904,0.004211840801577216,1.0
2023-08-03,1158536.1928455278,0.09493354649122296,7.082508887202258e-05,50,-0.0008237754398592312,0.00054192543,-0.0013657008701570827,1.0
2023-08-04,1162049.335880752,0.08045697964514649,5.9779661171760555e-05,50,0.0030323981735913552,0.005504966,-0.002472567608574172,1.0
2023-08-07,1155596.389010964,0.06625483868301739,5.101024188443741e-05,50,-0.0055530747882550635,-0.0047954917,-0.0007575830928510108,1.0
2023-08-08,1150311.2272300997,0.08988408298587333,6.701615334217851e-05,50,-0.0045735360815618575,-0.0050184727,0.0004449365899469315,1.0
2023-08-09,1140580.0212277516,0.09084175043632385,6.867297387072134e-05,50,-0.00845962881348239,-0.0077819824,-0.0006776463916073894,1.0
2023-08-10,1141283.5794571703,0.09609067178933299,7.054579898039002e-05,50,0.0006168424979611231,0.00090789795,-0.0002910554512576269,1.0
2023-08-11,1120072.3215849225,0.09795871300110871,7.32027497999991e-05,50,-0.018585440335816106,-0.019009411,0.0004239709991753493,1.0
2023-08-14,1118648.3417979926,0.05652394072410714,4.217374558674928e-05,50,-0.0012713284307525052,0.002342701,-0.0036140293890044584,1.0
2023-08-15,1102239.639450169,0.07995885501806857,6.010910172885547e-05,50,-0.014668329388885626,-0.009127438,-0.005540891320495733,1.0
2023-08-16,1086179.1763701155,0.09479734491506402,7.05512154984375e-05,50,-0.014570754403339103,-0.012030184,-0.0025405701343876874,1.0
2023-08-17,1095592.9749008145,0.04792569367281409,3.641271258388715e-05,50,0.008666892843737672,0.009892583,-0.0012256900496339096,1.0
2023-08-18,1082940.7911590084,0.09195095048882153,6.84979050734547e-05,50,-0.011548251980121993,-0.020886421,0.009338169223491288,1.0
2023-08-21,1071874.9505416637,0.0935689509817185,7.03808444771489e-05,50,-0.010218324683754498,-0.009798706,-0.0004196191059041565,1.0
2023-08-22,1076251.440153215,0.05114510746073417,3.899972022056527e-05,50,0.004083022566522043,0.0069372654,-0.002854242829596121,1.0
2023-08-23,1059976.7205494489,0.0713756241239506,5.2599313221444186e-05,50,-0.015121670454117497,-0.020579815,0.0054581444567711745,1.0
2023-08-24,1056846.1729282471,0.08756680500462391,6.614220806435439e-05,50,-0.0029534116745308925,0.0023938417,-0.005347253418000131,1.0
2023-08-25,1037853.2618102635,0.07012223365012726,5.2779657521522354e-05,50,-0.017971310872384794,-0.018193126,0.00022181485240768684,1.0
2023-08-28,1040832.2214125663,0.1016922970715019,7.537783766298655e-05,50,0.0028703090426354105,0.0073361397,-0.004465830636319668,1.0
2023-08-29,1075746.9321879072,0.09445286551605893,7.216670394090679e-05,50,0.03354499414704559,0.031508803,0.0020361907794308465,1.0
2023-08-30,1087645.1978102694,0.07802148755667106,5.817195980786462e-05,50,0.011060469025147901,0.005053401,0.006007068031800733,1.0
2023-08-31,1082314.7751913175,0.0684274416893851,5.1036439686611214e-05,50,-0.004900883697812053,-0.005754411,0.0008535275227384842,1.0
2023-09-01,1080343.2383923542,0.08304122348994764,6.274107954929985e-05,50,-0.0018215927973586066,0.00047504902,-0.00229664181621847,1.0
2023-09-04,1095480.9202504028,0.07337967393457688,5.469027501209032e-05,50,0.014011918916227772,0.014992118,-0.00098019896554713,1.0
2023-09-05,1092092.4472347472,0.06786443172253573,5.153790122994021e-05,50,-0.003093137409349911,-0.00502038,0.0019272426107916907,1.0
2023-09-06,1102362.6786247503,0.07661248289351956,5.687418608562544e-05,50,0.009404177655479629,0.0044976473,0.004906530370018203,1.0
2023-09-07,1087372.3486387609,0.04736885747764561,3.961607049457312e-05,49,-0.013598364927131401,-0.018060267,0.004461902044456734,1.0
2023-09-08,1088651.4280480077,0.10700410066714093,7.633960168870239e-05,50,0.0011763030491331872,0.0031231642,-0.0019468611278077308,1.0
2023-09-11,1100429.7731091166,0.05788676033454423,4.310226469341789e-05,50,0.010819206917523694,0.013134003,-0.002314795768023181,1.0
2023-09-12,1100110.2212424956,0.07357445306839723,5.6923433609491015e-05,50,-0.0002903882414214687,0.00031864643,-0.000609034672390707,1.0
2023-09-13,1086046.0852211239,0.07537957031218309,5.486867439694219e-05,50,-0.012784297200227113,-0.013173103,0.00038880613229241856,1.0
2023-09-14,1076853.8704678311,0.07803810181998784,5.862202788630953e-05,50,-0.008463926971774116,-0.0056412816,-0.0028226453670072704,1.0
2023-09-15,1074444.0369471922,0.06990624976974459,5.2214767556032105e-05,50,-0.002237846365906737,0.0017054081,-0.003943254462220214,1.0
2023-09-18,1075963.1191695419,0.057215235288469245,4.353971128251012e-05,50,0.0014138309396418691,0.00080764294,0.0006061880029353262,1.0
2023-09-19,1065368.4985764462,0.08315850015372935,6.150629078630992e-05,50,-0.009846639168518023,-0.008699954,-0.0011466856124572322,1.0
2023-09-20,1058934.5661512536,0.07705054621279463,5.775443504805168e-05,50,-0.0060391615049530945,-0.008038402,0.001999240098745636,1.0
2023-09-21,1052065.5475594588,0.06804826613655746,5.108963690448754e-05,50,-0.006486726197597492,-0.0071707964,0.0006840701967506524,1.0
2023-09-22,1073166.612088969,0.07423515251506331,5.575070223137606e-05,50,0.0200567964405447,0.019406796,0.0006500009388357153,1.0
2023-09-25,1060827.6625850382,0.05501546200022119,4.3828460514669775e-05,50,-0.011497701628931933,-0.004548371,-0.00694933079076665,1.0
2023-09-26,1057897.936252183,0.07227791216133686,5.214469479360952e-05,50,-0.0027617363650905835,-0.005189657,0.0024279208462131274,1.0
2023-09-27,1064862.6464632945,0.06667747423677993,5.145563694527075e-05,50,0.006583537005266704,0.006329179,0.00025435819514707525,1.0
2023-09-28,1071075.4026728575,0.08021828080057092,5.878687612998942e-05,50,0.005834326361429998,0.007437825,-0.0016034988415118967,1.0
2023-10-09,1066413.092062782,0.07465013559048626,5.653388588044264e-05,50,-0.004352924731947705,-0.0031206608,-0.0012322639500873533,1.0
2023-10-10,1069093.2537972974,0.07403809171927976,5.746191209275425e-05,50,0.0025132490912420646,-0.0027211308,0.005234379939172973,1.0
2023-10-11,1075255.6083122678,0.029166393145704954,2.1402823982319854e-05,51,0.0057640944726593535,0.0026342869,0.0031298075921661894,1.0
2023-10-12,1075194.1644935885,0.07082518464309127,5.732142073683273e-05,50,-5.714345333729387e-05,0.0074363947,-0.007493538144804579,1.0
2023-10-13,1071438.0179118498,0.0978898862196442,7.212077180115716e-05,50,-0.003493458861458576,-0.0037005544,0.00020709550942155097,1.0
2023-10-16,1058957.8042017678,0.09303110061268308,7.043311464350874e-05,50,-0.011648096764761973,-0.009455979,-0.002192117894370127,1.0
2023-10-17,1062272.9893632904,0.09375590243539714,7.073614096247613e-05,50,0.0031306111993967267,-0.0021562576,0.005286868828791258,1.0
2023-10-18,1043287.9045297864,0.08436722675923577,5.8304991860133505e-05,50,-0.017872133645121968,-0.017194092,-0.0006780413714098099,1.0
2023-10-19,1038562.0233479023,0.10363727631864263,7.736500016246209e-05,50,-0.004529795813183579,-0.01102227,0.006492473912615981,1.0
2023-10-20,1020127.3134538129,0.09771055857445482,7.295173013835227e-05,50,-0.017750225291950805,-0.011735678,-0.006014547572834594,1.0
2023-10-23,993480.9927505401,0.07966796222859608,5.973922884036455e-05,50,-0.026120583530948815,-0.02358365,-0.0025369329419595577,1.0
2023-10-24,1009770.8464739359,0.08988832954211659,6.73981071187588e-05,50,0.016396744217819226,0.014398336,0.001998407807296765,1.0
2023-10-25,1020885.1197671087,0.05524707445400763,4.1807828910881715e-05,50,0.011006728241346186,0.010417223,0.0005895052646616161,1.0
2023-10-26,1023973.9080225475,0.07908182477514525,5.927243566443559e-05,50,0.0030255982731370867,0.0056741238,-0.002648525490900999,1.0
2023-10-27,1041548.1307642141,0.0674097740622591,5.6342257649487266e-05,49,0.017162764211058112,0.018065333,-0.0009025691553359305,1.0
2023-10-30,1056309.1405671223,0.08711841874142405,6.023444331374721e-05,50,0.014172182126694022,0.01519084,-0.001018657640762033,1.0
2023-10-31,1053966.8990858481,0.04444463093500969,3.75414472882034e-05,49,-0.002217382574211779,-0.0061965585,0.0039791759012826056,1.0
2023-11-01,1054861.8504505954,0.10485700316043126,7.445718076821437e-05,50,0.0008491266334109682,-0.0018292665,0.0026783931815677064,1.0
2023-11-02,1045200.3465199879,0.08758282093836135,6.512543108959085e-05,50,-0.009159022981521603,-0.012280107,0.003121083562973026,1.0
2023-11-03,1065431.4632575728,0.07133010987459355,5.391838495288745e-05,50,0.0193562093668882,0.01493907,0.004417139618963395,1.0
2023-11-06,1090306.6424017681,0.07315240736169383,5.5361149872735927e-05,50,0.023347516946926827,0.02065909,0.002688427858486886,1.0
2023-11-07,1101479.0487241189,0.02917687352341815,2.5063416986254408e-05,50,0.010247031328489031,0.0033117533,0.006935278055478777,1.0
2023-11-08,1104347.9896823342,0.09125287462053927,6.603604026733664e-05,50,0.0026046259904248803,0.0036261082,-0.0010214821791307838,1.0
2023-11-09,1099527.97214225,0.1077265962401979,8.011286692940231e-05,50,-0.004364582165328756,-0.006230712,0.0018661297716219272,1.0
2023-11-10,1099221.9469917729,0.050379430338757844,4.223765168633654e-05,49,-0.00027832411564843174,-0.0019882917,0.0017099676247690487,1.0
2023-11-13,1110943.1713890724,0.06873610151463667,5.338375059575663e-05,49,0.01066320084799699,0.009209156,0.0014540448116200366,1.0
2023-11-14,1122294.3697907694,0.08686812482333481,6.561573791345406e-05,49,0.010217622911803836,0.0060784817,0.0041391412376095005,1.0
2023-11-15,1129992.2554345352,0.1206900205049152,8.565472772035537e-05,50,0.006859061090363383,0.004090905,0.002768155900849223,1.0
2023-11-16,1122703.440501782,0.10807790013889171,8.062495654808987e-05,50,-0.006450322909470008,-0.01000762,0.0035572969483180783,1.0
2023-11-17,1129581.7260786812,0.07631544148604923,5.694477367778617e-05,50,0.006126538254683567,0.008800387,-0.0026738491278237575,1.0
2023-11-20,1137644.7377856907,0.06055872667047874,4.619154854879602e-05,50,0.007138050767694359,0.008718848,-0.0015807974607602304,1.0
2023-11-21,1128274.0298945392,0.06331411266886282,4.787002234247976e-05,50,-0.008236936874854828,-0.006580591,-0.0016563456730726012,1.0
2023-11-22,1115363.7850953082,0.07524949543396554,5.4661822099120235e-05,50,-0.011442472712447027,-0.012742758,0.0013002850847941838,1.0
2023-11-23,1125468.0255358655,0.06415122590305054,4.828392669056999e-05,50,0.009059143371499934,0.010526657,-0.0014675137329922538,1.0
2023-11-24,1109208.0590262664,0.06607970655983998,5.559488078807265e-05,49,-0.014447293162199948,-0.013250411,-0.001196882605406735,1.0
2023-11-27,1113526.8957098546,0.11257290093576809,7.884983648600857e-05,50,0.0038936218038114756,-0.0006623268,0.004555948616555616,1.0
2023-11-28,1123289.1308912518,0.054615984172495795,4.518651350983443e-05,49,0.00876695050564913,0.0052263737,0.0035405768331637777,1.0
2023-11-29,1121899.6605092445,0.07907099604684034,5.956818589559957e-05,49,-0.001236965927823852,-0.0048719645,0.003634998526827027,1.0
2023-11-30,1111753.0582732034,0.04515333327979174,3.709069069322474e-05,48,-0.009044126309330935,-0.0053685308,-0.0036755955590562772,1.0
2023-12-01,1115784.7973262554,0.09931836128405878,6.732957880411483e-05,50,0.0036264699458656846,0.008140683,-0.004514213228267616,1.0
2023-12-04,1109288.795977202,0.08577653625870066,6.519622337642858e-05,50,-0.005821912401584695,-0.002554655,-0.0032672573265114524,1.0
2023-12-05,1085349.482256589,0.07814904216897875,5.7522771411974286e-05,50,-0.021580776626815457,-0.019918561,-0.0016622156450649683,1.0
2023-12-06,1087627.3559741664,0.07683555181923708,5.6702040145288305e-05,50,0.002098746767577042,0.0052063465,-0.003107599744263778,1.0
2023-12-07,1087486.2101057044,0.08553837533791074,6.386914024481035e-05,50,-0.00012977410662462496,-0.00049299,0.0003632159103126309,1.0
2023-12-08,1089058.0816504515,0.08913433365064644,6.685464259145485e-05,50,0.0014454174500238004,-0.0029381514,0.004383568809581906,1.0
2023-12-11,1103851.9190734855,0.07669906979441549,5.794809428437772e-05,50,0.013584066517934534,0.011983752,0.0016003142672631476,1.0
2023-12-12,1102524.09317762,0.08325588709483692,6.20839675932178e-05,50,-0.0012029021945080265,0.00064361095,-0.0018465131487926945,1.0
2023-12-13,1096220.5142041114,0.07774832972342954,6.104878572244861e-05,50,-0.005717407004994235,-0.009777963,0.004060556156474271,1.0
2023-12-14,1091973.6923338342,0.08587643063478864,6.299499462739362e-05,50,-0.0038740580159279947,-0.004600048,0.0007259900492575522,1.0
2023-12-15,1078149.2782945288,0.06847650638931879,5.099466143895418e-05,50,-0.0126600248122819,-0.0067191124,-0.005940912416041666,1.0
2023-12-18,1059916.0381175021,0.03774727958585708,2.705804314253383e-05,51,-0.016911610056326354,-0.015893161,-0.0010184487594818714,1.0
2023-12-19,1062743.3575466159,0.059689597029872914,4.656944976675322e-05,50,0.0026674937706718804,0.0011148453,0.0015526484947929742,1.0
2023-12-20,1045522.6170997844,0.0860120628319432,6.237416360989535e-05,50,-0.016204044301520004,-0.017434895,0.0012308507370847321,1.0
2023-12-21,1050360.5723797828,0.06623554676821582,4.971156727961883e-05,50,0.004627308104934613,0.006526351,-0.001899042870102008,1.0
2023-12-22,1036662.6492289141,0.08486529388139133,6.472359381940501e-05,50,-0.013041162731226241,-0.0112089515,-0.0018322112579901573,1.0
2023-12-25,1036969.9889145767,0.07982687484738295,5.871950033645592e-05,50,0.00029647029908064226,0.00031733513,-2.0864829703537424e-05,1.0
2023-12-26,1020630.1660433356,0.06632813206518531,5.037114817552679e-05,50,-0.015757276532510356,-0.014669418,-0.0010878581975494184,1.0
2023-12-27,1028315.4141535504,0.08772047960977136,6.504506134574036e-05,50,0.007529904921395936,0.007886291,-0.0003563856288359979,1.0
2023-12-28,1050384.6749043567,0.08764210845676745,6.623517948477153e-05,50,0.021461567576493534,0.019200683,0.0022608849364178507,1.0
2023-12-29,1066025.5132265734,0.039304462049241304,3.3586216949814484e-05,50,0.014890581227911426,0.014074564,0.0008160172478088867,1.0
2024-01-02,1057517.6467949152,0.08515746405424192,6.162266382596204e-05,50,-0.00798092196302802,-0.005518794,-0.0024621279032746024,1.0
2024-01-03,1052009.0459765953,0.0843089728905328,6.309566557224382e-05,50,-0.005208991864121826,-0.0052452683,3.627648075732459e-05,1.0
2024-01-04,1044464.6724221117,0.07772250413562613,5.835821205524529e-05,50,-0.0071713960857436865,-0.0070432425,-0.00012815363121487788,1.0
2024-01-05,1027336.8044727613,0.08748395343581944,6.512175966859351e-05,50,-0.016398704907491846,-0.018538713,0.0021400085477083497,1.0
2024-01-08,1001294.6222611802,0.06825296828761115,5.690330874448519e-05,49,-0.025349215659557944,-0.02329886,-0.002050356063305503,1.0
2024-01-09,998597.2200825147,0.07773195047847584,5.86202590792922e-05,49,-0.002693914576884504,0.0017551184,-0.004449032946940656,1.0
2024-01-10,989882.8797275778,0.09769030313519195,6.740643915996231e-05,50,-0.008726581828674473,-0.0074243546,-0.0013022272754518172,1.0
2024-01-11,1010835.8995206788,0.037430618781266065,2.7863556496043356e-05,50,0.02116717060392781,0.01796782,0.0031993504363863057,1.0
2024-01-12,1003541.0920875721,0.08834291906716704,6.661580875391885e-05,50,-0.007216608983283801,-0.006526351,-0.0006902580082471799,1.0
2024-01-15,998667.1815904471,0.06913265649201547,5.2682096606554694e-05,50,-0.004856712431163368,-0.0027105808,-0.002146131605357704,1.0
2024-01-16,994468.001298777,0.05699917433702578,4.170972722684744e-05,50,-0.004204784505867809,-0.003581345,-0.0006234394245384633,1.0
2024-01-17,972143.7761103354,0.04696875176749368,3.5059408817577655e-05,50,-0.02244840976208995,-0.027141571,0.004693161282831926,1.0
2024-01-18,969179.5212845496,0.07377341673544117,5.5106077404665506e-05,50,-0.003049193852421861,-0.0029132366,-0.00013595723437986873,1.0
2024-01-19,960040.8925376683,0.08247282035776063,6.2558768417305e-05,50,-0.009429242515121339,-0.012362719,0.0029334760670319815,1.0
2024-01-22,903846.7546575223,0.08175783761662833,6.036335578376151e-05,50,-0.05853306699426997,-0.057689965,-0.0008431022229992147,1.0
2024-01-23,915445.4724002262,0.08900483216772002,6.658554581076136e-05,50,0.012832615355352628,0.015757322,-0.0029247069560487393,1.0
2024-01-24,930046.4249118357,0.08574078193607769,6.555655285336806e-05,50,0.015949560024942855,0.012556076,0.0033934839751381674,1.0
2024-01-25,959404.897615948,0.07304153805150373,5.883356522679734e-05,49,0.03156667443444605,0.03359449,-0.0020278146631491634,1.0
2024-01-26,950749.362097973,0.08284846349756805,5.6955626615096094e-05,49,-0.00902177541461735,-0.008735597,-0.0002861782809808755,1.0
2024-01-29,928610.3334495615,0.07457124179142566,5.6263193694198145e-05,49,-0.023285872734700952,-0.02628386,0.002997987471903052,1.0
2024-01-30,900679.731670773,0.039878562036773486,3.310501267525552e-05,50,-0.030077849419393288,-0.028568089,-0.0015097604110619889,1.0
2024-01-31,864930.2216482583,0.09025135962744073,6.511339559785477e-05,50,-0.03969170035190972,-0.040048897,0.00035719691447821944,1.0
2024-02-01,859528.3559889324,0.0807648654555593,6.091100027791688e-05,50,-0.006245435208671268,-0.0072288513,0.0009834161096881067,1.0
2024-02-02,819732.7062990702,0.06552948967531604,4.882729923083492e-05,50,-0.0462994029371786,-0.037000775,-0.009298627599959364,1.0
2024-02-05,763031.8907701033,0.11712504888877903,9.04116735648692e-05,50,-0.06916988317443096,-0.06155634,-0.007613543910514942,1.0
2024-02-06,809565.8664560342,0.07155716405780979,5.155673505110456e-05,50,0.06098562360082438,0.06973338,-0.008747757670537926,1.0
2024-02-07,842334.2556387748,0.05084955859469247,3.886012766348572e-05,51,0.04047649553974875,0.044727802,-0.004251306736862581,1.0
2024-02-08,895831.9750327436,0.06442920322673233,5.114167523359317e-05,50,0.06351127125110145,0.04069531,0.022815961612124402,1.0
2024-02-19,900601.2802336115,0.07559256097107885,5.681506306322185e-05,50,0.0053238836453604055,0.0073081255,-0.001984241850550239,1.0
2024-02-20,907558.3762232069,0.09488760143917353,6.861836730759256e-05,50,0.00772494570270954,0.0032646656,0.004460280099071845,1.0
2024-02-21,915025.6111865221,0.09494337747938843,7.088346129741965e-05,50,0.008227828819552085,0.0054439306,0.002783898193636558,1.0
2024-02-22,931630.188274872,0.06693954877116368,5.038123775540187e-05,50,0.018146570855889665,0.015383959,0.002762612039361345,1.0
2024-02-23,948244.4143154417,0.05858722146350461,4.5110290849235484e-05,49,0.0178334990103044,0.01439178,0.003441719110707231,1.0
2024-02-26,956388.9447013392,0.06281232331174587,4.750599383481936e-05,50,0.008589062337664544,0.0056892633,0.0028997989938535085,1.0
2024-02-27,983322.5015538444,0.07809437531016916,5.8551575704501916e-05,50,0.028161719143372066,0.026378512,0.0017832067608647417,1.0
2024-02-28,929196.9949732432,0.04102303485821564,2.990785484354275e-05,51,-0.055043494372469026,-0.04486072,-0.010182773738008577,1.0
2024-02-29,965225.0429976352,0.0335747002260537,2.5649290567664965e-05,51,0.03877331525962302,0.03737545,0.0013978651253456764,1.0
2024-03-01,974504.7912243346,0.036627692817251756,2.7341178441375833e-05,50,0.009614077353277128,0.01072669,-0.00111261293908127,1.0
2024-03-04,973987.456086898,0.07428834358756493,5.615925143028513e-05,50,-0.0005308697731354339,0.004887104,-0.005417973807559262,1.0
2024-03-05,965020.9477781644,0.07326850321442746,5.565484025169278e-05,50,-0.009205979248190221,-0.009802282,0.0005963026083466438,1.0
2024-03-06,964114.2253491909,0.11249868003065298,8.580444518949366e-05,50,-0.0009395883385341364,0.0011776686,-0.0021172569100063043,1.0
2024-03-07,949896.7769272893,0.07032661548494339,5.3561481019513044e-05,50,-0.014746643134273985,-0.0145276785,-0.00021896464458892595,1.0
2024-03-08,958151.6975919396,0.044067097401292256,3.434558863449641e-05,49,0.008690334429129365,0.012650609,-0.003960274587289092,1.0
2024-03-11,978525.4865231547,0.11110739347191742,7.968813017538123e-05,50,0.021263636000874664,0.017928004,0.003335631736043121,1.0
2024-03-12,989358.1688683503,0.06470410694962618,5.1249103326885287e-05,49,0.011070414102023918,0.0054347515,0.0056356625914038005,1.0
2024-03-13,991727.0411099151,0.09075137389111441,7.169709407174845e-05,49,0.0023943525369325425,0.0046248436,-0.002230491060479567,1.0
2024-03-14,980026.1601579353,0.1191405859573499,8.24915256211492e-05,50,-0.011798489369498788,-0.00636214,-0.005436349190818368,1.0
2024-03-15,991525.8777629187,0.07996521984808641,6.061440214027524e-05,50,0.011734092489051662,0.012574196,-0.0008401033727647444,1.0
2024-03-18,1006995.1312656944,0.07670670337630647,5.6987770947993354e-05,50,0.015601462200540261,0.016626358,-0.001024895831686301,1.0
2024-03-19,1001898.6841824475,0.04860982819013595,3.719792119856905e-05,50,-0.00506104441323485,-0.007175982,0.0021149375852087537,1.0
2024-03-20,1016414.154923023,0.04910930891629003,3.721499419891736e-05,51,0.014487962675008514,0.00921452,0.005273442220601776,1.0
2024-03-21,1013003.2173193014,0.06743540880011206,5.394654512042489e-05,50,-0.003355854094711841,-0.00015372038,-0.0032021337158361085,1.0
2024-03-22,999164.948084244,0.09674747095227243,7.168834020059272e-05,50,-0.013660637003382381,-0.011028111,-0.002632526022394832,1.0
2024-03-25,971455.200781527,0.08118473822359396,5.7222576374451065e-05,50,-0.027732905718766965,-0.0231992,-0.0045337050885789765,1.0
2024-03-26,963440.7659844862,0.07667834303240474,5.709444982843174e-05,50,-0.008249927315838401,-0.0033497214,-0.0049002058841062235,1.0
2024-03-27,930432.8520614733,0.0772856367722384,5.756960460584451e-05,50,-0.03426044972187159,-0.03332019,-0.0009402611995327215,1.0
2024-03-28,946536.5755169328,0.08296616475495994,6.246533189996426e-05,50,0.01730777607409273,0.022029042,-0.004721266169864791,1.0
2024-03-29,955024.0537019647,0.09811882050828062,7.36144353543919e-05,50,0.008966878200556305,0.010965586,-0.001998707508061859,1.0
2024-04-01,985427.1259190224,0.06982285462277582,5.405998395048423e-05,50,0.03183487588527867,0.02164936,0.010185515228540387,1.0
2024-04-02,988500.5237238082,0.0583134667977894,4.2550867938202826e-05,51,0.003118848389645823,-0.005038619,0.008157467431088694,1.0
2024-04-03,988647.638333587,0.07903393005719198,6.522202282561979e-05,50,0.00014882603119370508,-0.0054455996,0.005594425587162943,1.0
2024-04-08,967394.3812375646,0.10279646442863502,7.563172896032293e-05,50,-0.021497302245970795,-0.018364191,-0.0031331111906729436,1.0
2024-04-09,985815.2718058726,0.07686146254775682,5.325028401727119e-05,50,0.019041758899553063,0.012777925,0.0062638343618943715,1.0
2024-04-10,968289.049666281,0.044897260115361895,3.465273964693186e-05,51,-0.017778403967597334,-0.01862526,0.0008468554318167287,1.0
2024-04-11,969359.2318957218,0.06322531625783179,4.9183224869416477e-05,50,0.001105230127108836,0.002398014,-0.0012927839414946796,1.0
2024-04-12,964459.5078916347,0.10223458005657483,7.393170144197823e-05,50,-0.0050546008567999845,-0.007648766,0.0025941651840020175,1.0
2024-04-15,950173.9943834747,0.05656725552867467,4.223522229331379e-05,50,-0.014811937039626466,-0.009601474,-0.005210463231337892,1.0
2024-04-16,908402.6790109652,0.10794390867920355,8.049188371284303e-05,50,-0.04396175397287427,-0.041768253,-0.002193501123295416,1.0
2024-04-17,947315.2558021498,0.09160316238166244,6.921987307257627e-05,50,0.04283626379608574,0.043578982,-0.0007427185571247108,1.0
2024-04-18,943064.3361915017,0.061175212825825824,5.2050116853880696e-05,49,-0.004487333635357249,-0.00014001131,-0.0043473223247798565,1.0
2024-04-19,931873.0475599791,0.12946598295656878,9.090307677973573e-05,50,-0.011866940782341295,-0.004223764,-0.0076431768396227895,1.0
2024-04-22,931592.2113332406,0.07108601277995671,5.4622626941943605e-05,50,-0.00030136747432907285,-0.0034781098,0.0031767423622492963,1.0
2024-04-23,928559.1508062745,0.08959567475472308,6.57866972404066e-05,50,-0.003255781327996865,-0.0052706003,0.0020148189909118264,1.0
2024-04-24,945318.3952561311,0.052781328083010434,3.969525131680652e-05,50,0.018048655742937125,0.016706109,0.0013425466960010901,1.0
2024-04-25,947724.9956561243,0.06949636287705376,5.3254119865777415e-05,50,0.0025458093400807513,0.0015794039,0.0009664054628224505,1.0
2024-04-26,970012.9166131066,0.08722984355545242,6.512126781268985e-05,50,0.023517287250139463,0.019185185,0.0043321018177053805,1.0
2024-04-29,1003572.2144243825,0.09114378461356724,7.082381519781505e-05,50,0.03459675354473779,0.023872137,0.010724616475035642,1.0
2024-04-30,996691.0742966246,0.09740773718012251,7.060794589716472e-05,50,-0.006856646715458048,-0.008619964,0.0017633174073141689,1.0
2024-05-06,1011631.2521860315,0.09092389168523761,6.840092039862748e-05,50,0.014989777950956684,0.01990199,-0.0049122129395462455,1.0
2024-05-07,1019685.6110497428,0.0642115831461409,4.983728097180064e-05,50,0.00796175369859986,0.003299594,0.004662159773123786,1.0
2024-05-08,999669.2625850396,0.089238933664834,6.532858723702943e-05,50,-0.01962992146579068,-0.015764296,-0.0038656254109505905,1.0
2024-05-09,1020062.9344555208,0.08565422339207586,6.562295138845595e-05,50,0.0204004190523428,0.016286016,0.004114403541783718,1.0
2024-05-10,1004320.4459503968,0.10640453649473772,8.001268205916217e-05,50,-0.015432860045568542,-0.009348094,-0.006084765582220153,1.0
2024-05-13,983191.1692165342,0.08835212609049634,6.458056253924184e-05,50,-0.02103838154352,-0.009585202,-0.011453179803255109,1.0
2024-05-14,990159.7190973193,0.07843666034168964,5.963071632145291e-05,50,0.007087685588488268,0.005593419,0.0014942665134760613,1.0
2024-05-15,983317.0051971116,0.09645015864707586,7.210320563125998e-05,50,-0.006910717299675517,-0.009807885,0.0028971673934702347,1.0
2024-05-16,983392.1154950635,0.07728911562124434,5.7643456685371706e-05,50,7.638462220715958e-05,-0.0015062094,0.0015825939956812807,1.0
2024-05-17,998667.4550059453,0.10163084947105079,7.60176634571769e-05,50,0.015533315012589588,0.013532639,0.0020006764627849005,1.0
2024-05-20,1005456.0483101063,0.10323228986933305,7.770108424660724e-05,50,0.006797651480612732,0.0060306787,0.0007669727315282593,1.0
2024-05-21,989872.716999681,0.09037315002983219,6.924614055433002e-05,50,-0.015498769276505509,-0.010727584,-0.004771184914475479,1.0
2024-05-22,995269.5816177933,0.048265324604882365,3.4370069649771835e-05,50,0.005452079368820639,0.0005273819,0.004924697471847983,1.0
2024-05-23,972204.438220545,0.05335348622486966,3.9778177951700234e-05,50,-0.02317476975409649,-0.022896707,-0.00027806269614361057,1.0
2024-05-24,958886.2297151476,0.057704107064175045,4.37051434186321e-05,50,-0.013698979331727812,-0.011585474,-0.0021135053174455853,1.0
2024-05-27,966388.5601738945,0.08591200033751527,6.378721911827226e-05,50,0.007824004794578787,0.01018858,-0.0023645747647473847,1.0
2024-05-28,960491.2724645059,0.05123092990254904,3.828284369933369e-05,50,-0.006102398095779948,-0.010470688,0.004368290247268147,1.0
2024-05-29,958785.305728817,0.10061082364544117,7.588766512912414e-05,50,-0.001776139757430073,0.0006021261,-0.002378265878951069,1.0
2024-05-30,960568.616070174,0.06714484488586672,5.225079927088739e-05,50,0.0018599683690412316,-0.0031674504,0.005027418797050265,1.0
2024-05-31,968712.1433130279,0.08055711906462243,6.043935583092598e-05,50,0.008477819394277386,0.00391984,0.004557979535268597,1.0
2024-06-03,946388.7875117421,0.09916012785079148,7.259686496014266e-05,50,-0.023044364577633147,-0.013181508,-0.009862856990200286,1.0
2024-06-04,945802.7225755935,0.04769547859406675,4.073870914892181e-05,49,-0.0006192644543998593,0.005504608,-0.006123872608696734,1.0
2024-06-05,937245.9145048812,0.08083193268683025,5.516025848006049e-05,50,-0.009047138337063054,-0.013101935,0.004054797049594661,1.0
2024-06-06,909184.6060182474,0.09455844897558324,7.036924448766944e-05,50,-0.029940176908061278,-0.021590054,-0.00835012287287451,1.0
2024-06-07,918879.606683652,0.07969984074664242,6.002706332284582e-05,50,0.01066340169117419,0.004428029,0.006235372630810421,1.0
2024-06-11,931645.0298273864,0.08128966148991688,6.084642371100235e-05,50,0.013892378338666411,0.008795857,0.005096520909162017,1.0
2024-06-12,945715.6317487167,0.06543596624692165,4.966932474031389e-05,50,0.01510296461726135,0.003373742,0.01172922251368469,1.0
2024-06-13,948004.891031043,0.09072680269134668,7.065975926507573e-05,50,0.0024206634695180806,-0.0069434643,0.009364127748692885,1.0
2024-06-14,947344.9333439607,0.10647299294351445,7.835977838096014e-05,50,-0.0006961543060864939,7.915497e-05,-0.0007753092743482126,1.0
2024-06-17,944244.9063057678,0.08405777410641124,6.341136831617516e-05,50,-0.00327233189209164,0.00064086914,-0.00391320103271664,1.0
2024-06-18,951287.125377428,0.07832514463813003,5.975983002223378e-05,50,0.007458042955414967,0.008348823,-0.0008907796382739974,1.0
2024-06-19,939042.3315672819,0.08231344244810536,6.193969218841922e-05,50,-0.012871817018744958,-0.012867153,-4.664327857506478e-06,1.0
2024-06-20,920877.1864676843,0.08396486666315287,5.9616164408775615e-05,50,-0.01934433037675687,-0.020126045,0.0007817143734567544,1.0
2024-06-21,916594.8140796463,0.04761467743565999,3.610182659897505e-05,51,-0.004650318686321819,-0.00016009808,-0.00449022061045512,1.0
2024-06-24,878926.7434141929,0.058663495205896546,4.548893558855854e-05,50,-0.04109566199463599,-0.033143282,-0.007952380057990482,1.0
2024-06-25,872246.57681031,0.0927617735876404,6.687346298830169e-05,50,-0.007600367896343441,-0.008218408,0.0006180397345769695,1.0
2024-06-26,902779.0343004975,0.08549304128354837,6.487028442689856e-05,50,0.03500438786683535,0.028626442,0.006377945911268945,1.0
2024-06-27,878258.951189816,0.06842820264122675,5.0842596951628386e-05,50,-0.027160669642356527,-0.024524748,-0.002635921317008627,1.0
2024-06-28,876392.0804878031,0.07931237850640811,5.9847371166766584e-05,50,-0.002125649501759974,0.006558299,-0.008683948566396205,1.0
2024-07-01,883903.7712129556,0.08950693007161309,6.677859851268438e-05,50,0.008571153131565756,0.009040117,-0.000468964132228189,1.0
2024-07-02,881206.2365258079,0.09086686445422852,7.01036006215516e-05,50,-0.0030518420386937972,-0.0070037246,0.003951882536348927,1.0
2024-07-03,879657.1074566056,0.09407038451355751,6.948864976021344e-05,50,-0.0017579642596604605,-0.007852197,0.00609423243375995,1.0
2024-07-04,851549.7648392514,0.07633795344876668,5.7344263209658006e-05,50,-0.031952612420335424,-0.02162677,-0.010325841923967016,1.0
2024-07-05,858584.6706172449,0.07765782129684395,5.782283512327603e-05,50,0.008261297305767634,0.010273218,-0.0020119208491395923,1.0
2024-07-08,832402.0022382791,0.06148811493496745,4.5930241280760165e-05,50,-0.030495150070805277,-0.024284959,-0.006210191231388773,1.0
2024-07-09,842308.0040992023,0.10334827376657575,7.692173289619828e-05,50,0.011900502202405239,0.02196443,-0.010063928606615757,1.0
2024-07-10,835419.7210585718,0.07367985884153132,5.816221394143747e-05,50,-0.008177867249400173,-0.004039943,-0.004137924031168971,1.0
2024-07-11,859656.7853073202,0.0766191513151928,5.562822179425901e-05,50,0.029011841159360285,0.02426076,0.00475108180572259,1.0
2024-07-12,853639.4093588471,0.05326998339189528,4.030835812097496e-05,50,-0.006999742282406296,-0.003181696,-0.0038180463442959445,1.0
2024-07-15,837789.284287292,0.0632154156655219,5.171431205727039e-05,49,-0.018567705400878487,-0.01033622,-0.008231485136443673,1.0
2024-07-16,838384.8954285127,0.07547222925630365,5.626017774042273e-05,49,0.0007109319161646699,0.0018892288,-0.0011782969046361114,1.0
2024-07-17,833647.4041469087,0.0802882472974909,5.9949932151386974e-05,49,-0.005650735488480607,-0.008497477,0.002846741089278182,1.0
2024-07-18,834636.751257261,0.09421196717445735,6.600634747393e-05,50,0.0011867692569196286,0.00350523,-0.0023184606930315432,1.0
2024-07-19,843603.21524202,0.07704925028721323,5.724249485937583e-05,50,0.010742953711602388,0.0018680096,0.008874944144341645,1.0
2024-07-22,849996.1458895148,0.08861313830435368,6.729447621489107e-05,50,0.0075781250379194365,0.0011303425,0.006447782554398929,1.0
2024-07-23,826610.394373705,0.06960332408918801,5.717919743571838e-05,49,-0.027512773591857664,-0.027330399,-0.00018237503228735186,1.0
2024-07-24,814598.6933490232,0.04981754642046949,3.351558757836863e-05,51,-0.014531272660541217,-0.0136188865,-0.0009123861897465391,1.0
2024-07-25,819299.4142752318,0.07499325888988706,6.087107743162076e-05,50,0.00577059718434203,0.00033688545,0.005433711732071522,1.0
2024-07-26,833519.0269519159,0.09186946755542806,6.506438508900136e-05,50,0.017355819409761386,0.015004635,0.0023511845525836517,1.0
2024-07-29,828749.7129437703,0.08415575673357152,6.202680606731318e-05,50,-0.005721901784997541,-0.003494203,-0.002227698694329816,1.0
2024-07-30,830462.3736716554,0.09491483039478214,7.394131875537617e-05,50,0.0020665596634739103,0.0035939217,-0.0015273619979030428,1.0
2024-07-31,869931.4263098325,0.07600949776774525,5.687229569846313e-05,50,0.047526599505858025,0.03967893,0.007847668269590935,1.0
2024-08-01,863098.0209983716,0.09993869652402929,7.502219248895852e-05,50,-0.007855108005980993,-0.0022069216,-0.00564818642852738,1.0
2024-08-02,848105.8733498147,0.10015021909410089,7.237798523248436e-05,50,-0.01737015644088158,-0.014021277,-0.003348879013208239,1.0
2024-08-05,827345.5342498891,0.07561530733589933,5.7633531622841366e-05,50,-0.024478475803884292,-0.027258456,0.002779979949442124,1.0
2024-08-06,842242.4223172162,0.08940807870402732,6.666080058216217e-05,50,0.018005642685716916,0.015211225,0.0027944181297476778,1.0
2024-08-07,839391.6298290289,0.07283570066140693,5.4719998687515426e-05,50,-0.003384764781075855,-0.0013768077,-0.002007957091409107,1.0
2024-08-08,841595.1767296316,0.0772861608677599,5.7653743569824804e-05,50,0.00262517140068641,-0.0008264184,0.003451589800497201,1.0
2024-08-09,835936.4759690567,0.06243159904373349,4.960829463953901e-05,49,-0.006723779932489737,-0.007751882,0.0010281021437736904,1.0
2024-08-12,829206.8533785371,0.09514895928511936,6.90782556209939e-05,50,-0.00805039950280706,-0.0060922503,-0.0019581491556696085,1.0
2024-08-13,834696.1370121753,0.05625804650030038,4.372109876045005e-05,50,0.0066199207245725145,0.005025625,0.0015942954956906785,1.0
2024-08-14,825159.512185266,0.08078044314809786,5.884234034418897e-05,50,-0.011425265319959355,-0.010284007,-0.0011412587243477823,1.0
2024-08-15,833668.4033539759,0.028059948548261198,2.3780171387725012e-05,50,0.01031181370760148,0.009156346,0.0011554673864955234,1.0
2024-08-16,826522.5969992676,0.0121715218782613,1.21715218782613e-05,49,-0.008571521153925898,-0.007715583,-0.0008559383063306836,1.0
2024-08-19,827448.6480804012,0.0595466116775271,3.901199934778543e-05,51,0.0011204183460873374,0.0017098188,-0.0005894004939395181,1.0
2024-08-20,809609.550687909,0.03546897599243251,2.6196230145443435e-05,51,-0.021559159512650306,-0.018078327,-0.0034808323336952274,1.0
2024-08-21,808891.7946446695,0.0562322960416486,4.238677882633691e-05,51,-0.0008865459191157443,-0.0067783,0.005891753889386453,1.0
2024-08-22,796837.1409681541,0.03543209090421438,2.7834764840160113e-05,51,-0.01490267765889608,-0.01240474,-0.002497937802176109,1.0
2024-08-23,797026.6655059636,0.061992096669111145,4.778998875722551e-05,50,0.00023784601402909722,0.0007791519,-0.000541305902474809,1.0
2024-08-26,799563.834625437,0.09725945154761001,7.158479164422532e-05,50,0.003183292641611768,0.0039041042,-0.000720811591176318,1.0
2024-08-27,788435.9515789052,0.09865691878829316,7.242713766873457e-05,50,-0.013917441690874832,-0.011790693,-0.0021267488846309357,1.0
2024-08-28,793540.1939727523,0.07909439254704825,5.984573234320443e-05,50,0.006473883368237399,0.0024373531,0.004036530234082125,1.0
2024-08-29,810299.9642377122,0.04125705860360337,3.470292358356109e-05,49,0.021120253759364438,0.016085267,0.0050349866924088715,1.0
2024-08-30,829285.430325549,0.060222835525119346,5.0900826759307314e-05,48,0.02343017021566496,0.019121766,0.004308404125271892,1.0
2024-09-02,803778.7462227278,0.0715426039374051,5.197791229457113e-05,49,-0.03075742460929054,-0.02091235,-0.009845075385199964,1.0
2024-09-03,814750.9819121264,0.1204182674493362,8.515037117719796e-05,50,0.013650815900472013,0.008800864,0.004849951680806486,1.0
2024-09-04,816714.2269232363,0.05722868289746554,4.7164437985112694e-05,49,0.0024096258300938533,-0.0047305226,0.00714014846269273,1.0
2024-09-05,823496.6298186794,0.05911807829841356,3.950432171991207e-05,50,0.00830449950773371,0.007912993,0.00039150607664240056,1.0
2024-09-06,805090.247309926,0.09707917240962392,7.15857176480582e-05,50,-0.022351497070250637,-0.017125368,-0.005226128951964504,1.0
2024-09-09,801354.0924887327,0.039475620753903415,3.31690048611666e-05,51,-0.0046406658553833635,-0.0072534084,0.0026127425766234724,1.0
2024-09-10,803782.9257335952,0.03658182039393252,2.6915291652164705e-05,51,0.0030309113881472616,0.0026923418,0.00033856958364286704,1.0
2024-09-11,809540.9461602707,0.028446738849825855,2.1397214845545192e-05,51,0.007163651083307521,-0.00034976006,0.007513411138849513,1.0
2024-09-12,807829.5371608377,0.08996839049679616,7.62437693676723e-05,50,-0.0021140487180425493,-0.0038498044,0.0017357556833551557,1.0
2024-09-13,790111.4797264829,0.08827696271281926,6.052622865015194e-05,50,-0.02193291606621106,-0.012430787,-0.009502128979724245,1.0
2024-09-18,787649.6197062575,0.10643409252119589,7.85260323409083e-05,50,-0.003115838819450656,-0.0031858683,7.002944379397302e-05,1.0
2024-09-19,803955.7757902564,0.09400059996015273,6.85998259651347e-05,50,0.020702296650736862,0.018899202,0.0018030943039351044,1.0
2024-09-20,795995.4822124288,0.07362211716489492,5.519212587581137e-05,50,-0.009901407288234187,-0.0042188764,-0.005682530926387264,1.0
2024-09-23,795124.6280365533,0.07006617198180572,5.568432182661011e-05,50,-0.0010940441187619054,0.0012927055,-0.0023867496546505773,1.0
2024-09-24,836379.8250015018,0.05155786396524703,3.746909981086364e-05,50,0.05188519574198369,0.03880632,0.01307887650522832,1.0
2024-09-25,845725.7066768145,0.07778852744334876,5.841103606116945e-05,50,0.011174207454484941,0.009412885,0.001761322742265703,1.0
2024-09-26,884737.9866706665,0.09793564140947118,7.550922612138586e-05,50,0.046128762181235405,0.040089488,0.006039274151755425,1.0
2024-09-27,937759.6875162023,0.07602926800840269,5.640594356054333e-05,50,0.059929269054062484,0.053816795,0.00611247370494139,1.0
2024-09-30,1055666.2171144877,0.04434855783422427,3.4435727619741346e-05,51,0.12573213710068787,0.1114372,0.014294935600748904,1.0
2024-10-08,1166087.756210444,0.03440899335357113,3.440899335357113e-05,49,0.1045989132794054,0.08638549,0.018213424769273567,1.0
2024-10-09,1080944.8155670888,0.07690234885719797,4.9719611038903885e-05,50,-0.07301589454986912,-0.07652539,0.0035094955982937215,1.0
2024-10-10,1050754.4900134543,0.10071121277159682,7.801215219784912e-05,50,-0.02792957153672626,-0.012719631,-0.015209940341657902,1.0
2024-10-11,998607.6799041483,0.09627640644270744,6.85061420673948e-05,50,-0.049627967907744375,-0.042049468,-0.007578500344115224,1.0
2024-10-14,1035617.6838472162,0.07754362109644446,5.8075694456186494e-05,50,0.03706160556127536,0.0367378,0.00032380591680514215,1.0
2024-10-15,1007236.1248595272,0.08279392558613163,6.205975690972063e-05,50,-0.02740544066634154,-0.019334853,-0.008070587970876453,1.0
2024-10-16,1008428.5594446759,0.05670637610571449,4.178030999140528e-05,50,0.0011838679687099507,0.0030995607,-0.0019156927688999126,1.0
2024-10-17,1003185.946120977,0.06872621131951356,5.27190554741911e-05,50,-0.0051987949712430925,-0.0033741593,-0.0018246356351530046,1.0
2024-10-18,1051025.0842953182,0.0648202453075758,4.909827132291456e-05,50,0.047687209294867916,0.044285774,0.003401435063910885,1.0
2024-10-21,1067685.4155697448,0.057456630995497616,4.394856381374099e-05,50,0.01585150680356673,0.01933062,-0.003479113962119307,1.0
2024-10-22,1066121.5070996867,0.08775695276165874,6.48811192650893e-05,50,-0.0014647652269592637,0.004818678,-0.006283443129180943,1.0
2024-10-23,1068953.5390010055,0.08945942293452532,6.806425195327879e-05,50,0.002656387552881334,0.0025081635,0.0001482241007328966,1.0
2024-10-24,1057831.0403087633,0.05246977200610566,3.8095622773066556e-05,50,-0.010405034724555673,-0.007105887,-0.0032991477883679288,1.0
2024-10-25,1081612.8683462832,0.08720043932967123,6.606257203805179e-05,50,0.022481688597999927,0.019325733,0.003155955413185474,1.0
2024-10-28,1108043.6128495242,0.021882366452235017,1.5859684629358822e-05,50,0.024436418312637098,0.017938375,0.006498042839614637,1.0
2024-10-29,1087732.1092986688,0.04851661800290952,4.851661800290951e-05,48,-0.018330960365919968,-0.016153991,-0.0021769691435383764,1.0
2024-10-30,1079899.2585097067,0.09255683144625197,6.634871705153495e-05,48,-0.007201084460044527,0.0059343576,-0.013135442103171968,1.0
2024-10-31,1101852.7392632368,0.07699040075828197,4.994821111042491e-05,50,0.02032919328403504,0.01616621,0.004162983109474494,1.0
2024-11-01,1057180.6140366239,0.07542775326356645,6.309856602157664e-05,49,-0.04054273646084805,-0.030479014,-0.010063722541017728,1.0
2024-11-04,1080105.560527003,0.11671521290652377,8.004580626035133e-05,50,0.021684985693073644,0.020720959,0.0009640269833568471,1.0
2024-11-05,1126776.8245636732,0.06633640396558069,5.370281474237885e-05,49,0.043209909977593774,0.035259485,0.007950424732842798,1.0
2024-11-06,1127643.6565186894,0.13038103314215826,9.506915537062101e-05,50,0.0007693022576602537,0.0042527914,-0.0034834891470638674,1.0
2024-11-07,1150596.2637047684,0.05554096053497776,4.4058723584931614e-05,49,0.020354486147635686,0.017595172,0.0027593142192299247,1.0
2024-11-08,1156596.3633193744,0.09768100347569393,7.05589340554923e-05,50,0.005214774116583998,0.0029982328,0.0022165412750922986,1.0
2024-11-11,1203853.0141925458,0.07242443186604337,5.447969687911444e-05,50,0.04085837753937516,0.024270177,0.01658820065186295,1.0
2024-11-12,1184472.3326542869,0.03948312127197885,2.986013633603408e-05,50,-0.016098876947413743,-0.013229966,-0.002868910783778489,1.0
2024-11-13,1184102.381137908,0.06858451106959934,5.595708808322207e-05,49,-0.00031233445153577843,-0.0027079582,0.0023956237698997684,1.0
2024-11-14,1155027.632839951,0.06758014991041546,5.482271329753604e-05,48,-0.0245542520318357,-0.031230748,0.0066764956679018495,1.0
2024-11-15,1139427.431839606,0.1155982419122475,7.86966460401613e-05,50,-0.013506344399733194,-0.023385704,0.009879359163956991,1.0
2024-11-18,1106189.842754365,0.02115988808388234,1.76469906275536e-05,50,-0.029170430829086658,-0.024642885,-0.004527546097793933,1.0
2024-11-19,1138403.0691275303,0.09406388258113717,7.163406707382014e-05,50,0.02912088425342607,0.0260638,0.0030570843953328097,1.0
2024-11-20,1153902.438457651,0.056281567391883704,4.214318633972563e-05,49,0.013615010140476391,0.019659758,-0.006044747473659351,1.0
2024-11-21,1166064.1229508005,0.10521069410314995,7.643917473078047e-05,50,0.010539612438470236,0.0018173456,0.008722266819268576,1.0
2024-11-22,1129987.683072249,0.1102418317893087,8.322785739620767e-05,50,-0.03093864151077541,-0.036995232,0.006056590594479716,1.0
2024-11-25,1140061.7682839907,0.08810565455789962,6.442512987040677e-05,50,0.008915216831702155,0.003588438,0.005326778797644538,1.0
2024-11-26,1127158.9916653743,0.03325815233589437,2.5812189670176323e-05,51,-0.011317611885220513,-0.011658728,0.00034111623749066844,1.0
2024-11-27,1155632.606627532,0.05510302082872924,4.1671543964537356e-05,51,0.025261400718711524,0.02291882,0.0023425803375469734,1.0
2024-11-28,1154881.451531141,0.05916608378863042,4.4930198021940484e-05,51,-0.0006499947233084002,-0.005323112,0.00467311728764741,1.0
2024-11-29,1172188.135614062,0.07058762075664703,5.67476241017302e-05,50,0.014985680183862815,0.01693046,-0.0019447807460077904,1.0
2024-12-02,1192484.8950763207,0.09497528803920999,6.754995866875385e-05,50,0.01731527460958837,0.020112634,-0.0027973590955507888,1.0
2024-12-03,1192287.9482616824,0.09410247141618128,7.025462170517937e-05,50,-0.00016515665351524156,-0.0016360879,0.0014709312409244557,1.0
2024-12-04,1170777.9846787015,0.05737671960960079,4.7447041441370194e-05,49,-0.018040913366894062,-0.015601456,-0.0024394572015803417,1.0
2024-12-05,1191330.2538353438,0.07712803689674176,5.741003517304589e-05,50,0.017554369338677267,0.012999415,0.004554953941033224,1.0
2024-12-06,1203853.1179909622,0.08090268165107652,6.12004880014416e-05,50,0.010511664683493516,0.0101851225,0.00032654219356431646,1.0
2024-12-09,1194337.8571292954,0.09954936756402934,7.311991751675801e-05,50,-0.007904004832039901,-0.0072996616,-0.0006043431956873624,1.0
2024-12-10,1217913.4895835998,0.08817884595062929,6.407974548991639e-05,50,0.01973950027086202,0.009320617,0.010418883548755087,1.0
2024-12-11,1236525.7209320564,0.09517608525395928,7.15409843072555e-05,50,0.015282063551837366,0.013415575,0.0018664885243715457,1.0
2024-12-12,1244788.9351389438,0.07828265667850669,5.8452342571514845e-05,50,0.006682606004069891,0.006635189,4.741694767340654e-05,1.0
2024-12-13,1217166.74428587,0.10740918824455815,7.974796994185815e-05,50,-0.02219026059224294,-0.020825386,-0.0013648745448796573,1.0
2024-12-16,1207357.6720385223,0.05484108618993202,4.168397573398331e-05,50,-0.00805893875543151,-0.012190461,0.004131522403320931,1.0
2024-12-17,1183851.6384810605,0.0698718048739293,5.257071534493401e-05,50,-0.019468989266265946,-0.021279097,0.0018101073371276089,1.0
2024-12-18,1201285.2292780562,0.0820341696369236,6.099881708608021e-05,50,0.01472616181818509,0.008452296,0.006273865561166048,1.0
2024-12-19,1208575.6219978773,0.03779303011283554,3.159502098712597e-05,50,0.006068827404297927,0.0018270016,0.004241825832642654,1.0
2024-12-20,1229225.35387283,0.07200546241021132,5.3481778365509584e-05,50,0.0170860072792276,0.010400772,0.006685235184501037,1.0
2024-12-23,1185113.5200676182,0.10950245200048227,8.372480129071837e-05,50,-0.03588588021409733,-0.02796191,-0.007923970443131756,1.0
2024-12-24,1196963.6757495436,0.09483376901791557,6.90594970007617e-05,50,0.009999173481076484,0.011150956,-0.0011517826727931446,1.0
2024-12-25,1181250.6989202441,0.10153011216153676,7.381323227656339e-05,50,-0.013127363133605519,-0.0113021135,-0.001825249600585499,1.0
2024-12-26,1193804.7193669747,0.032737172629871136,2.569348815487143e-05,50,0.010627735888923517,0.010789752,-0.00016201611760724433,1.0
2024-12-27,1193530.4034373462,0.0750603930240404,5.6038065080287914e-05,50,-0.00022978291606512435,0.0018050671,-0.002034849978443054,1.0
2024-12-30,1184202.7431649915,0.09764614010705977,7.314157075594984e-05,50,-0.007815184469110448,-0.0041545033,-0.0036606811236209458,1.0
2024-12-31,1143636.8312150547,0.08286857743586765,6.266587711270951e-05,50,-0.03425588412463665,-0.030623496,-0.0036323885458707794,1.0
2025-01-02,1110630.0025650894,0.09238285852436626,6.769268740727336e-05,50,-0.028861285111723145,-0.026961625,-0.0018996604893781743,1.0
2025-01-03,1079907.540542768,0.08532353509273875,6.399761148691502e-05,50,-0.02766219348600818,-0.029649377,0.0019871833831934804,1.0
2025-01-06,1076445.8255919334,0.06828702687349494,5.0871802698056774e-05,50,-0.0032055660516036033,-0.003054142,-0.00015142405331258768,1.0
2025-01-07,1089298.9391518051,0.0683493921214773,5.1408172756185056e-05,50,0.011940325517825201,0.014980316,-0.003039990644284174,1.0
2025-01-08,1081522.7283512163,0.07662203116554975,5.755834160677844e-05,50,-0.007138729802347754,-0.005316198,-0.0018225319301858889,1.0
2025-01-09,1085499.922911148,0.0986584431325016,7.42751759196207e-05,50,0.003677402661703688,0.001942873,0.0017345296606050553,1.0
2025-01-10,1063889.4048064288,0.07855047261415037,5.8667053150207894e-05,50,-0.019908355264331212,-0.022539198,0.0026308431342588756,1.0
2025-01-13,1082235.0606757277,0.07665762352398361,5.794188574500276e-05,50,0.017243950157241006,0.0026240349,0.014619915275649209,1.0
2025-01-14,1124055.8381824873,0.09764319308428406,7.322982391592938e-05,50,0.03864297048429344,0.045252442,-0.006609471875630879,1.0
2025-01-15,1116124.6875598456,0.0892471447490749,6.728871004091847e-05,50,-0.007055833307592407,-0.006105602,-0.0009502315200252687,1.0
2025-01-16,1119972.6357710846,0.08327889172192317,6.311360030682926e-05,50,0.003447597077752773,0.0044566393,-0.001009042212103184,1.0
2025-01-17,1130156.569986545,0.0777936403356688,5.7612643496311585e-05,50,0.009093020570497101,0.006939769,0.0021532517792983707,1.0
2025-01-20,1137256.656684681,0.05465418760516302,4.082498050588669e-05,50,0.006282392092115785,0.0064332485,-0.00015085642778167596,1.0
2025-01-21,1135629.7566677062,0.055120562449192424,4.160879833024344e-05,50,-0.0014305478076669376,0.004910469,-0.006341016862842719,1.0
2025-01-22,1130094.365605798,0.09892360474997632,7.436774804223162e-05,50,-0.004874292021151971,-0.008848906,0.003974613542202521,1.0
2025-01-23,1130556.4565475634,0.0851528076186912,6.35617155598669e-05,50,0.0004088958903158968,-0.0045613647,0.004970260541042215,1.0
2025-01-24,1156275.780142752,0.05337640184935209,4.0383919440440094e-05,50,0.022749260725757114,0.018716693,0.004032567801257603,1.0
2025-01-27,1136242.638443475,0.08029059735743242,6.082586917044153e-05,50,-0.017325574091678897,-0.015503228,-0.00182234638095502,1.0
2025-02-05,1159734.9423709637,0.08929914806005725,6.629283089744485e-05,50,0.02067542893802221,0.006050229,0.01462519986545141,1.0
2025-02-06,1196748.5191073108,0.03322085405464284,2.6068326547087763e-05,50,0.03191554844478217,0.027270555,0.004644992948566351,1.0
2025-02-07,1216136.1020193526,0.09427704622639364,7.101156808785021e-05,50,0.01620021466707433,0.015263557,0.0009366572329922995,1.0
2025-02-10,1244494.9835262606,0.062198021859067996,4.665107465686902e-05,50,0.023318838623258564,0.012471318,0.010847520378324482,1.0
2025-02-11,1235873.6888047666,0.07571176433359027,5.7244106313901573e-05,50,-0.006927544775685357,-0.003281474,-0.0036460706622210015,1.0
2025-02-12,1257938.109686878,0.084733197908518,6.290360781890264e-05,50,0.017853297696992287,0.015256405,0.002596892820283303,1.0
2025-02-13,1235156.1323864625,0.08129748851785966,6.13117677050913e-05,50,-0.018110570881811006,-0.011474013,-0.0066365575532587595,1.0
2025-02-14,1247815.8543934408,0.10217130779309834,7.688827089558495e-05,50,0.010249491278902623,0.005847931,0.004401560370699498,1.0
2025-02-17,1247643.4302248168,0.09401826816611987,6.996139465275067e-05,50,-0.00013818078045479965,0.0052393675,-0.005377548265501186,1.0
2025-02-18,1220948.7817326393,0.07556719424175747,5.6994173084700344e-05,50,-0.02139605583252846,-0.02219671,0.0008006542771822334,1.0
2025-02-19,1251634.8741262427,0.07556007335503938,5.627717981848843e-05,50,0.025132989075968393,0.023833752,0.0012992373975015958,1.0
2025-02-20,1261822.284963549,0.08447125552246657,6.365784249005041e-05,50,0.008139283306897394,0.007295847,0.0008434363678104795,1.0
2025-02-21,1286961.229424606,0.07390505334376687,5.54719537365147e-05,50,0.019922729817521967,0.018126369,0.001796361294877924,1.0
2025-02-24,1287831.9461710136,0.06691429666551282,5.003405712084704e-05,50,0.0006765679699589633,0.0022933483,-0.0016167803424189664,1.0
2025-02-25,1288367.1883693798,0.07929804074545932,6.068258315416057e-05,50,0.00041561494103148355,-0.0044229627,0.004838577606589345,1.0
2025-02-26,1305113.0846752715,0.06400238920570615,4.704948417155029e-05,50,0.012997766830034063,0.013826609,-0.0008288418278028509,1.0
2025-02-27,1305944.291514624,0.06626619803258205,4.99412788768025e-05,50,0.0006368849175695246,-0.0038134456,0.004450330485654241,1.0
2025-02-28,1260169.0295969453,0.08128899655759404,6.121672725170316e-05,50,-0.03505146598909581,-0.035250187,0.0001987209310702065,1.0
2025-03-03,1268889.3581992711,0.05646033161904116,4.166060393274634e-05,51,0.006919967399226623,0.0005182028,0.006401764617549377,1.0
2025-03-04,1299311.4767046093,0.06824988041603663,5.411816115952263e-05,50,0.023975391005336633,0.013382912,0.010592479323207726,1.0
2025-03-05,1313066.0826150237,0.08135351891837257,6.201220401954835e-05,50,0.010586072821660686,0.0063875914,0.004198481459661174,1.0
2025-03-06,1335135.3390215868,0.08195117390987908,6.0627286633696386e-05,50,0.016807422489057977,0.021369934,-0.004562511592973273,1.0
2025-03-07,1330226.7365025666,0.07712580191076607,5.625797681714401e-05,50,-0.0036764831066619097,-0.004163742,0.0004872589587677778,1.0
2025-03-10,1335086.2680479544,0.08845197203147025,6.540028811361836e-05,50,0.003653160331271499,0.0020297766,0.0016233837580903465,1.0
2025-03-11,1350257.6845002405,0.07342310097064739,5.747669161355626e-05,50,0.011363622572845733,0.0047171116,0.006646510985321319,1.0
2025-03-12,1344924.8215843872,0.08416983907447009,6.0839472177423623e-05,50,-0.003949514953382471,0.0023261309,-0.006275645820386866,1.0
2025-03-13,1326599.0891101153,0.05380896028395755,4.105694948143601e-05,50,-0.013625841519292692,-0.015245974,0.0016201325445805992,1.0
2025-03-14,1348530.2092974398,0.08594533259952071,6.477550574363655e-05,50,0.01653183721242857,0.01613152,0.0004003169411272989,1.0
2025-03-17,1352414.6089662209,0.0605525810537166,4.465579914341283e-05,50,0.002880469152266807,0.002800107,8.03621500085061e-05,1.0
2025-03-18,1362150.0650053062,0.0901514503911647,6.836789408690266e-05,50,0.007198573554693333,0.0033932924,0.0038052811276303444,1.0
2025-03-19,1351838.2805000178,0.08951850081355955,6.660234548513677e-05,50,-0.007570226489875154,-0.00714612,-0.00042410641846402086,1.0
2025-03-20,1352174.4092892138,0.0845052086947638,6.428093875292385e-05,50,0.0002486457101005257,-0.0045120716,0.004760717319597596,1.0
2025-03-21,1325886.0835001008,0.07874294402007843,6.125571044718587e-05,50,-0.019441519975911814,-0.01980853,0.00036701083158330317,1.0
2025-03-24,1308239.1167856182,0.0630248452493543,4.399972547158566e-05,50,-0.01330956477640799,-0.007067263,-0.006242301650034698,1.0
2025-03-25,1306006.8836409592,0.09831987046176255,7.351324916708216e-05,50,-0.001706288335227124,-0.007795155,0.006088866713143237,1.0
2025-03-26,1313406.3898566654,0.08121445623435976,6.0705294502202026e-05,50,0.0056657482501756284,0.0038268566,0.0018388916370164488,1.0
2025-03-27,1311014.7515161603,0.09140803274109954,6.884538511275062e-05,50,-0.0018209431284753608,-0.0009692311,-0.0008517119997827338,1.0
2025-03-28,1299980.1931350545,0.0861816492735283,6.606459509706118e-05,50,-0.008416807185689157,-0.009551644,0.0011348371395671908,1.0
2025-03-31,1300218.2472292474,0.10116498776567932,7.464565084414984e-05,50,0.00018312132404019188,-0.006647706,0.006830827355839508,1.0
2025-04-01,1301347.2325689865,0.07685291246062056,5.9800835549215954e-05,50,0.0008683044882233926,0.0052725077,-0.004404203179318111,1.0
2025-04-02,1308532.4859048263,0.07996982562026908,5.843245133150096e-05,50,0.005521395947225782,0.00283885,0.0026825459258634776,1.0
2025-04-03,1294930.6222482596,0.0763689209743842,6.39543788895141e-05,49,-0.010394746636466778,-0.011786997,0.0013922506818010438,1.0
2025-04-07,1136460.618604015,0.06392155434865207,4.975766821099934e-05,48,-0.1223772153670355,-0.11394334,-0.008433876972870458,1.0
2025-04-08,1150394.2908329275,0.12828219849794326,8.521280945551379e-05,50,0.012260585189505235,0.006109476,0.006151109100027696,1.0
2025-04-09,1182059.226077465,0.07678320925128372,5.6834834941518585e-05,50,0.027525288935162484,0.022117376,0.005407912607647836,1.0
2025-04-10,1210658.449369086,0.0680993263434653,5.1277113121849545e-05,50,0.024194408080992824,0.023399234,0.0007951742629386249,1.0
2025-04-11,1234982.3723220786,0.0380135687259062,2.9381715914237132e-05,51,0.0200914824207179,0.013414979,0.006676503439699832,1.0
2025-04-14,1246994.0472781018,0.0723404907648999,5.8180861161784096e-05,50,0.009726191422018582,0.013022423,-0.003296231368508762,1.0
2025-04-15,1247725.5181597953,0.07706266627072977,5.364130407321449e-05,50,0.000586587308327724,-0.004125595,0.0047121824011011615,1.0
2025-04-16,1230857.9026543086,0.09954902683349566,7.44692010389507e-05,50,-0.013518690817804102,0.0,-0.013518690817804102,1.0
2025-04-17,1234482.1764177624,0.07995108142363712,6.0111162086489834e-05,50,0.002944510292892666,0.0,0.002944510292892666,1.0
2025-04-18,1227286.7297446022,0.07444797278200932,5.581766992528776e-05,50,-0.005828716534442058,-0.001347661,-0.004481055516070476,1.0
2025-04-21,1254220.9037136252,0.0720787398523368,5.44970689130822e-05,50,0.0219461135822987,0.020740151,0.001205962176964226,1.0
2025-04-22,1254954.0448249374,0.08751677671726746,6.576761032597968e-05,50,0.0005845390625698332,-0.0005595088,0.001144047863076425,1.0
2025-04-23,1261505.4496142382,0.0896423982558543,6.701698081075879e-05,50,0.005220434020127618,0.0059285164,-0.0007080823678118353,1.0
2025-04-24,1245749.1691403908,0.0583785117838462,4.362177040570489e-05,50,-0.012490061361736915,-0.010710955,-0.0017791066955992196,1.0
2025-04-25,1251393.3911135574,0.052436471165152994,4.118068214631378e-05,50,0.0045307852599743015,0.0032125711,0.0013182141158702976,1.0
2025-04-28,1242381.3041827437,0.08960634154858782,6.50450299132083e-05,50,-0.007201641781721668,-0.01051271,0.003311067835893078,1.0
2025-04-29,1244721.0092467498,0.06994294801977546,5.342567056892993e-05,50,0.0018832423315844338,0.0044784546,-0.0025952122582593162,1.0
2025-04-30,1255463.3053120899,0.06837793197542687,5.095497293802215e-05,50,0.008630284204683702,0.007917523,0.0007127608205894642,1.0
2025-05-06,1280538.0067483739,0.055340091211826294,4.246167647362598e-05,50,0.019972468594015025,0.025680184,-0.005707715770303823,1.0
2025-05-07,1279678.8548684365,0.06978288072095469,5.1516738874049915e-05,50,-0.0006709304022290974,0.0014042854,-0.0020752158331373005,1.0
2025-05-08,1291033.655354092,0.08394208703658235,6.305084275126554e-05,50,0.00887316410868011,0.007623315,0.0012498492511971993,1.0
2025-05-09,1273016.1818774,0.08021570001244746,6.061187527637346e-05,50,-0.013955851113540696,-0.012341499,-0.0016143517849274147,1.0
2025-05-12,1292097.0375128172,0.08386182419937109,6.265538118928297e-05,50,0.01498869842116024,0.014037967,0.0009507316929497911,1.0
2025-05-13,1289796.3986062845,0.07688083147583435,5.815105740454213e-05,50,-0.0017805465377129792,-0.0026671886,0.0008866421066962005,1.0
2025-05-14,1289339.5104513343,0.0948202436508173,7.034703045621495e-05,50,-0.0003542327730515771,0.0015217066,-0.0018759393541672997,1.0
2025-05-15,1267852.3347486483,0.07846565890835984,5.8579649102908314e-05,50,-0.016665258086416945,-0.016773343,0.0001080849998257305,1.0
2025-05-16,1267351.2498641496,0.05358690435871354,4.0426917787255356e-05,50,-0.0003952233795413429,0.0018292665,-0.002224489927698081,1.0
2025-05-19,1279690.301207418,0.050011702426344014,3.7497034436983664e-05,50,0.009736094350000446,0.0044857264,0.005250367993494098,1.0
2025-05-20,1287196.9131203364,0.05039834733014216,4.192447411623474e-05,49,0.005865959838748269,0.00831449,-0.0024485304795500706,1.0
2025-05-21,1280858.7339316697,0.08726860117374315,6.705539381241775e-05,49,-0.004924016771685746,-0.0022518635,-0.0026721532920714886,1.0
2025-05-22,1269074.926868396,0.09746266039749774,6.754603693487316e-05,50,-0.009199927166911315,-0.010775924,0.0015759965620315564,1.0
2025-05-23,1250657.5895726616,0.07508475529540556,5.55824993355121e-05,50,-0.014512411289364646,-0.0125979185,-0.0019144927789276345,1.0
2025-05-26,1260280.942562865,0.07468917875062699,5.643277103085838e-05,50,0.007694634463052186,0.0065295696,0.0011650648371976935,1.0
2025-05-27,1257293.9931570124,0.040793164232751665,3.0740136328337305e-05,51,-0.002370066312181618,-0.0033721924,0.001002126070630882,1.0
2025-05-28,1255418.9166480957,0.07215353388684272,5.8484394011356166e-05,50,-0.001491358838204948,-0.0039943457,0.0025029868267730793,1.0
2025-05-29,1280596.0627238497,0.050967919813925476,3.749813518841419e-05,50,0.020054776729807156,0.017565489,0.0024892879144995383,1.0
2025-05-30,1265746.6601687127,0.07127843694184326,5.021129884306174e-05,50,-0.011595695932058447,-0.010348797,-0.0012468990875760255,1.0
2025-06-03,1269449.969451544,0.04792522724813877,4.048608564230998e-05,49,0.0029257902859785023,0.0072146654,-0.00428887512692433,1.0
2025-06-04,1280851.9564543606,0.06637769421007687,5.121746869775021e-05,49,0.008981832507934717,0.008752823,0.0002290096319581547,1.0
2025-06-05,1297898.2073487553,0.09386748466627289,7.018662801294905e-05,49,0.01330852547673178,0.0071595907,0.0061489347556014096,1.0
2025-06-06,1295939.4010153308,0.07261386797940582,5.3357050816806307e-05,49,-0.0015092141450953056,-0.0022976995,0.0007884853063512276,1.0
2025-06-09,1303224.5580544863,0.06556765698263055,4.867307844745559e-05,49,0.005621526001484245,0.010746241,-0.005124714614360482,1.0
2025-06-10,1295114.4914276497,0.09501142091234459,7.30736506345188e-05,49,-0.006223076887795664,-0.009208977,0.0029859003346469626,1.0
2025-06-11,1305947.792604105,0.08336010869375773,6.258492673507408e-05,49,0.008364744003839686,0.004028201,0.004336542900629237,1.0
2025-06-12,1306556.5306201621,0.07069121430194812,5.190578426402804e-05,49,0.0004661273746964234,0.0009230375,-0.0004569101542952758,1.0
2025-06-13,1296764.4137480592,0.09988606381363285,7.0085900655976e-05,50,-0.007494598697122656,-0.013922334,0.006427735020223535,1.0
2025-06-16,1302337.613544998,0.07214807524823214,5.533616115665865e-05,50,0.004297773549191142,0.006788373,-0.0024905994442780965,1.0
2025-06-17,1299077.457114623,0.03226907514054754,2.5951679092777572e-05,50,-0.0025033112738722663,-0.0009743571,-0.0015289541457289557,1.0
2025-06-18,1296928.2128832869,0.06483831489066236,5.3765822669463684e-05,49,-0.001654438863183505,-0.0009900331,-0.0006644057134642667,1.0
2025-06-19,1281689.7793788074,0.07524517179318613,5.574622043072841e-05,49,-0.011749635294463934,-0.014207721,0.002458085462066828,1.0
2025-06-20,1275970.674717185,0.1085756873642236,7.413896876210714e-05,50,-0.0044621598405771845,-0.008040428,0.0035782683210439092,1.0
2025-06-23,1295105.495791061,0.07587964123645925,5.648887951655379e-05,50,0.014996285928057906,0.013105869,0.0018904166348450158,1.0
2025-06-24,1316187.3074753338,0.08895330980696094,6.724015587864068e-05,50,0.016278065186802193,0.019158602,-0.0028805365740620648,1.0
2025-06-25,1334882.3543799468,0.05453642570126889,4.095526063748923e-05,50,0.014203941033646084,0.013154864,0.001049076722427822,1.0
2025-06-26,1328308.8517511978,0.07407729154133082,5.701897823535722e-05,50,-0.004924405965200163,-0.0045202374,-0.0004041685193688638,1.0
2025-06-27,1333840.73544123,0.042881866239380464,4.288186623938047e-05,48,0.0041646065090503726,0.004665613,-0.000501006665388104,1.0
2025-06-30,1350360.3700562813,0.10279116455756575,6.749926485888607e-05,50,0.012385012825078201,0.012623906,-0.00023889331048088103,1.0
2025-07-01,1347302.912076852,0.09536984840344799,6.963578089701793e-05,50,-0.0022641792866757715,0.0027673244,-0.0050315037343076074,1.0
2025-07-02,1335794.5692440527,0.07768218139673758,5.9640063019991574e-05,50,-0.008541763496272226,-0.010086596,0.001544832515843253,1.0
2025-07-03,1341683.5831263447,0.07918144050432618,5.824068891994733e-05,50,0.004408622416862018,0.00525558,-0.0008469575315632749,1.0
2025-07-04,1338212.9951610686,0.09096692639939953,6.86752955709623e-05,50,-0.002586741023683836,-0.004799247,0.002212505764341066,1.0
2025-07-07,1334753.4951549645,0.08477026302515354,6.278518596790609e-05,50,-0.0025851639601569554,0.0023667812,-0.004951945194898166,1.0
2025-07-08,1348871.455664226,0.07288761902729023,5.5988511665399625e-05,50,0.010577204375570748,0.012732506,-0.002155301422769096,1.0
2025-07-09,1346123.8504003068,0.07059284233429412,5.155471397402571e-05,50,-0.002036965978026717,-0.002689004,0.0006520379663702558,1.0
2025-07-10,1349395.699838992,0.07445812446809978,5.638142206184537e-05,50,0.0024305708852214725,0.0025193691,-8.879824014473847e-05,1.0
2025-07-11,1364119.3986192232,0.07355167965504568,5.490074410651153e-05,50,0.010911327775824375,0.008511543,0.002399784501898594,1.0
2025-07-14,1362795.869303882,0.08394798821751936,6.281995925005449e-05,50,-0.0009702444790983256,0.0001872778,-0.001157522272982603,1.0
2025-07-15,1363751.4785839543,0.06613333068900787,4.956075197197279e-05,50,0.0007012123397178716,-0.0030143857,0.0037155980399437016,1.0
2025-07-16,1372292.9118787693,0.05593862336303484,4.255757421574552e-05,50,0.006263189025968341,0.0029847622,0.00327842683419588,1.0
2025-07-17,1381433.369470289,0.08342242085604369,6.241801382067803e-05,50,0.006660719087301592,0.011391163,-0.004730443785012861,1.0
2025-07-18,1381574.5207041139,0.07739333725333385,5.808822463605694e-05,50,0.00010217737383810821,0.0025092363,-0.0024070589619162863,1.0
2025-07-21,1393840.8122856012,0.0841061704824408,6.315926215743912e-05,50,0.008878487115726363,0.009186387,-0.0003078999463463905,1.0
2025-07-22,1397358.7463973206,0.08807492603329539,6.575070189868875e-05,50,0.002523913836294467,0.0037566423,-0.0012327285053193027,1.0
2025-07-23,1390163.1162556033,0.06616499771464679,5.0214433457689125e-05,50,-0.0051494508194614985,-0.0045019984,-0.0006474523949314692,1.0
2025-07-24,1409447.510586767,0.07677107851917153,5.723227072427395e-05,50,0.013872037105333357,0.014211774,-0.0003397367670421314,1.0
2025-07-25,1413389.6992142568,0.08619994070061979,6.477836079177029e-05,50,0.0027969744157756438,0.00081932545,0.0019776489686931242,1.0
2025-07-28,1413469.1315320884,0.06969365010215328,5.2218058400594663e-05,50,5.619987033700369e-05,0.0034846067,-0.003428406872521883,1.0
2025-07-29,1423483.0079419794,0.06672612942236461,5.638587975828761e-05,49,0.007084609197681502,0.006523013,0.0005615960827523026,1.0
2025-07-30,1418284.826374536,0.09413076487868023,6.541767709038379e-05,50,-0.003651734188916622,-0.0081784725,0.004526738330004276,1.0
2025-07-31,1399608.665033762,0.09076745106147856,6.699382664232088e-05,50,-0.01316813167106523,-0.008527219,-0.004640912375563522,1.0
2025-08-01,1411220.2326429982,0.051912078468236554,4.309739163570338e-05,49,0.008296295885647398,0.001393199,0.006903096918667417,1.0
2025-08-04,1423103.74752032,0.07153509043791996,5.060162517414664e-05,50,0.008420737318274973,0.010377049,-0.0019563121278309836,1.0
2025-08-05,1435935.5640467063,0.04936890563927189,3.9483058556449804e-05,50,0.00901678219085933,0.007090807,0.001925975229799759,1.0
2025-08-06,1451142.0320751867,0.08908947457188207,6.477158390885785e-05,50,0.010589937605296251,0.010877371,-0.00028743322905433466,1.0
2025-08-07,1447942.495527323,0.08470184222964261,6.365952762879761e-05,50,-0.0022048403789174387,0.00012242794,-0.002327268319286091,1.0
2025-08-08,1443769.3212739513,0.08626226895226724,6.423177061636208e-05,50,-0.0028821408766319667,-0.003500402,0.0006182610970923985,1.0
2025-08-11,1465401.0090602222,0.08678190612085769,6.508516109056533e-05,50,0.014982786701121631,0.015473604,-0.0004908175011488769,1.0
2025-08-12,1473597.7876142156,0.06301982628143911,4.719535933631401e-05,50,0.005593539586307594,0.0028326511,0.0027608884480019302,1.0
2025-08-13,1495973.000181746,0.09573604591779356,7.28653076814824e-05,50,0.015184070412969541,0.014463782,0.0007202881024837016,1.0
2025-08-14,1469016.6008206368,0.08639404549872921,6.334403002913933e-05,50,-0.01801930874276081,-0.012434304,-0.0055850049822322445,1.0
2025-08-15,1497907.3693641373,0.08308553004315675,6.305384493056789e-05,50,0.019666740680371664,0.020212173,-0.0005454327815423987,1.0
2025-08-18,1522362.0443582588,0.07327226977709284,5.454088806693237e-05,50,0.016325892704902367,0.016873956,-0.0005480630217211679,1.0
2025-08-19,1524533.1505000694,0.09885439878901031,7.416736000019577e-05,50,0.0014261431108693046,0.0007253885,0.0007007545839528007,1.0
2025-08-20,1543536.5414409193,0.0628437138457819,4.7569777195474425e-05,50,0.01246505589899205,0.008644462,0.003820594267217148,1.0
2025-08-21,1536055.5501448738,0.07655547491017911,5.728774380344053e-05,50,-0.004846656425161022,-0.007134378,0.0022877215312293586,1.0
2025-08-22,1564733.1380440388,0.07858587721071976,6.178948220533854e-05,50,0.01866962942613637,0.015110254,0.0035593751384166428,1.0
2025-08-25,1579236.8779352813,0.09584187355292158,6.958481612787796e-05,50,0.009269145989566407,0.01559031,-0.006321164107174315,1.0
2025-08-26,1588267.8352300199,0.035288007589464244,2.917303314140653e-05,50,0.005718557754645248,-0.00016850233,0.0058870600854252775,1.0
2025-08-27,1568761.0338894944,0.024401956084056417,1.8631586401783836e-05,50,-0.012281808463180499,-0.018721461,0.006439652832901044,1.0
2025-08-28,1587749.0497496112,0.10327802950830271,7.589290926202343e-05,50,0.012103829359554563,0.015076637,-0.002972807908511843,1.0
2025-08-29,1576525.1082841388,0.08540382302900679,6.588813452494005e-05,50,-0.00706909033719294,-0.0011320114,-0.005937078923618722,1.0
2025-09-01,1582929.8896823172,0.09519388611437367,6.789004674251791e-05,50,0.0040625939698157865,0.008397937,-0.0043353428511681,1.0
2025-09-02,1553929.0278892645,0.06975525812434238,5.253658552615829e-05,50,-0.018321002074749404,-0.024965465,0.006644462994067735,1.0
2025-09-03,1522495.1170609384,0.06470152313349979,4.836991264761944e-05,50,-0.020228665701047754,-0.014629781,-0.005598884454862452,1.0
2025-09-04,1502470.3419709092,0.08550008144676563,6.3835147473409e-05,50,-0.013152603818319952,-0.022996068,0.009843464182473505,1.0
2025-09-05,1545680.308100222,0.10941636799553824,8.240395151283637e-05,50,0.028759280580960223,0.029046416,-0.00028713570169358604,1.0
2025-09-08,1569968.4958689262,0.07130448958243367,5.340062792550778e-05,50,0.015713590735044525,0.009020567,0.0066930237947369076,1.0
2025-09-09,1546731.331230935,0.08389180342244398,6.319850347332952e-05,50,-0.014801038810100642,-0.011626244,-0.003174795218792048,1.0
2025-09-10,1550967.8614616957,0.07176844693738273,5.33357801087817e-05,50,0.0027390214093543364,0.00057291985,0.0021661015637732817,1.0
2025-09-11,1585375.760875378,0.06959035637157562,5.342344520359671e-05,50,0.022184792005460974,0.023473859,-0.0012890668278520145,1.0
2025-09-12,1592537.2729009483,0.05589756801150135,4.092835865359082e-05,51,0.004517233202566473,0.0031068325,0.001410400698294012,1.0
2025-09-15,1582718.3391718015,0.08412051772138511,7.020019428019299e-05,50,-0.006165591158353689,-0.0009848475,-0.00518074361272991,1.0
2025-09-16,1595342.0597748004,0.07321617978981763,4.8918191084783726e-05,50,0.00797597417718987,0.009178042,-0.0012020682346143285,1.0
2025-09-17,1612254.9461715694,0.06315444739936386,4.705787454257023e-05,50,0.010601416977094269,0.009511471,0.0010899461824165346,1.0
2025-09-18,1597796.6404513917,0.054140746717465806,4.0231525995768075e-05,50,-0.008967753986123705,-0.010378838,0.0014110835993255133,1.0
2025-09-19,1589127.7727711468,0.09378644687898102,7.091891973347196e-05,50,-0.005425513773640089,-0.0051107407,-0.0003147731120189956,1.0
2025-09-22,1594939.3332299632,0.0833489498972503,6.524881589666625e-05,50,0.0036570756350711164,0.006895542,-0.003238466509704274,1.0
2025-09-23,1593038.8733732393,0.09625433498813717,7.315740214915328e-05,50,-0.0011915562035047511,-0.01086992,0.009678364050248911,1.0
2025-09-24,1624067.4937963085,0.08651596151904177,6.234421377850661e-05,50,0.019477629166303023,0.01702869,0.002448939781842574,1.0
2025-09-25,1627830.3002904747,0.03628236362371876,2.7374431088315102e-05,51,0.0023169027817744325,-0.003677845,0.005994747782995136,1.0
2025-09-26,1615488.2882756058,0.06998954735770765,5.64847964779489e-05,50,-0.007581878782245588,-0.014510095,0.00692821633723073,1.0
2025-09-29,1637298.445849652,0.09946925990117218,7.223733929687915e-05,50,0.013500659665769854,0.013550401,-4.9741068177899805e-05,1.0
2025-09-30,1650325.3229238417,0.09669499781339187,6.948407352671601e-05,50,0.007956324094248846,0.010287046,-0.0023307223382462716,1.0
2025-10-09,1675544.4082889853,0.0770945260512019,5.857327263377319e-05,50,0.01528128122064043,0.009648919,0.005632362115110645,1.0
2025-10-10,1659882.1187940561,0.06623369326128156,4.9648398722754835e-05,50,-0.0093475824439192,-0.0149357915,0.005588209048542958,1.0
2025-10-13,1652852.015123864,0.0578006766979751,4.26275507046869e-05,50,-0.004235302971574706,-0.001866281,-0.00236902193901245,1.0
2025-10-14,1630682.500873385,0.11284383377343052,8.617202542858029e-05,50,-0.013412885151014353,-0.01949662,0.006083734550371145,1.0
2025-10-15,1657043.987889474,0.1056213348705816,7.781373629477222e-05,50,0.016165922552041856,0.014959693,0.001206229597024766,1.0
2025-10-16,1639481.1511980628,0.07448206927911073,5.774115421978182e-05,50,-0.010598895877097614,-0.010905385,0.0003064891402974057,1.0
2025-10-17,1603336.9386434671,0.059458436797982406,4.387661939066719e-05,50,-0.02204612875737122,-0.029230535,0.007184406272993771,1.0
2025-10-20,1610058.6761977135,0.1125782773015505,8.437826949385419e-05,50,0.004192342477890687,0.007473469,-0.003281126302626891,1.0
2025-10-21,1629917.8936477832,0.0915699798196044,6.76096568209305e-05,50,0.012334468143092137,0.014486432,-0.0021519639324083517,1.0
2025-10-22,1630096.5567238075,0.06564110718511472,4.9679655395611564e-05,50,0.00010961477060944524,-0.004335463,0.004445077817637033,1.0
2025-10-23,1643425.1058820009,0.06189049714836005,4.671862587394766e-05,50,0.008176539667675398,-0.0005621314,0.008738671072552107,1.0
2025-10-24,1656791.6266394933,0.10107052303346332,7.687803056188524e-05,50,0.008133331241960473,0.0152077675,-0.0070744362446117925,1.0
2025-10-27,1671262.6513022284,0.09040695557234396,6.647185314518649e-05,50,0.00873436612670897,0.010262489,-0.0015281231921386862,1.0
2025-10-28,1680803.2665045494,0.08370196037319196,6.254137773163297e-05,50,0.00570862706402675,-0.0021560192,0.00786464627484218,1.0
2025-10-29,1688639.1863035345,0.07591976946475497,5.714388854302297e-05,50,0.004662008906777704,0.012019992,-0.0073579829679171205,1.0
2025-10-30,1662547.9740209477,0.07415120018312477,5.576237975519016e-05,50,-0.01545102855258329,-0.011102974,-0.004348054137757851,1.0
2025-10-31,1663762.5354230038,0.05735667859995281,4.3122087843843695e-05,50,0.0007305421684276059,0.002884388,-0.0021538458015430972,1.0
2025-11-03,1670285.8077261748,0.07149113311777934,5.414444262890768e-05,50,0.003920795284353851,0.0041896105,-0.0002688151969083563,1.0
2025-11-04,1652606.5578167683,0.08101407512494414,6.0524957304689484e-05,50,-0.010584565723799066,-0.0135830045,0.002998438750840826,1.0
2025-11-05,1662806.3893008085,0.042111994740452345,3.53525771305996e-05,49,0.0061719659986796405,0.003917575,0.0022543911161723162,1.0
2025-11-06,1686828.1707332307,0.06676649217912549,5.114240409168951e-05,49,0.014446529425787835,0.0116506815,0.0027958479301213313,1.0
2025-11-07,1679959.581425266,0.09391220895201077,6.50985117122756e-05,50,-0.004071896253059926,-0.0013175607,-0.002754335580299916,1.0
2025-11-10,1686951.237969721,0.05341396109421434,4.075258186076601e-05,50,0.004161800451486508,0.0028334856,0.0013283148481539886,1.0
2025-11-11,1695718.982249917,0.06908234604066746,5.115016189284346e-05,50,0.00519739046562373,-0.0029696226,0.008167013077623242,1.0
2025-11-12,1690746.3408733218,0.08395177790507061,6.331870740941066e-05,50,-0.0029324678373284785,-0.0072154403,0.004282972435956434,1.0
2025-11-13,1709018.1729883533,0.06351632920857447,4.786130599019334e-05,50,0.010806962388925534,0.013918638,-0.0031116758404445832,1.0
2025-11-14,1695433.457845505,0.04884209400424197,3.673354072466404e-05,51,-0.007948841830683562,-0.011569619,0.003620777348088411,1.0
2025-11-17,1690089.061992812,0.0666837968566912,5.259267723929077e-05,50,-0.003152229789946781,0.0027083158,-0.00586054563925098,1.0
2025-11-18,1680713.0245142675,0.08430761034731069,6.034868963058116e-05,50,-0.005547658812423251,-0.0099666715,0.004419012654404142,1.0
2025-11-19,1667861.6732114134,0.07878269805494578,5.909338045155993e-05,50,-0.007646368603925202,-0.008175254,0.0005288852641778252,1.0
2025-11-20,1656086.761269671,0.06879969909097541,5.120913072050406e-05,50,-0.007059885199634297,-0.0063352585,-0.0007246267157475783,1.0
2025-11-21,1608423.5435034232,0.08720765699193878,6.522980569008725e-05,50,-0.028780628455544077,-0.037151873,0.008371244656180776,1.0
2025-11-24,1634264.464494717,0.07810488905985516,6.398996231293817e-05,49,0.0160659927515161,0.012551546,0.0035144466547143427,1.0
2025-11-25,1644984.1008603722,0.07049785886257992,4.858928855583083e-05,50,0.0065593033432134185,0.013070822,-0.0065115184188715425,1.0
2025-11-26,1640715.3321594528,0.09734737707550933,7.215530681607055e-05,50,-0.0025950212519906257,-0.00020694733,-0.0023880739253304695,1.0
2025-11-27,1644747.7697687286,0.06257234426970892,4.6981931928286775e-05,50,0.0024577314115596938,0.0012415648,0.001216166660888307,1.0
2025-11-28,1658438.9877471619,0.0829714325467854,6.203979468704412e-05,50,0.00832420522470656,0.010576725,-0.0022525197813969555,1.0
2025-12-01,1665189.2877056436,0.08857271154037179,6.645267259076473e-05,50,0.004070273316265638,0.0071542263,-0.003083952986834948,1.0
2025-12-02,1655676.1968736055,0.07512078567214626,5.6578655505099974e-05,50,-0.005712918586658455,-0.00995034,0.00423742120750048,1.0
2025-12-03,1645139.5265278982,0.0681087915799365,5.3940544406308196e-05,49,-0.006363968006306786,-0.008875787,0.0025118192518414073,1.0
2025-12-04,1638854.2656145282,0.08079271766347491,5.9028492135467535e-05,50,-0.003820503253383678,5.376339e-05,-0.0038742666429710804,1.0
2025-12-05,1658419.7708303723,0.09587877711028443,7.231015188177336e-05,50,0.011938526583086695,0.01294446,-0.001005933332074438,1.0
2025-12-08,1664445.7270712724,0.07361358834925001,5.954667931811282e-05,49,0.0036335530647242376,0.010971785,-0.007338231526950567,1.0
2025-12-09,1653677.5810676627,0.07186135749660172,4.84344065068996e-05,51,-0.006469508634899812,-0.0057213902,-0.0007481183875548414,1.0
2025-12-10,1651573.8373513161,0.07027551893146854,5.628783052140418e-05,50,-0.0012721607527559353,0.0037477016,-0.005019862397653396,1.0
2025-12-11,1635107.4359716563,0.08125244908222982,5.6557914601963725e-05,50,-0.009970127285418573,-0.012990952,0.0030208242526673645,1.0
2025-12-12,1649474.3216468017,0.0906458385572613,6.821991929070417e-05,50,0.008786508677705251,0.008060694,0.0007258149368605249,1.0
2025-12-15,1645060.274937641,0.06122711350036386,4.622167030508746e-05,50,-0.0026760323887634607,-0.008392453,0.00571642080490109,1.0
2025-12-16,1620819.7930438416,0.07138503670968281,5.282133801175283e-05,50,-0.014735315333487375,-0.01743853,0.0027032155884486597,1.0
2025-12-17,1637606.4399192948,0.07844762196584736,5.9257639083765304e-05,50,0.010356886649272923,0.014915824,-0.0045589372871894795,1.0
2025-12-18,1638035.101516595,0.07259153124007821,5.60973885916536e-05,50,0.00026176105983166664,-0.00224185,0.002503610959123659,1.0
2025-12-19,1650688.1704692584,0.08034862806883962,5.9410422483400615e-05,50,0.007724540787281242,0.007894278,-0.00016973678535059378,1.0
2025-12-22,1667287.5889461793,0.06562283833886152,5.0045921553834985e-05,50,0.010056059511350357,0.010715127,-0.0006590674799216156,1.0
2025-12-23,1669686.2526113596,0.0721781543286868,5.2615029094161295e-05,50,0.0014386622206528088,-0.0021502972,0.003588959385569801,1.0
2025-12-24,1693196.2951403253,0.0725335627818573,5.634497596511222e-05,50,0.014080515122045556,0.015415788,-0.001335272574792823,1.0
2025-12-25,1702992.5919239272,0.08302356339126676,6.050310282545172e-05,50,0.005785682860113939,0.009725094,-0.003939410981438796,1.0
2025-12-26,1702952.2138765296,0.076069509171333,5.72588439859053e-05,50,-2.3710054635084354e-05,0.0034501553,-0.0034738653128137953,1.0
2025-12-29,1704210.7808523225,0.0650795710226835,5.0491149675153376e-05,50,0.0007390500834594249,-0.0014949441,0.002233994179070997,1.0
2025-12-30,1701559.0894310933,0.07502532620263698,5.4401833565657935e-05,50,-0.0015559644681411022,0.00041341782,-0.0019693822843032116,1.0
2025-12-31,1705043.612481797,0.07376669252161033,5.637163604794922e-05,50,0.002047841342887935,-0.00026589632,0.0023137376632309525,1.0
2026-01-05,1726949.5732420306,0.06979024213899106,5.202457941707438e-05,50,0.012847742192557687,0.020881414,-0.008033672220894461,1.0
2026-01-06,1756944.3078032567,0.05869609795514724,4.414647833154218e-05,50,0.017368622121905153,0.014317989,0.0030506327725399185,1.0
2026-01-07,1758925.351006743,0.09286351519586063,6.976977530003957e-05,50,0.00112755036951806,0.0052791834,-0.004151633018238288,1.0
2026-01-08,1778123.097745247,0.08468535305233234,6.365665165140851e-05,50,0.010914474981849498,0.008242726,0.0026717486558607284,1.0
2026-01-09,1809676.80515319,0.07888066347109135,6.094540406990833e-05,50,0.017745513484389575,0.019768953,-0.0020234398389746833,1.0
2026-01-12,1854112.7812277672,0.10016901393910753,7.352965934456443e-05,50,0.02455464751940384,0.028026223,-0.0034715756632743844,1.0
2026-01-13,1821342.7717430813,0.08172772539229563,6.168797887199374e-05,50,-0.01767422662551632,-0.018413305,0.0007390786570764529,1.0
2026-01-14,1834617.015241699,0.08896192104040211,6.793280335063806e-05,50,0.007288163274128845,0.0065876245,0.0007005387242631222,1.0
2026-01-15,1845866.2560035223,0.08497034530563645,6.208332610308213e-05,50,0.006131656181299183,-0.0019849539,0.008116610061609242,1.0
2026-01-16,1874391.3822472398,0.07393283520720009,5.582370093506127e-05,50,0.015453517366679215,-0.0009768009,0.016430318285258316,1.0
2026-01-19,1886489.3584699659,0.05317151073285737,4.0385312196892565e-05,51,0.006454349042205765,0.003998637,0.0024557118428039093,1.0
2026-01-20,1899861.407741187,0.07361240983127883,5.983038641457359e-05,50,0.007088324782317468,-0.010029495,0.017117819544738122,1.0
2026-01-21,1916933.070659712,0.10234837981990945,7.425767426490977e-05,50,0.008985741196154917,0.007935047,0.001050694046496714,1.0
2026-01-22,1918510.218300236,0.09148211608889903,6.635074156541378e-05,50,0.0008227452823803549,0.0074772835,-0.006654538195402848,1.0
2026-01-23,1955397.3190243116,0.09789114103287196,7.353982532888882e-05,50,0.019226950355655026,0.01942265,-0.00019569998156421242,1.0
2026-01-26,1919572.5767836366,0.08144946688468777,6.077372523756818e-05,50,-0.018320952929684164,-0.012432158,-0.005888794936367514,1.0
2026-01-27,1939776.7932499412,0.08451106553307051,6.453325167568038e-05,50,0.01052537252858543,0.0019987822,0.008526590370687481,1.0
2026-01-28,1938815.840955633,0.0768748538127724,5.672529553712319e-05,50,-0.0004953932316605902,0.0021045208,-0.0025999140293900824,1.0
2026-01-29,1935744.5232025797,0.08740048156457102,6.575364503402204e-05,50,-0.0015841204142108545,-0.008045435,0.006461314537571372,1.0
2026-01-30,1924452.0128137548,0.09220643099080147,6.985227794771406e-05,50,-0.005833678077591609,-0.009283245,0.003449566532241155,1.0
2026-02-02,1869781.755233779,0.0347796489675537,2.4666418559498666e-05,51,-0.02840822073814253,-0.03385043,0.005442210704118211,1.0
2026-02-03,1911807.6979040185,0.05893064002500182,4.491521557111402e-05,50,0.022476389317952705,0.029298782,-0.006822393030680107,1.0
2026-02-04,1919895.1972811134,0.09278352696478565,6.926355985006787e-05,50,0.004230289158246192,-0.0002411604,0.004471449551007423,1.0
2026-02-05,1914611.3362407323,0.03270404719172498,2.4497099997466765e-05,51,-0.0027521611845604532,-0.016941428,0.014189266999948824,1.0
2026-02-06,1918812.553136582,0.07108022403557768,5.963007488258023e-05,50,0.0021942922912483454,-0.002046287,0.004240579351032281,1.0
2026-02-09,1953373.2596394785,0.0998798767205971,7.157138827922076e-05,50,0.0180115074014926,0.022630334,-0.004618826498959061,1.0
2026-02-10,1962086.3232773321,0.09909045844341438,7.247633190464148e-05,50,0.004460521610427648,0.0020064116,0.0024541100579984487,1.0
2026-02-11,1955877.543892823,0.038857015457778324,2.9222746827364778e-05,50,-0.0031643762615594095,-0.0013078451,-0.0018565311458977884,1.0
2026-02-12,1957287.698362376,0.05861704528435901,4.526498851347274e-05,50,0.0007209830052787858,0.009141326,-0.008420342945343773,1.0
2026-02-13,1940921.4806935142,0.06809292243372075,5.432907408829347e-05,49,-0.008361682180169638,-0.01322937,0.004867687937017862,1.0
2026-02-24,1941089.0197924045,0.09064269107115139,6.504429396837275e-05,50,8.631935941605384e-05,0.011571288,-0.01148496874940963,1.0
2026-02-25,1964178.8758747948,0.05914720496321072,4.286628990298275e-05,50,0.01189531023407664,0.015248656,-0.0033533460388115444,1.0
2026-02-26,1967239.1439535895,0.0737145694288765,5.461117443208458e-05,50,0.0015580394007810305,0.007629633,-0.006071593549048071,1.0
2026-02-27,1974884.7799511114,0.04465411253864101,3.4642229635459e-05,50,0.0038864802080729177,0.008270264,-0.004383783463802082,1.0
2026-03-02,1952216.151306306,0.08011961586597692,5.8743884571227345e-05,50,-0.01147845630030453,-0.009796917,-0.0016815388617974492,1.0
2026-03-03,1902199.5232871235,0.08844915000720512,6.736971198932442e-05,50,-0.025620435516689244,-0.03946221,0.013841773231174526,1.0
2026-03-04,1875839.510938637,0.08634515052935315,6.547372994113893e-05,50,-0.013857648488385,-0.0058864355,-0.007971212979656972,1.0
2026-03-05,1894881.9837581818,0.08544142744553287,6.299289470907779e-05,50,0.010151440306327864,0.009463191,0.0006882492739181956,1.0
2026-03-06,1922640.366287708,0.0627520392181684,4.730214235644383e-05,50,0.014649135285181192,0.009513974,0.005135161095422891,1.0
2026-03-09,1907552.28513883,0.085076325602642,6.304240792560148e-05,50,-0.007847583673700975,-0.005454123,-0.002393460653528856,1.0
2026-03-10,1939840.386506345,0.08528864195077658,6.54893409845165e-05,50,0.016926456810155033,0.017823339,-0.0008968816984509242,1.0
2026-03-11,1943000.3487474998,0.03832825314235064,2.7465454969828375e-05,51,0.0016289805404279267,0.0016095638,1.941671291327829e-05,1.0
2026-03-12,1934921.647084666,0.05804667961625362,4.42674033153606e-05,51,-0.004157848797115005,-0.003302455,-0.0008553938486897117,1.0
2026-03-13,1926558.6134180573,0.05163149828782457,3.759663726318518e-05,51,-0.004322156237803854,-0.014589965,0.010267809105671488,1.0
2026-03-16,1923607.446659227,0.07464531388142207,6.085955677285977e-05,50,-0.0015318333624921854,-0.0003579259,-0.0011739074706159647,1.0
2026-03-17,1909873.127156991,0.06463973852419652,4.390942862737498e-05,50,-0.0071398764472910825,-0.023320138,0.016180262007146173,1.0
2026-03-18,1917543.6228003574,0.09524186873464993,7.124986116283564e-05,50,0.004016233086008514,0.009567499,-0.005551266074758088,1.0
2026-03-19,1866642.5438058726,0.057260115937007555,4.2904742507829216e-05,50,-0.026544939259399714,-0.023140669,-0.003404270390381159,1.0
2026-03-20,1837707.1889465672,0.09715491771363115,7.231815346544198e-05,50,-0.01550128328282363,-0.01590544,0.0004041565708445827,1.0
2026-03-23,1741984.8624497736,0.1078810909043754,8.049557370613087e-05,50,-0.05208790990890377,-0.04809189,-0.003996021481169398,1.0
2026-03-24,1787243.9933890416,0.07452353662130833,5.6063745200991106e-05,50,0.02598135719481487,0.025880337,0.00010102043334025979,1.0
2026-03-25,1816789.238651943,0.0882196381801103,6.689828441295226e-05,50,0.016531176141695303,0.019776702,-0.0032455257854897557,1.0
2026-03-26,1805824.5620236208,0.07302701787266935,5.44924512915981e-05,50,-0.006035194614240402,-0.014423549,0.008388354561022049,1.0
2026-03-27,1817849.3770410835,0.10063304075744664,7.525166077698405e-05,50,0.006658905449811625,0.013997197,-0.007338291701372457,1.0
2026-03-30,1813969.9769676938,0.05453842354751228,4.080722383572073e-05,51,-0.0021340602375452544,0.002790928,-0.004924988124508145,1.0
2026-03-31,1798710.5889092414,0.0160228303964265,1.205559182212174e-05,51,-0.008412150284846875,-0.019062996,0.010650845625797656,1.0
2026-04-01,1827426.9657675806,0.031264261968920536,2.3510098398563566e-05,51,0.015964979044101213,0.01893735,-0.002972370275356795,1.0
2026-04-02,1791995.3536617984,0.07517381732616378,6.105940917117234e-05,50,-0.019388797894256626,-0.018125653,-0.001263144627349888,1.0
2026-04-03,1762453.6804889922,0.09775021179609832,7.034149111113992e-05,50,-0.01648535143377472,-0.01138854,-0.005096811165830384,1.0
2026-04-07,1776748.990868053,0.0933681093951443,6.821207934093693e-05,50,0.008111027561924056,0.009211063,-0.00110003582308571,1.0
2026-04-08,1850735.2763026045,0.09073832152873941,6.830120447078654e-05,50,0.041641383118729,0.045983315,-0.004341931395431153,1.0
2026-04-09,1828445.6402229853,0.06848381260444542,5.2122133392406834e-05,50,-0.012043665220533017,-0.004313946,-0.007729719450269346,1.0
2026-04-10,1840003.0628359597,0.08987587853962216,6.75285114031089e-05,50,0.006320900309382482,0.009692669,-0.0033717686054124396,1.0
2026-04-13,1839799.229500305,0.07632362923375835,5.8878186767357305e-05,50,-0.00011077880236820548,0.0034182072,-0.003528985970947307,1.0
2026-04-14,1867408.8590788976,0.055516841674947005,3.9572115835907984e-05,50,0.015006870932374294,0.014851332,0.00015553922155886468,1.0
2026-04-15,1862536.943346509,0.09358893571348952,7.067799051564919e-05,50,-0.002608917542991418,-0.0047392845,0.0021303669723894414,1.0
2026-04-16,1890527.7132579298,0.06485445555152601,4.840164507106099e-05,50,0.015028303203010962,0.015644908,-0.0006166047483440185,1.0
2026-04-17,1900983.790938142,0.08927135000282285,6.675188261067056e-05,50,0.005530771967469983,0.00904417,-0.003513398412168689,1.0
2026-04-20,1921190.2086722888,0.0839650190549646,7.010036713644812e-05,49,0.010629452934038275,0.006063223,0.004566230048906439,1.0
2026-04-21,1919280.354518604,0.09001607910830553,6.458475263462478e-05,49,-0.0009940994624393351,-0.000795722,-0.00019837745468787027,1.0
2026-04-22,1932172.0954218763,0.09356031335405152,6.682069410257743e-05,50,0.006716966009119529,0.015576363,-0.008859396600743752,1.0
2026-04-23,1907565.5024458456,0.08515079043470607,6.326773597130757e-05,50,-0.01273519736380313,-0.013972044,0.001236846627285737,1.0
2026-04-24,1897046.5464436924,0.06488647899960552,4.8546871115570505e-05,50,-0.005514335412684868,-0.0070073605,0.0014930250456891558,1.0
2026-04-27,1900439.1103482903,0.0785850882822316,5.950431721056511e-05,50,0.0017883398332834144,0.004165411,-0.002377071162199984,1.0
2026-04-28,1870315.8997907094,0.04954552758983174,3.854567136921437e-05,50,-0.01585065808925612,-0.013436139,-0.00241451945934279,1.0
2026-04-29,1887596.604625353,0.10007823706166882,7.394376032947021e-05,50,0.00923945780313229,0.014146686,-0.004907227797148472,1.0
2026-04-30,1906051.5023815802,0.07329455426071611,5.4851416537235294e-05,50,0.009776928879298374,0.0046601295,0.005116799332179234,1.0
2026-05-06,1940484.4933402454,0.07004133908531805,5.279346402473627e-05,50,0.018065089487687924,0.02297914,-0.004914050793989322,1.0
2026-05-07,1963663.8055866996,0.07887833307278103,5.891962628794424e-05,50,0.011945115936770279,0.01632154,-0.004376423942074936,1.0
2026-05-08,1974587.247129371,0.07114040801297378,5.353665881846766e-05,50,0.005562786008273868,0.003057003,0.0025057829870336334,1.0
2026-05-11,1988611.166258118,0.08279292328941357,6.238522993903266e-05,50,0.007102202827013571,0.01437223,-0.007270026749097269,1.0
2026-05-12,1966400.64139239,0.07658517287210677,5.717823439795275e-05,50,-0.011168862592439655,-0.0050626993,-0.006106163274507526,1.0
2026-05-13,1993160.769750683,0.0915844879837419,6.855806908009671e-05,50,0.013608685735244874,0.01513958,-0.0015308940377043445,1.0
2026-05-14,1961420.2488668396,0.07569045684527828,5.686103949519894e-05,50,-0.015924716844499143,-0.019735456,0.0038107386685013456,1.0
2026-05-15,1953514.6744551759,0.05772850889041304,4.308092618350793e-05,50,-0.004030535738697938,-0.0109423995,0.006911863763102599,1.0
2026-05-18,1959586.8226002913,0.0917651827482586,7.004273704386876e-05,50,0.0031083196991130713,0.0043258667,-0.0012175470001056787,1.0
2026-05-19,1989746.089243444,0.08013810273411023,5.889996071187691e-05,50,0.015390625358019383,0.010140777,0.0052498487238030744,1.0
2026-05-20,1980410.816961988,0.07531413107203846,5.7064161619393454e-05,50,-0.004691690227171308,3.0636787e-05,-0.004722327014585859,1.0
2026-05-21,1925934.7193043714,0.057601129273750204,4.594498768852017e-05,50,-0.0275074732934375,-0.033875883,0.006368409332142333,1.0
2026-05-22,1957598.0368564394,0.09415820467757252,6.770972214301697e-05,50,0.016440493665073275,0.02140522,-0.0049647263666650066,1.0
2026-05-25,1952886.1872200503,0.09559561114435247,7.142593329192653e-05,50,-0.002406954618709989,0.012267828,-0.014674782606380887,1.0
2026-05-26,1928113.7244876544,0.09827606722751493,7.366626085208606e-05,50,-0.0126850519474766,-0.012735128,5.007645523336102e-05,1.0
2026-05-27,1885632.665495073,0.08921990745403398,6.655793509166764e-05,50,-0.022032444690921804,-0.016200721,-0.005831723427036306,1.0
2026-05-28,1892917.2446571635,0.07341285048333605,5.5201226530741596e-05,50,0.003863201616831402,0.010674596,-0.006811394215993305,1.0
2026-05-29,1838222.085962667,0.10025038517014234,7.537713702458102e-05,50,-0.02780309401343285,-0.02651155,-0.001291544063786853,0.5
2026-06-01,1850842.249838302,0.08536496196281093,6.463114772628498e-05,50,-0.0003496525068346079,-0.0075647235,0.007215070984834093,0.5
2026-06-02,1830756.009000005,0.10104138364629611,7.511961364361513e-05,50,-0.00305064061111765,0.0047512054,-0.007801846055453587,0.5
2026-06-03,1823413.6590604335,0.08972356792312917,6.638428033982013e-05,50,0.0008511552705444125,0.005712867,-0.004861711512597677,0.5
2026-06-04,1810418.6431272922,0.03646794206344314,2.73139558608888e-05,51,-0.004309923899298851,-0.0014930964,-0.0028168275476753157,0.5
2026-06-05,1812453.786480344,0.05085350857138592,5.085350857138593e-05,49,-0.004136778469883029,-0.0093976855,0.005260907057918485,0.5
2026-06-08,1746482.0109979152,0.12568234363345976,8.37232162562972e-05,50,-0.033767354055558474,-0.03113556,-0.002631794973527224,0.5
2026-06-09,1751742.8247950703,0.060013590444850703,4.286454831220988e-05,50,0.016196933775539324,0.029381633,-0.013184699029331282,0.5
2026-06-10,1743067.2178373649,0.08532904507814776,6.319245613900558e-05,50,-0.009687725481457021,-0.0144228935,0.004735168042712901,0.5
2026-06-11,1732167.5341093119,0.08649722719187268,6.501253822952556e-05,50,-0.005521496211684518,-0.0047898293,-0.0007316669575341272,0.5
2026-06-12,1773132.6297166988,0.11424035942827902,8.650597237989527e-05,50,0.01448126739789124,0.0053129196,0.009168347781192021,0.5
2026-06-15,1800320.2890096025,0.07031570721336423,5.3236877410327136e-05,50,0.027076396439903783,0.03881967,-0.011743274237281276,0.5
2026-06-16,1809972.3993463218,0.08101896804674483,5.9678479643152554e-05,50,0.010025208701033073,0.014689088,-0.004663879166703744,0.5
2026-06-17,1793086.3864833538,0.09899921989784413,7.432544434637674e-05,50,-0.0013066494874373613,0.006716132,-0.008022781651438826,0.5
2026-06-18,1783213.1907258776,0.09350152602168127,6.991485689242282e-05,50,0.0010696150328717846,0.007645488,-0.006575872752467571,0.5
2026-06-22,1773578.500827121,0.05506504674211046,4.3005767300264734e-05,50,0.002694630776920004,0.010792255,-0.008097624624691324,0.5
2026-06-23,1757023.4026431274,0.0980416659116452,7.170468928163955e-05,50,-0.015136671649998046,-0.020939052,0.005802380454951905,0.5
2026-06-24,1730935.3849850334,0.07268018864764883,5.453809627236824e-05,50,-0.0008888114959632598,0.013070226,-0.013959037211600467,0.5
2026-06-25,1703118.3226873628,0.0699138955386784,5.260772971032497e-05,50,-0.006191339541031626,0.0036878586,-0.009879198122574595,0.5
2026-06-26,1659796.931590648,0.06876483715186657,5.1268112768894575e-05,50,-0.025437082956367874,-0.025437653,5.701083599096712e-07,0.5
2026-06-29,1655831.1348143816,0.05808129188823698,4.3146234576465e-05,50,-0.0013992561880698529,-0.0004091859,-0.0009900703016867962,0.5
2026-06-30,1696572.8614673768,0.04631372574208453,3.535054104090854e-05,51,0.024625283947523502,0.024645567,-2.0282992784115272e-05,0.5
2026-07-01,1724467.5599201089,0.07600583523158205,6.192236068173577e-05,50,0.012014433720362372,0.0075870752,0.004427358486902899,0.5
2026-07-02,1714322.9157414027,0.09942009131354006,7.100476653957248e-05,50,-0.017096563726121894,-0.028310359,0.011213794798200616,0.5
2026-07-03,1751137.1203386406,0.04531673508925249,3.6716639240829383e-05,49,0.010474118629202223,-0.0005262494,0.011000368037924146,0.5
2026-07-06,1725638.736290281,0.047197190798787196,3.448871161660155e-05,49,-0.01587548179985243,-0.01718992,0.0013144381487254497,0.5
2026-07-07,1679870.2483734505,0.11331588550258163,8.272081713449884e-05,50,-0.023340850817292202,-0.020159066,-0.003181785093873013,0.5
2026-07-08,1666791.3625998483,0.10521303311566647,7.749515495118612e-05,50,-0.014971124274823056,-0.022156596,0.0071854719089538,0.5
2026-07-09,1670622.58892111,0.08140217844818344,6.101880694040679e-05,50,0.0123726577071821,0.022446752,-0.010074093887361357,0.5
2026-07-10,1702956.3422774998,0.06646746852790884,5.182839235001819e-05,50,0.003546461416029656,-0.012261391,0.015807852102064812,0.5
2026-07-13,1619260.673042491,0.05599462034641076,4.0230960465008395e-05,50,-0.049606844882438494,-0.05006641,0.0004595666127702458,0.5
2026-07-14,1624827.1203396316,0.07796614001992279,5.7981788254929265e-05,50,0.010531966493328326,0.017626286,-0.007094319059650189,0.5
2026-07-15,1625311.917944476,0.029756838583677753,2.259345211271518e-05,51,-0.006619846921092187,-0.013538063,0.006918215651387061,0.5
2026-07-16,1635939.0851885602,0.07737448342837852,6.313524305346127e-05,50,-0.008631065471514932,-0.023800671,0.015169605629101524,0.5
2026-07-17,1569293.2886543823,0.10564394820479524,7.807668450775177e-05,50,-0.05075283523392837,-0.060767114,0.010014278928516696,0.5
2026-07-20,1563575.7828787677,0.09425557715306351,6.69168705763772e-05,50,-0.01595534369937357,-0.028267324,0.012311980271421108,0.5
2026-07-21,1600808.7274772082,0.05833836792088491,4.2726301162730364e-05,51,0.03304519161497277,0.042277694,-0.009232502133501352,0.5
2026-07-22,1575769.1103254922,0.07137267429869822,5.743583730497171e-05,50,-0.014783882233707135,-0.01392591,-0.0008579722376744203,0.5
2026-07-23,1604336.49878746,0.11095080942902093,8.262243415256443e-05,50,0.011630684922097512,0.0051321983,0.006498486588357277,0.5
2026-07-24,1560824.8767917226,0.07452322711339558,5.228582804623691e-05,50,-0.027444993902061843,-0.027768731,0.0003237372151866924,0.5
2026-07-27,1611531.1231841568,0.04850858127517686,3.746483953142338e-05,50,0.03290297088459804,0.033319116,-0.00041614475413487284,0.5
2026-07-28,1584906.5133229035,0.03497408544804318,2.5184480256071343e-05,51,-0.022267181705454386,-0.02801305,0.005745868850728475,0.5
2026-07-29,1598252.676433481,0.06494264415906643,5.0813555832975244e-05,50,0.009114128160015333,0.009807467,-0.0006933393006169908,0.5
2026-07-30,1570576.864779246,0.06112201086965975,4.440819353700286e-05,50,-0.02236673796777594,-0.027417183,0.005050444954587341,0.5
2026-07-31,1601444.5041865655,0.08624000994521644,6.504177765818399e-05,50,0.02249593418961815,0.025338173,-0.0028422387229795065,0.5
2026-08-03,1619601.2279505953,0.10385468964230192,8.118551795721526e-05,50,0.005970576957194607,0.0006034374,0.005367139533488552,0.5
2026-08-04,1668412.0640483606,0.06960851289412898,5.6878567577768327e-05,49,0.029151869578883494,0.028166175,0.0009856946902726538,0.5
2026-08-05,1731837.790535311,0.09061170575508443,6.952978806820326e-05,49,0.033697615358135535,0.029379606,0.004318009111187293,0.5
2026-08-06,1748769.6457799752,0.10346527283386436,6.996835139529343e-05,50,0.007382741969122586,0.0049886703,0.002394071620001492,0.5
2026-08-07,1779053.1611935087,0.07555783467942878,5.5674769194578883e-05,50,0.01721704086162056,0.01979971,-0.0025826684584478003,1.0
2026-08-10,1776288.33018628,0.04754644561157225,4.116936520245997e-05,49,-0.0015541025234871997,0.0070798397,-0.008633942229908098,1.0
2026-08-11,1778334.458686244,0.0494613292662162,3.2964976154543446e-05,51,0.001151912369851349,-0.004635453,0.005787365594033478,1.0
2026-08-12,1806585.7415472842,0.07864656207247872,6.542026628194796e-05,50,0.015886372061817422,0.012427807,0.003458565207569375,1.0
2026-08-13,1787549.8367691825,0.10013925304508893,7.24234314711236e-05,50,-0.010536950635843034,-0.009986222,-0.0005507288455293136,1.0
2026-08-14,1809352.820618982,0.05935826887017982,4.094470383454664e-05,51,0.012197133417665373,0.006989479,0.005207654352723967,1.0
2026-08-17,1846728.3146390337,0.05553384239323335,4.1752205803138355e-05,51,0.020656830218036548,0.025555253,-0.004898422810833081,1.0
2026-08-18,1849776.3361284696,0.07470547251098562,6.08105837386882e-05,50,0.0016504980539226999,-0.0028136373,0.004464135310545014,1.0
2026-08-19,1742908.0512853079,0.09097375222875957,6.404978839096064e-05,50,-0.057773625251815064,-0.053887725,-0.0038859003754112553,1.0
2026-08-20,1750818.608475631,0.06314897192676613,4.505967787096169e-05,50,0.00453871171487763,0.009578586,-0.005039873909817194,1.0
2026-08-21,1758761.4611593732,0.08099133350158783,6.065439148940789e-05,50,0.004536650824529254,0.0015836954,0.0029529554128471247,1.0
2026-08-24,1741501.0292434536,0.0677710323758798,5.054366151579424e-05,50,-0.009813969828825764,-0.014510989,0.0046970193603221855,1.0
2026-08-25,1762335.8707179406,0.06979663040154645,5.3183200373989145e-05,50,0.011963726190582946,0.004806757,0.007156969217316345,1.0
2026-08-26,1758805.2842046923,0.08707197242406045,6.562842523581638e-05,50,-0.0020033562114410985,0.0022809505,-0.004284306757705747,1.0
2026-08-27,1794722.5804614509,0.0796898573838908,5.913135031912332e-05,50,0.020421417071759596,0.024955392,-0.004533974812090502,1.0
2026-08-28,1791319.005008972,0.08657323951335731,6.535004256544831e-05,50,-0.0018964354098691683,-0.0036104918,0.0017140563427553435,1.0
2026-08-31,1818439.860627511,0.08674099617398412,6.491875946908775e-05,50,0.015140159593407088,0.0084866285,0.00665353106099742,1.0
2026-09-01,1811702.4428052565,0.09174972398801313,6.86961987900572e-05,50,-0.003705053968586891,-0.010173202,0.00646814759238723,1.0
2026-09-02,1795184.0295618079,0.06129196656561166,4.615132078872784e-05,50,-0.009117619346955985,-0.013990998,0.004873378921171456,1.0
2026-09-03,1789497.6582369218,0.11131780408592166,8.46178786498071e-05,50,-0.003167570138351783,0.0021545887,-0.005322158837692603,1.0
2026-09-04,1784749.9818625574,0.09907372822482875,7.318207861597619e-05,50,-0.0026530777240815206,-0.012106419,0.00945334088553762,1.0
2026-09-07,1790315.0025005224,0.07744516466591544,5.8282056884483074e-05,50,0.00311809536042551,0.01748383,-0.014365735091539822,1.0
2026-09-08,1787573.328793724,0.06557216125200674,5.4240093777230795e-05,49,-0.0015313917958398315,0.0026507378,-0.004182129558291003,1.0
2026-09-09,1780923.9545557683,0.12022418696825768,8.495026960756967e-05,50,-0.0037197770468206937,-0.0014112592,-0.00230851787247377,1.0
2026-09-10,1761964.4435397747,0.05141098160307335,4.2486663093198784e-05,49,-0.010645884664245986,-0.007981658,-0.0026642266823734273,1.0
2026-09-11,1731291.9336571274,0.08275961188549609,5.7974357762562825e-05,50,-0.017408132153351796,-0.021153867,0.0037457350913686627,1.0
2026-09-14,1738968.7235290327,0.09215284650766772,6.883286987086063e-05,50,0.004434139455434805,0.005528331,-0.0010941913474826759,1.0
2026-09-15,1730037.726913791,0.10660842888432646,7.981404149075267e-05,50,-0.0051358006008971335,-0.0040973425,-0.0010384581097472312,1.0
2026-09-16,1755672.4975453354,0.10693758703918703,8.116949566652732e-05,50,0.014817463360914385,0.02013123,-0.005313766993394697,1.0
2026-09-17,1755368.2269681508,0.09753883462827072,7.234765293063678e-05,50,-0.00017330713878016546,-0.005088687,0.004915379804274034,1.0
2026-09-18,1793650.158665653,0.09484406166564815,7.145934460141891e-05,50,0.02180849072540303,0.018383026,0.003425464602356154,1.0
