datetime,value,turnover,cost,n_hold,return,bench,excess
2023-01-03,500000.0,0.0,0.0,0,0.0,0.022618413,-0.022618412971496582
2023-01-04,499800.0,0.7286420029163361,0.00042,40,-0.00041999999999997595,-0.00037676096,-4.323904037473181e-05
2023-01-05,502211.41829494335,0.14995003565852183,9.41205403336416e-05,44,0.007945835815482805,0.009996414,-0.002050578369087508
2023-01-06,502711.22483814356,0.11491917397932283,7.450018547013538e-05,46,0.004461539736709819,0.002289772,0.0021717677030184124
2023-01-09,507961.0215563046,0.13502635871110524,8.867774754794296e-05,48,0.0074719556050788505,0.005450487,0.00202146846823803
2023-01-10,506466.0819357386,0.05886141898912424,4.8622457853610815e-05,48,0.00019047666891341963,0.00068092346,-0.0004904467930006429
2023-01-11,502323.9722613297,0.10724824166678354,7.57549018163814e-05,48,-0.0077395016822561225,-0.008149624,0.0004101221885934869
2023-01-12,500986.0684350563,0.07170756422588812,5.649673756221885e-05,49,-0.0012991207988812814,0.00041162968,-0.001710750475700129
2023-01-13,503228.1167059966,0.06391401554325686,5.1295954555676564e-05,48,0.004089547804150828,0.0043053627,-0.00021581489726518743
2023-01-16,507775.4004748271,0.06602563565728112,5.425801421550294e-05,48,0.011281522276331946,0.011399984,-0.00011846208340926534
2023-01-17,504012.75634458556,0.1003024939901429,7.401463538408646e-05,48,-0.0024307843278931762,0.00086176395,-0.003292548282055774
2023-01-18,502453.3537510319,0.10040965667429727,6.823599534749969e-05,48,-0.002666189126345586,0.002352357,-0.0050185460370511525
2023-01-19,503630.4599780076,0.09067325641112968,6.515844910657754e-05,49,0.002875617306918987,0.00953722,-0.006661602694301716
2023-01-20,508269.40283411666,0.06174082217420625,5.014815902582142e-05,50,0.010777703834338404,0.009102702,0.001675001693530298
2023-01-30,512683.13322916854,0.06804098585205025,5.36343608594126e-05,50,0.00957884801627873,0.007362485,0.0022163630843329285
2023-01-31,514633.8089988673,0.07745982908272095,5.955321824699013e-05,50,0.003306319784825984,0.0027745962,0.0005317235705315504
2023-02-01,522230.0700166263,0.09184057235899062,6.975622691260462e-05,50,0.01325951135428094,0.016375542,-0.0031160303327307792
2023-02-02,527330.4277272769,0.08170760895222608,6.033461019603322e-05,50,0.008498417402914571,0.0023869276,0.006111489798239278
2023-02-03,525778.413292512,0.09476169341950061,7.11723595673922e-05,50,-0.004391392386571991,-0.0011755228,-0.0032158695823117367
2023-02-06,522894.54215174774,0.06485857994527648,5.081790606308499e-05,49,-0.00341421438678291,-0.00486207,0.001447855696835254
2023-02-07,525361.7935836461,0.09159846342231391,6.701664145365729e-05,49,0.005178084886500733,0.004775524,0.0004025607470964365
2023-02-08,523897.0834771427,0.07993691250665991,6.172540181003615e-05,49,-0.004284486608083116,-0.006729901,0.0024454142288614644
2023-02-09,530396.2981688227,0.07376793102421297,5.7740527135380294e-05,48,0.012943510878213216,0.017659903,-0.00471639169441862
2023-02-10,529795.4422850803,0.09600538444442606,6.885135528610827e-05,49,-0.0013733031826947406,-0.0033989549,0.0020256516856219098
2023-02-13,534814.328219129,0.07955322419688499,6.385941950578932e-05,50,0.008750187495460415,0.0110087395,-0.0022585519759751316
2023-02-14,538736.2641182629,0.07289349952421877,6.02412413006622e-05,50,0.007430521674177792,0.0013145208,0.006116000838301328
2023-02-15,538073.9937084795,0.07153226343136068,5.389166668282534e-05,49,-0.0011688518081450217,0.00030446053,-0.001473312333657717
2023-02-16,532634.0649262316,0.08745414622870613,6.48571352364762e-05,49,-0.013291155380107333,-0.019593418,0.006302262264393399
2023-02-17,536032.5299005029,0.06491350066622201,5.3461020876489063e-05,49,0.004829555188345158,-0.008180261,0.013009815846609318
2023-02-20,539626.4607128691,0.059467387384031234,5.27217728581487e-05,48,0.006859151625391746,0.013221145,-0.00636199305081675
2023-02-21,541498.0427610992,0.07133770963741826,5.5002345580599455e-05,49,0.004124530863691023,0.0044716597,-0.00034712879664833274
2023-02-22,543533.894990881,0.09928531257401915,7.065012357481575e-05,50,0.003362378645533015,0.0011372566,0.002225122023218562
2023-02-23,542061.9673092555,0.08545056140994257,6.287051545165564e-05,50,-0.0025463687909654253,-0.0045209527,0.001974583910603178
2023-02-24,540901.2867886104,0.05992303812628991,5.0014503038408785e-05,49,-0.0022233746298844226,-0.0031535625,0.0009301879158919446
2023-02-27,538191.7035985844,0.06806828589917066,5.316935006626258e-05,50,-0.006006071307303573,-0.0072745085,0.001268437168953751
2023-02-28,543340.8528387983,0.06117569590851442,5.0284949718065165e-05,50,0.009800596394828331,0.008887172,0.0009134246495280385
2023-03-01,544173.9927212199,0.09019354346034136,6.754386089888015e-05,50,0.0038053408567488844,0.0067858696,-0.0029805287416397874
2023-03-02,541834.6000758676,0.09901636259936031,7.048627586234743e-05,50,-0.003231145359210652,-0.0043497086,0.0011185631979182542
2023-03-03,542855.0340902167,0.050326507152715035,4.623935724890687e-05,50,0.0013104695331156435,-0.00062674284,0.001937212372928876
2023-03-06,541538.0075769827,0.06367407566008228,5.270185766211351e-05,49,0.0020577774724327424,0.004176259,-0.002118481568399777
2023-03-07,533156.3688580233,0.10645389908557401,7.703993628816097e-05,50,-0.013492989472458028,-0.020251453,0.006758463450363017
2023-03-08,534998.2114546251,0.06862580390658324,5.646969455841354e-05,49,0.0016646155094436343,0.0052689314,-0.003604315879411346
2023-03-09,533067.7878024509,0.04869462867540919,4.274736713476205e-05,49,-0.00025817027737590204,0.00020313263,-0.0004613029067704333
2023-03-10,525883.4630414789,0.08858305046751799,6.280192353634971e-05,49,-0.012345355526290569,-0.013718545,0.0013731899105685619
2023-03-13,526461.966495014,0.057490554696062963,4.8075474724226986e-05,48,0.004073485212566674,0.005048394,-0.0009749089906193609
2023-03-14,524716.8614643065,0.047941328185586315,4.0710420667401624e-05,49,-0.0036251896178864373,-0.009186864,0.00556167428134452
2023-03-15,529171.8342756563,0.058948644170369345,4.58282742435014e-05,49,0.008189569231810023,0.00496614,0.003223429438414027
2023-03-16,523160.96385201695,0.07472630776904764,5.8248767080122486e-05,48,-0.010677678327135787,-0.01671058,0.006032901068158403
2023-03-17,525509.5197609572,0.061314766591837905,4.8550721178555616e-05,47,0.0028048286622700536,0.006964326,-0.004159497242576138
2023-03-20,523053.1326102899,0.0718518946756726,5.399530512621722e-05,47,-0.0015591514447853005,-0.002214849,0.0006556975504234397
2023-03-21,527016.8324815519,0.07273399408757227,5.5172542226667815e-05,47,0.009632461167507156,0.013083458,-0.003450996779270188
2023-03-22,526582.3043264461,0.07402759289633715,5.756747434417034e-05,47,-0.0004493992060625729,0.0045437813,-0.004993180486580151
2023-03-23,526563.8331341543,0.06100742812982465,5.0110705364050785e-05,46,-0.0010212396075468533,0.0041663647,-0.005187604277346658
2023-03-24,525645.6798522234,0.04848001235485686,4.321293340808789e-05,45,-0.001520183887038562,-0.00012809038,-0.0013920935054162475
2023-03-27,524526.554488482,0.11569194313398531,8.107402794876309e-05,48,-0.0028698517875205276,0.0027287006,-0.00559855242533791
2023-03-28,521764.11043550295,0.03540061895276725,3.540061895276725e-05,46,-0.004885341041891533,-0.008902669,0.004017327911050361
2023-03-29,518863.03491388145,0.06528641457967002,5.2176035454380795e-05,45,-0.0045800844474760405,-0.0027983785,-0.001781705979916226
2023-03-30,518959.9714752503,0.09445126011485817,6.933895731619879e-05,45,0.0035070776233696588,0.00019979477,0.0033072828540825494
2023-03-31,521213.1199288021,0.1050258294740708,7.098768559124803e-05,47,0.004111609850901199,0.010013819,-0.005902208889943528
2023-04-03,524769.7927385819,0.08027671500884788,6.0230485895318526e-05,46,0.005804474466751808,0.0125643015,-0.006759827024031884
2023-04-04,519579.80613946484,0.08495251862764827,6.377872895418843e-05,49,-0.01125626081691744,-0.0012696981,-0.00998656267391207
2023-04-06,519587.99176597985,0.04081738109188439,3.7762199861526114e-05,48,-0.00033041283476908934,0.0042669773,-0.004597390144949753
2023-04-07,524667.2379425039,0.08111885490139596,6.141643139174674e-05,49,0.007946289502651305,0.008572221,-0.0006259312996558242
2023-04-10,520609.50759082905,0.06440053160574691,5.01009434695371e-05,48,-0.0028629690280324582,-0.010552466,0.007689496887647473
2023-04-11,521794.55411075224,0.055479872602633346,4.4321263890097116e-05,49,-0.0008673292716116499,0.0022343397,-0.003101668985661943
2023-04-12,522308.3109664366,0.06414609630106921,4.964408401117229e-05,49,0.001413952711098232,0.0052804947,-0.0038665419788431743
2023-04-13,521878.80921021634,0.0969662306153268,7.175071344033343e-05,49,-0.001210562796682968,-0.0077196956,0.006509132771401749
2023-04-14,521052.7696339732,0.06263628298228255,4.736986012469413e-05,48,0.0026471632328443073,0.007646203,-0.004999039808232353
2023-04-17,524962.1243749091,0.0669163170662582,5.061298464182183e-05,49,0.009003551568052992,-0.001042664,0.0100462156191089
2023-04-18,526150.9093428192,0.07963633964828701,6.336466665305585e-05,48,-0.0004811431255141163,-0.00223881,0.001757666936894331
2023-04-19,522746.5095843854,0.08490106180937865,6.765534924141098e-05,49,-0.008868835542140185,-0.0045004487,-0.004368386838374316
2023-04-20,520485.45592923125,0.08351781048573448,6.050584216716265e-05,48,-0.006894850058688229,-0.00024110079,-0.006653749270571774
2023-04-21,509137.68626218196,0.07166841631231169,5.672170503867452e-05,48,-0.020180440004943345,-0.027339578,0.0071591376699223774
2023-04-24,506054.5661724001,0.04575266187709369,3.955233714630898e-05,48,-0.005590975966768386,-0.0071219206,0.0015309446188639386
2023-04-25,500119.21417497576,0.05400550571452996,4.3148566452481994e-05,47,-0.01665182448515612,-0.018145025,0.001493200291302621
2023-04-26,504003.8411028624,0.08002662733514569,6.352440043338615e-05,49,0.01298267982858281,0.003204465,0.00977821491616826
2023-04-27,504490.5487732287,0.10075359477031967,6.670615757315847e-05,50,0.005459653820387267,0.0013722181,0.004087435688368224
2023-04-28,512915.6562691088,0.06907559632075413,5.754754626997587e-05,49,0.011068880086397503,0.013538957,-0.0024700765557533755
2023-05-04,511221.3076271413,0.05617205521457257,4.37392256517385e-05,50,-0.0003208424285921496,0.0015870333,-0.0019078757003817004
2023-05-05,506365.6642598716,0.08065152416334286,6.211802524985616e-05,50,-0.008393626176244062,-0.011927605,0.0035339784990489065
2023-05-08,512071.27788820287,0.0891182175486647,6.636425710195159e-05,50,0.007310967475964381,0.0073418617,-3.0894248889135056e-05
2023-05-09,507225.9584287268,0.04011979039275265,3.777378244158977e-05,49,-0.010065924741303522,-0.013556123,0.003490198038542669
2023-05-10,509909.1990557573,0.07029672258483585,5.484156256135448e-05,48,0.008804697249987115,0.002370119,0.006434578155138482
2023-05-11,510989.8918173723,0.06034957796441694,5.0976198467335713e-05,48,0.0021283486110487138,-0.0007227659,0.0028511145335951005
2023-05-12,504903.7447132338,0.07461571043940689,6.1050429548016e-05,48,-0.012227335306214782,-0.013073623,0.0008462878741746227
2023-05-15,510609.71734533255,0.08779362970730335,6.340531792542011e-05,49,0.01177948294702269,0.007645488,0.004133995161683335
2023-05-16,506204.41508446797,0.09255340918327348,6.669380305507592e-05,50,-0.007079851055091679,-0.010571063,0.003491211509758174
2023-05-17,508838.69276052463,0.09820350689594037,7.192598974264148e-05,50,0.004995570176806852,0.005937457,-0.00094188690784891
2023-05-18,508794.8312113063,0.04275499531671487,3.847643552192254e-05,49,-0.000675781347860116,0.004387498,-0.00506327924977662
2023-05-19,512022.55568397837,0.09527810075542341,6.950116584220214e-05,49,0.006820577972720954,0.0028220415,0.003998536461185309
2023-05-22,513466.80869400746,0.0548142735454983,4.6919440993269424e-05,51,0.003084937210252492,-0.0009602308,0.004045168037584035
2023-05-23,507061.4282781993,0.07447338988695465,5.55921651979147e-05,50,-0.011515163241158421,-0.010238051,-0.0012771118266686754
2023-05-24,505621.7723869437,0.08260443784037053,5.779913750455453e-05,49,-0.0029460969296946637,-0.0023390055,-0.0006070914594187848
2023-05-25,503273.32661320857,0.080792308694316,6.0015405339246435e-05,50,-0.0042305615802014085,-0.0018700361,-0.002360525455018303
2023-05-26,506564.50573531125,0.07830432543811047,6.10086993508825e-05,50,0.0029818646973988616,0.0069850683,-0.004003203623829166
2023-05-29,506370.9473397961,0.08648565327872137,6.194436025719768e-05,50,-0.0009865079670340893,-0.0018773675,0.0008908595294563892
2023-05-30,509618.6712732613,0.08651632035543808,6.46654451506155e-05,50,0.005139229532153955,0.0046448708,0.0004943587740973143
2023-05-31,509990.2224529821,0.05231725310507501,4.714879649762444e-05,49,0.0022924106162598434,-0.00042957067,0.0027219812911560837
2023-06-01,517126.02917241177,0.06589585734312811,5.50623047102336e-05,51,0.00903839452313604,0.0019979477,0.007040446830264946
2023-06-02,523215.2918239768,0.08005786797579502,5.811977914936674e-05,49,0.0128845856404316,0.007835984,0.005048601410390097
2023-06-05,524754.5894232299,0.08458763455165538,6.202620596116745e-05,50,-0.0008100608795318931,0.001008153,-0.0018182138412628501
2023-06-06,514561.8277421032,0.06314205846050769,4.710548962264133e-05,50,-0.0186875340479708,-0.02158165,0.002894115732302638
2023-06-07,514881.9209333975,0.05145081293697208,4.142459646647611e-05,48,-0.0013733149375670939,-0.0001925826,-0.0011807323302978068
2023-06-08,511154.33968602197,0.06573903381606813,5.296637512735586e-05,49,-0.0043526385886157315,-0.0071017146,0.0027490760224377353
2023-06-09,513537.3653011742,0.07109123731146057,5.9073374409383944e-05,49,0.0015517858186687716,0.008239031,-0.006687245019343924
2023-06-12,515705.9028744902,0.08234544067896704,6.177667865351431e-05,49,0.006445481656793262,0.005326748,0.0011187337625061522
2023-06-13,519111.15202959004,0.06978071840510769,5.261308913389818e-05,48,0.0028089124520973563,0.0037977695,-0.0009888570944114328
2023-06-14,518434.6055186075,0.0733070709507179,5.7796906998792464e-05,48,-0.0005897274436890143,0.0035332441,-0.00412297157668462
2023-06-15,517073.43439222407,0.06597110194077804,5.2811977327572204e-05,48,0.004354117522224199,0.0054467916,-0.001092674126640547
2023-06-16,523065.69854838983,0.08528891733750657,6.45077082158067e-05,48,0.0062939342493717465,0.0083248615,-0.0020309272771175113
2023-06-19,524950.176288191,0.0765985322207455,6.0697982044361634e-05,48,-0.0006403406970087455,0.0036422014,-0.004282542120653765
2023-06-20,528098.5899158536,0.09425539432584337,6.874034128744944e-05,48,0.002033204683944412,9.119511e-05,0.0019420095774380641
2023-06-21,516987.70170800143,0.08748057469436865,6.547716137024105e-05,49,-0.015859237021316197,-0.021736145,0.005876907998215053
2023-06-26,506577.73794621066,0.07272532560587469,5.538173188429006e-05,48,-0.015498316131883128,-0.019461215,0.0039628984105057885
2023-06-27,512764.83294847346,0.07560159610216499,5.839382486587212e-05,49,0.015338378602286595,0.013440371,0.0018980080425942125
2023-06-28,505045.60324112454,0.08766861012259985,6.711864439040166e-05,49,-0.008076178714247373,-0.0048807263,-0.0031954523768145116
2023-06-29,508685.4261038291,0.10197558963251507,7.354146593067877e-05,50,0.003940845583065067,0.006876707,-0.0029358614939613004
2023-06-30,518573.3406965835,0.08315209187817191,6.488818281509601e-05,50,0.01869318653623231,0.01257658,0.006116606488624887
2023-07-03,519544.65270940936,0.05813594703346142,5.040673884909065e-05,48,0.0030636600548339388,0.0016418695,0.0014217905098510286
2023-07-04,522055.5558535892,0.0887833542375795,6.23553471057833e-05,50,0.003938839392239157,0.0038666725,7.216687637001673e-05
2023-07-05,516818.6335714683,0.06525863903052374,5.104909966885896e-05,50,-0.009089429699668472,-0.008138955,-0.0009504750602336576
2023-07-06,515219.68875533296,0.055390583659408826,4.28318812805557e-05,50,-0.004483266562598509,-0.0026334524,-0.0018498141471322005
2023-07-07,510430.0297850286,0.07746221358420544,5.7717547198448963e-05,49,-0.006834504436359856,-0.006951332,0.00011682765592530009
2023-07-10,511291.8058399738,0.08852982769252588,6.421494738225231e-05,50,0.0006568432273934,0.00083100796,-0.00017416473006509614
2023-07-11,514028.47011775326,0.06870793043489626,5.599413263031657e-05,50,0.006859229493078711,0.008046865,-0.0011876359701781247
2023-07-12,505255.2342927855,0.0745149737823132,5.624616039018608e-05,50,-0.013562149287722258,-0.014648855,0.0010867054447911695
2023-07-13,511978.65577447065,0.09580038758178296,6.957837566654813e-05,50,0.010909646776642412,0.010075688,0.0008339584145208301
2023-07-14,518318.827985237,0.04149026295730822,4.0027747153422405e-05,51,0.0052473148457351515,-0.0005879402,0.005835255061799605
2023-07-17,517430.0411150296,0.06399414177666413,5.222602725805949e-05,50,-0.0006119123604510501,-0.0042631626,0.003651250252463989
2023-07-18,516802.8809694332,0.07000072488091141,5.555353441145404e-05,49,0.0006686753823010871,-0.0010020733,0.0016707486702649543
2023-07-19,516609.25226829306,0.09394761011850575,6.638611829794415e-05,50,0.002318561046812828,-0.002715826,0.005034387081358727
2023-07-20,508673.80884282955,0.05927590676583627,4.686752032906032e-05,50,-0.009509024189121806,-0.01287514,0.003366115524165547
2023-07-21,508116.0229357374,0.04582738112568006,3.807880530007936e-05,50,0.00339354692690097,-0.0011453032,0.004538850176260101
2023-07-24,508664.0016618148,0.06246489887078825,5.237343635430555e-05,50,0.0010857371513888214,-0.0011919141,0.0022776512329623078
2023-07-25,517712.7090513634,0.04920871656001967,4.1442421755088916e-05,49,0.019361673947331126,0.016340852,0.0030208221635786847
2023-07-26,513428.4549809176,0.07380460411745987,5.336446216815347e-05,50,-0.003333453616864046,-0.00631243,0.002978976288073698
2023-07-27,509195.3475431346,0.09151051366094723,6.834590018057042e-05,50,-0.007558607224503577,-0.007696748,0.00013814055534261405
2023-07-28,511447.1238424694,0.048898056324482256,4.1961785139579565e-05,48,0.007986402905785006,0.009025335,-0.0010389324061046423
2023-07-31,517094.0906341465,0.08866495615569919,6.769574750944332e-05,48,0.011010468738601675,0.007806182,0.0032042868309478667
2023-08-01,515151.92054794333,0.06621961101650603,5.1816304573796895e-05,49,-0.002370232926972138,-0.0012952685,-0.0010749643913581242
2023-08-02,513661.28459526843,0.06291962230491274,5.119679987758699e-05,49,-0.004572327955115363,-0.0017502904,-0.002822037561286017
2023-08-03,512800.0651346456,0.071561994943056,5.668225000113091e-05,49,-9.684813948579452e-05,0.00054192543,-0.0006387735697836461
2023-08-04,516749.9918660174,0.08006990341938373,6.338850131460387e-05,49,0.003719487723881032,0.005504966,-0.0017854780582844954
2023-08-07,516233.2236453333,0.0817374997221956,6.069100737107286e-05,49,-0.00680426064354539,-0.0047954917,-0.0020087689481413373
2023-08-08,513791.8401698256,0.08734526477941035,6.554982147785805e-05,50,-0.0026417352901347835,-0.0050184727,0.0023767373813740056
2023-08-09,509237.8690188882,0.06045885722216536,5.103539472762539e-05,50,-0.006020525290869716,-0.0077819824,0.001761457131005284
2023-08-10,508620.6479026249,0.054265707419315724,4.507158377086863e-05,48,0.00032106112433705203,0.00090789795,-0.000586836824881698
2023-08-11,501582.2467797159,0.06924020935559112,5.441033316053175e-05,48,-0.013510037938067543,-0.019009411,0.005499373396923912
2023-08-14,507324.65609039634,0.060794951790626335,5.070648251138051e-05,48,0.0054665429135698496,0.002342701,0.0031238419553178964
2023-08-15,502894.01363342797,0.05874124821541256,4.9064884158453005e-05,48,-0.00702024903003351,-0.009127438,0.002107189038356383
2023-08-16,495367.96834129305,0.08049400305671595,6.305183833507278e-05,48,-0.010052253368735109,-0.012030184,0.001977930900216307
2023-08-17,500733.625293864,0.08457987278755053,6.569249690517798e-05,48,0.008561765472275717,0.009892583,-0.0013308174210958645
2023-08-18,488844.06607353606,0.08429566566920621,6.138205730832375e-05,48,-0.01597838743106894,-0.020886421,0.00490803377254434
2023-08-21,486450.6258313203,0.058535985266335744,4.759644028597405e-05,47,-0.004659522102743341,-0.009798706,0.005139183475107001
2023-08-22,493377.78841443366,0.09495515173783875,7.110456642938772e-05,48,0.0030316176291977914,0.0069372654,-0.0039056477669203726
2023-08-23,483503.00576884375,0.07429521868528652,5.591972413639438e-05,48,-0.015488096064431855,-0.020579815,0.005091718846456816
2023-08-24,484484.26977841184,0.06620393091974622,5.181091249577414e-05,47,-0.0005247925955205734,0.0023938417,-0.0029186343389898117
2023-08-25,473802.8086496646,0.10365744120476145,7.270156917081684e-05,48,-0.013867833121733342,-0.018193126,0.004325292603059139
2023-08-28,474251.27150194417,0.06652629419967657,5.613130253719374e-05,47,0.004172053009835475,0.0073361397,-0.0031640866691196035
2023-08-29,492553.93385482405,0.07543484822710386,5.9156970285884923e-05,47,0.029099048097436353,0.031508803,-0.002409755270178393
2023-08-30,500039.97145087994,0.08458723139250832,6.218780227359395e-05,47,0.010550547588941583,0.005053401,0.005497146595594415
2023-08-31,499461.04921457043,0.07386169786611006,5.8865161576425064e-05,47,-0.0032219151662386536,-0.005754411,0.0025324960543118835
2023-09-01,498201.1832910343,0.08695530135459355,6.438868610510572e-05,47,0.0035494801435619894,0.00047504902,0.003074431124702126
2023-09-04,507977.80921333004,0.07423434074107232,6.037257816923284e-05,47,0.020164949320402803,0.014992118,0.005172831438627901
2023-09-05,507932.6550038451,0.116181767821965,8.210565389049282e-05,48,-0.001426471595792067,-0.00502038,0.0035939084243495345
2023-09-06,509628.4247079177,0.05844685823319039,5.025464736459585e-05,47,0.002523782557325993,0.0044976473,-0.0019738647281354327
2023-09-07,499516.3055103399,0.07807550760985578,5.826426175624192e-05,48,-0.01766832957121045,-0.018060267,0.0003919374003776843
2023-09-08,497903.4967527515,0.060905531778643475,5.448336253296404e-05,46,-0.001955557853984824,0.0031231642,-0.005078722030925742
2023-09-11,506467.3292884685,0.06539997145986591,5.267043610731301e-05,45,0.012763847546748863,0.013134003,-0.00037015513879801176
2023-09-12,506928.32204405696,0.09673233740718125,6.615282949435015e-05,48,0.0021969523674707503,0.00031864643,0.001878305936501512
2023-09-13,500334.0011206042,0.07744406782008775,5.539759103702394e-05,48,-0.01147952740926167,-0.013173103,0.0016935759232578618
2023-09-14,496961.3220602458,0.07898226901548305,5.7408975122942736e-05,47,-0.0070400482470023285,-0.0056412816,-0.0013987666422354827
2023-09-15,496325.0077000994,0.07585444161415703,5.531940291560354e-05,46,-0.0005899195767947174,0.0017054081,-0.002295327673108194
2023-09-18,496017.69294907653,0.08741042351960637,6.922133897730974e-05,47,0.0025516297707891544,0.00080764294,0.0017439868340826115
2023-09-19,491728.75577257964,0.08537679093152378,6.235039300912215e-05,48,-0.008946316853195635,-0.008699954,-0.00024636329713484395
2023-09-20,488347.30968968093,0.07433342515338191,5.7615219264890556e-05,47,-0.006720451826882856,-0.008038402,0.0013179497768158743
2023-09-21,484784.4671248279,0.07898790675871825,6.305070823377438e-05,46,-0.007563031742702564,-0.0071707964,-0.0003922353483544194
2023-09-22,495151.0555634713,0.05531433738076275,4.238709258138105e-05,46,0.022077089410235784,0.019406796,0.0026702939085267996
2023-09-25,494506.6033848509,0.07234574397866728,5.4321963067929174e-05,46,-0.0043991553441510844,-0.004548371,0.00014921549401419876
2023-09-26,491663.8236923999,0.08932254140622418,6.652615535988737e-05,48,-0.005245343501903088,-0.005189657,-5.568629059937713e-05
2023-09-27,498322.02143207105,0.08540483205232471,5.8842077919323544e-05,50,0.012886486804982056,0.006329179,0.006557307994862427
2023-09-28,500442.7130919127,0.07046436516254098,5.592411403668142e-05,50,0.002664162872131559,0.007437825,-0.004773662330810335
2023-10-09,494961.35935947776,0.09311090270765043,6.945097623050418e-05,50,-0.009221695705907473,-0.0031206608,-0.006101034924047122
2023-10-10,492996.7732039642,0.04463276312211446,4.0116214836473406e-05,48,-0.005982185605210355,-0.0027211308,-0.003261054757279447
2023-10-11,493571.15685185394,0.08930276619850701,6.219248150230326e-05,48,0.0014986333355062609,0.0026342869,-0.0011356535449869032
2023-10-12,497236.3958076678,0.10757258941201825,7.928004765441688e-05,49,0.0067695456759069295,0.0074363947,-0.0006668490155603557
2023-10-13,492397.7458671094,0.07102767013519129,5.8508509799104044e-05,49,-0.00873007555446248,-0.0037005544,-0.005029521183582353
2023-10-16,486875.11974887946,0.06645023876476595,5.4526248031331625e-05,49,-0.009867047482613855,-0.009455979,-0.00041106861222200974
2023-10-17,485911.51379309886,0.08244512863882036,6.284446300054872e-05,50,-0.00099903671480156,-0.0021562576,0.0011572209145929713
2023-10-18,479213.64316951507,0.05756829446348743,4.7735445976811236e-05,51,-0.014764587182880096,-0.017194092,0.0024295050908320626
2023-10-19,477604.3183774672,0.060353066177841266,4.9810081707728785e-05,50,-0.0050352318068619395,-0.01102227,0.005987037918937621
2023-10-20,475516.1081261189,0.08817267875277074,6.615993005970887e-05,50,-0.002770073135305695,-0.011735678,0.008965604583810516
2023-10-23,464410.03949487,0.07741956445052221,6.095295026501245e-05,49,-0.023856915290294767,-0.02358365,-0.00027326470130550895
2023-10-24,470304.8076828892,0.07459428886582246,5.671685094842501e-05,49,0.01471904546128111,0.014398336,0.00032070905075864964
2023-10-25,473547.5364589444,0.09088220562794883,6.733776328251928e-05,49,0.006774433376328992,0.010417223,-0.003642789600355578
2023-10-26,472117.62620177196,0.07816379171680785,5.961477971756826e-05,49,-0.0018350085618418222,0.0056741238,-0.007509132325879908
2023-10-27,480864.663373549,0.07043017944273447,5.621933727950947e-05,48,0.019564480264584017,0.018065333,0.0014991468981899736
2023-10-30,485523.0890148825,0.07403326640799468,5.770250283545902e-05,50,0.010990940939417881,0.01519084,-0.004199898828038173
2023-10-31,484736.06532850943,0.06760014483309826,5.4667534584875794e-05,49,-0.005835021690528408,-0.0061965585,0.00036153678496597674
2023-11-01,485802.3443837402,0.05827188755874778,4.8158454726217627e-05,48,0.0016460206922468412,-0.0018292665,0.0034752872404035795
2023-11-02,482959.962375895,0.06991144869789517,5.38694405793157e-05,50,-0.0064298092729075385,-0.012280107,0.0058502972715870905
2023-11-03,487982.03302375425,0.07903819637051382,5.61935798994194e-05,50,0.012831137971552442,0.01493907,-0.0021079317763723626
2023-11-06,499001.19970258867,0.0577687800200542,4.825985987433393e-05,51,0.02264514972350873,0.02065909,0.001986060635068787
2023-11-07,502736.11461802333,0.02987148174149794,2.5047390480299742e-05,51,0.006809819680573148,0.0033117533,0.0034980664075628942
2023-11-08,504394.2178132891,0.07774691694815053,6.490709815309257e-05,49,0.002340482385316922,0.0036261082,-0.001285625784238742
2023-11-09,502155.4847634866,0.09005335431096907,6.288599244708325e-05,49,-0.004273250917941562,-0.006230712,0.0019574610190091213
2023-11-10,500628.3893882794,0.09369124675163554,7.059432186195093e-05,50,-0.0022726044331903283,-0.0019882917,-0.0002843126927728479
2023-11-13,505111.68133162975,0.07941377550564345,6.379134892233151e-05,50,0.0072177533169938135,0.009209156,-0.0019914027193831396
2023-11-14,507633.75883120875,0.0647129618264502,5.3189584502184245e-05,48,0.00551994878465345,0.0060784817,-0.0005585328895408859
2023-11-15,511313.09091999446,0.09065889822803386,6.517686485525245e-05,48,0.00924870935676092,0.004090905,0.00515780416724676
2023-11-16,505417.4850154697,0.06341135217344224,5.19509040691134e-05,49,-0.009740394612237524,-0.01000762,0.00026722524555056193
2023-11-17,506457.2961880266,0.04791321277870493,4.1208121997816406e-05,48,0.002521336603606872,0.008800387,-0.006279050778900452
2023-11-20,511860.6497912524,0.10778444187422309,8.113437602833031e-05,50,0.007830616943397595,0.008718848,-0.0008882312850569951
2023-11-21,513350.0747399642,0.07005012200122249,5.0981211705141345e-05,51,-0.00011111700389798695,-0.006580591,0.00646947419788424
2023-11-22,508755.27083556936,0.06672110241846821,4.976053739070176e-05,50,-0.008558604068465647,-0.012742758,0.004184153728775564
2023-11-23,513545.3230517496,0.07582992571878666,5.848651546441171e-05,49,0.010690805259410907,0.010526657,0.0001641481549187196
2023-11-24,509844.7234199402,0.09712709086323683,7.434075012682814e-05,50,-0.005399536404097849,-0.013250411,0.007850874152695364
2023-11-27,506030.3229443448,0.07612346960991624,5.756456878206693e-05,50,-0.004415503367529605,-0.0006623268,-0.0037531765547854645
2023-11-28,508927.00607556594,0.06492265506844899,5.187503544664558e-05,49,0.005436410121822943,0.0052263737,0.0002100364493375917
2023-11-29,509009.25051591295,0.06805890489053298,5.572076136775593e-05,51,-0.002883827761822777,-0.0048719645,0.001988136692828102
2023-11-30,507315.1622577136,0.073151349606406,5.733101141929765e-05,50,-0.0013558268151195874,-0.0053685308,0.004012703935155071
2023-12-01,512535.25876152964,0.08490822296077771,6.109094511264511e-05,50,0.0048909800446241825,0.008140683,-0.0032497031295091183
2023-12-04,511804.20914622006,0.07667794440872366,5.752007059724389e-05,50,-0.002050969611416653,-0.002554655,0.0005036854636565891
2023-12-05,501070.51296142273,0.08425220558592694,6.287804924013223e-05,50,-0.017244535029874997,-0.019918561,0.0026740259518754916
2023-12-06,502472.70200511016,0.04964827080019204,3.9431765597302456e-05,49,0.0037006532123192715,0.0052063465,-0.0015056932995215488
2023-12-07,500307.88295256085,0.05175096597714619,4.487369616078742e-05,50,-0.0027609209683741587,-0.00049299,-0.002267930951436903
2023-12-08,497241.1976224281,0.07240674376381209,5.231003705653489e-05,50,-0.00651781843098953,-0.0029381514,-0.003579667071431425
2023-12-11,504471.19034073805,0.07582912056049079,5.828602440626721e-05,50,0.011386740200614143,0.011983752,-0.000597012050057244
2023-12-12,507352.5402219091,0.069599953580657,5.503371323469967e-05,50,0.004423017888459557,0.00064361095,0.0037794069341748893
2023-12-13,505778.6878781082,0.056075495522184306,4.641742717445012e-05,49,-0.004380308064391825,-0.009777963,0.005397655097076681
2023-12-14,506985.54225863033,0.08374682548996115,6.449352919446266e-05,50,0.0018382667766043692,-0.004600048,0.006438314841789916
2023-12-15,503991.74317859847,0.08989455910896935,6.947931148493838e-05,50,-0.004178018855527432,-0.0067191124,0.002541093540712802
2023-12-18,498692.5936870744,0.08440940881668063,6.433807697773978e-05,50,-0.011093286933904933,-0.015893161,0.004799874362939549
2023-12-19,497715.3484005171,0.08309213465437187,6.289502904021175e-05,50,-0.0018470955183862436,0.0011148453,-0.00296194079426515
2023-12-20,490773.3042182026,0.07447780497823012,6.0637382878978735e-05,50,-0.012822147460869904,-0.017434895,0.004612747577734833
2023-12-21,493801.411135325,0.07429287302742724,5.654880042517201e-05,50,0.007713882622302548,0.006526351,0.001187531647265927
2023-12-22,491254.82222417195,0.0936493507026955,6.984615898432829e-05,50,-0.003103558241311366,-0.0112089515,0.008105393231924718
2023-12-25,491427.41074193333,0.06489584165856017,5.124733634089717e-05,51,-0.0036606889234852558,0.00031733513,-0.0039780240522694355
2023-12-26,486249.57049054326,0.06863992524607049,5.4150262941058265e-05,50,-0.009097181162741663,-0.014669418,0.005572237172219274
2023-12-27,490201.3122145128,0.07894245890697946,5.815910363580694e-05,50,0.005330191253018146,0.007886291,-0.0025560992972137875
2023-12-28,500691.4666734828,0.07736031712605815,5.785370197829288e-05,50,0.02290775425920144,0.019200683,0.003707071619125757
2023-12-29,506315.6595464947,0.07935215425689521,6.0197800351397224e-05,50,0.009271496092813414,0.014074564,-0.004803067887289125
2024-01-02,504452.96693555004,0.07301470929701923,5.557476980262889e-05,49,-0.0020026984170627427,-0.005518794,0.0035160956426906753
2024-01-03,501004.8861745719,0.06534963848722224,5.581689945014388e-05,50,-0.002388282834303035,-0.0052452683,0.0028569855105761155
2024-01-04,498978.37958163844,0.06874672838249041,5.302241035423831e-05,49,-0.003970864307608013,-0.0070432425,0.0030723781469207956
2024-01-05,488664.95702822105,0.07279533197957062,6.159935246101429e-05,49,-0.016031513229364913,-0.018538713,0.002507200225835282
2024-01-08,479098.80143295776,0.053443972839639226,4.4412774913907017e-05,49,-0.019698634684344463,-0.02329886,0.0036002249119079788
2024-01-09,481930.13988515676,0.07575908187252796,5.963496554012958e-05,49,0.00479290259029852,0.0017551184,0.0030377842202423677
2024-01-10,476610.05726988125,0.05721731426258682,5.0844615743763394e-05,48,-0.006647809865695686,-0.0074243546,0.0007765446875269699
2024-01-11,484170.9946325193,0.08098634650355319,5.971403339238901e-05,47,0.013788365344172826,0.01796782,-0.004179454823368678
2024-01-12,480467.6022523162,0.06872675153820902,5.486343591491963e-05,49,-0.004801085600304844,-0.006526351,0.001725265374731777
2024-01-15,479941.38061424554,0.04590500878170929,3.816513059909628e-05,49,-0.002028178894228183,-0.0027105808,0.000682401931577481
2024-01-16,475845.8789273672,0.05309011494244602,4.229525064144001e-05,49,-0.005266073397214577,-0.003581345,-0.001684728315885231
2024-01-17,464319.8328356244,0.06973752814111142,5.214461763453149e-05,49,-0.023774446520802184,-0.027141571,0.003367124524119691
2024-01-18,465027.7016311153,0.06419879416722664,5.009567426020589e-05,48,-0.002493313194437574,-0.0029132366,0.00041992342360441803
2024-01-19,460209.27291709714,0.06181436059134443,4.890898246587921e-05,50,-0.011488796397159662,-0.012362719,0.0008739221849936585
2024-01-22,434654.2692911889,0.06678001024960503,5.081226609809229e-05,49,-0.05245879397537562,-0.057689965,0.005231170795895135
2024-01-23,442761.7578327892,0.06395705805454029,4.747338008401272e-05,51,0.01563310655232608,0.015757322,-0.0001242157590752857
2024-01-24,446726.05684537813,0.05291516341963945,4.330213754714831e-05,50,0.009769835201926758,0.012556076,-0.00278624084787793
2024-01-25,462624.7851131346,0.07609380502938279,6.28805774700002e-05,49,0.03422124046428643,0.03359449,0.0006267513666912139
2024-01-26,456872.6570759499,0.08279677154112872,6.387492244426959e-05,49,-0.012533672569639887,-0.008735597,-0.003798075436003412
2024-01-29,445990.74640119844,0.07348287907280578,5.773531307121849e-05,49,-0.024316846328360897,-0.02628386,0.001967013878243107
2024-01-30,431874.9354226619,0.08736467953752122,6.406622262090192e-05,51,-0.027833578079774213,-0.028568089,0.0007345109285570861
2024-01-31,413112.12401577027,0.07975603328624806,6.206064649465845e-05,49,-0.040903446734006865,-0.040048897,-0.0008545494676189258
2024-02-01,410328.1298697541,0.0715862490915452,5.5417682241241726e-05,50,-0.005037829272193484,-0.0072288513,0.0021910220461658914
2024-02-02,393584.9963913151,0.08250392383162683,5.8132883817872544e-05,50,-0.044244693479794595,-0.037000775,-0.007243918142575356
2024-02-05,366383.13586244325,0.07223423574302536,5.211035367936481e-05,50,-0.07642521865723811,-0.06155634,-0.014868879393322099
2024-02-06,381178.64939073124,0.052410089798332865,4.302945877339139e-05,50,0.05313396852185481,0.06973338,-0.01659941274950749
2024-02-07,391323.8543768084,0.0343156746885031,3.1334332932381474e-05,52,0.0352318762597873,0.044727802,-0.00949592601682403
2024-02-08,412755.94128593185,0.05148792878912082,4.2840067599735607e-05,51,0.06432111466463308,0.04069531,0.023625805025656033
2024-02-19,419353.0831647647,0.093594095753611,6.581511795685779e-05,50,0.009183062830705246,0.0073081255,0.001874937334794602
2024-02-20,425610.6926952093,0.08685060765805505,6.392797421842555e-05,50,0.009894526636200163,0.0032646656,0.006629861032562467
2024-02-21,427865.9385763629,0.06960027179876302,5.5035904679383846e-05,50,0.008275362083061788,0.0054439306,0.0028314314571462607
2024-02-22,438992.6024626829,0.04894822866101037,4.567666943274609e-05,49,0.02518542200836915,0.015383959,0.009801463191840831
2024-02-23,447794.66055910866,0.07718134113226088,5.69223182750067e-05,49,0.02590736470711208,0.01439178,0.011515584807514911
2024-02-26,450300.9867858815,0.0654668080021039,5.501951678802085e-05,49,0.009720673237685884,0.0056892633,0.004031409893874849
2024-02-27,462244.5876404741,0.05735799269494118,5.5264513201015665e-05,50,0.02912087612053993,0.026378512,0.002742363738032605
2024-02-28,437100.1200663557,0.046402115360361595,4.2777101214903985e-05,52,-0.06135277174389214,-0.04486072,-0.016492051109431694
2024-02-29,453381.3635246703,0.04513875574616571,4.1709411898249764e-05,50,0.041191147678271034,0.03737545,0.00381569754399369
2024-03-01,460780.06055052514,0.08710497160318838,6.328489535601157e-05,50,0.016346049934787277,0.01072669,0.005619359642428878
2024-03-04,465177.1150962846,0.07113315476822027,5.6439874012807975e-05,50,0.004239977269561546,0.004887104,-0.0006471267648622825
2024-03-05,459520.45667029195,0.09112804381488834,6.900805049273766e-05,50,-0.01663701666823264,-0.009802282,-0.006834734811695775
2024-03-06,459701.77497125725,0.0930396572192114,6.932106948829448e-05,50,0.0014414796541498687,0.0011776686,0.0002638110826777007
2024-03-07,455126.7306435595,0.05836542291517758,4.585463234002012e-05,50,-0.01503822972515978,-0.0145276785,-0.000510551235474721
2024-03-08,461338.50731000677,0.07288796685089216,6.039326528147487e-05,51,0.011068167073146284,0.012650609,-0.0015824419432721726
2024-03-11,468867.76267608453,0.06541136025175816,4.8677176776621656e-05,51,0.02504666277301526,0.017928004,0.007118658508183717
2024-03-12,472702.44345332636,0.0515292254436828,4.0597465857059733e-05,51,0.013214214078130615,0.0054347515,0.007779462567510498
2024-03-13,473707.3044150438,0.03760610126391024,3.435998264473132e-05,51,0.0030020084154596116,0.0046248436,-0.0016228351819524978
2024-03-14,472742.3956764175,0.048005137600584113,3.7711121523956864e-05,51,-0.006276823506867202,-0.00636214,8.531667181321811e-05
2024-03-15,477735.081027112,0.07320291105204436,5.6853051381715905e-05,50,0.008475843724111254,0.012574196,-0.004098352137705152
2024-03-18,486566.76437679585,0.06728497128660357,4.839677504940581e-05,51,0.017475420287662247,0.016626358,0.0008490622554356841
2024-03-19,482095.72585779015,0.025189530521233437,2.5504636920932006e-05,52,-0.006774666563567677,-0.007175982,0.00040131543487592625
2024-03-20,489020.34500553465,0.04059382696672832,3.486187387469003e-05,51,0.010904826126214351,0.00921452,0.0016903056718076126
2024-03-21,490867.0492892861,0.06322220644314423,4.912756860101353e-05,51,-0.00118275845527821,-0.00015372038,-0.0010290380764024776
2024-03-22,484444.4688170997,0.05796652876055819,4.81925752397606e-05,49,-0.015961645065051433,-0.011028111,-0.004933534084063884
2024-03-25,474309.3633821906,0.0832065725111678,5.685610886177062e-05,50,-0.025377638256763035,-0.0231992,-0.002178437626575047
2024-03-26,471390.04660351045,0.07659520024285581,6.01472908130388e-05,49,-0.004381916674532305,-0.0033497214,-0.0010321952428001269
2024-03-27,460065.4123835232,0.05727920183421324,4.4325272774819164e-05,48,-0.02831832969882342,-0.03332019,0.005001858823515448
2024-03-28,467446.7600022312,0.1017129515539394,7.657093151430136e-05,49,0.017989027505869726,0.022029042,-0.004040014738087794
2024-03-29,472198.9151414342,0.0631550803923799,4.9701376785277746e-05,49,0.011384695764554698,0.010965586,0.0004191100559365335
2024-04-01,481278.0314303834,0.07060246911289839,5.926666094985422e-05,50,0.022707804400115217,0.02164936,0.0010584437433769356
2024-04-02,480768.03767454927,0.07609572833424191,5.8420587259076396e-05,50,0.0007853879375386286,-0.005038619,0.0058240069789815
2024-04-03,478797.7492641759,0.10649762438287434,7.932950485681878e-05,50,-0.004528545883566326,-0.0054455996,0.0009170536724029121
2024-04-08,467046.26868646254,0.09996069473156723,7.609117338489149e-05,50,-0.02614934728892554,-0.018364191,-0.007785156233627688
2024-04-09,472418.18997241056,0.08043930620137613,5.797856478482404e-05,50,0.018975371395134943,0.012777925,0.006197446857476252
2024-04-10,464169.70307804545,0.07662013008832044,5.537158119097015e-05,50,-0.019625607731979633,-0.01862526,-0.0010003483325655704
2024-04-11,467427.69841878867,0.05964178067429095,5.307795763367653e-05,51,0.0011061114590806276,0.002398014,-0.001291902609522888
2024-04-12,464393.95602529176,0.07281556968362576,5.890080782465626e-05,50,-0.008230042707020935,-0.007648766,-0.0005812766662189328
2024-04-15,454944.1007693125,0.06858793421133713,5.439743538700081e-05,50,-0.022756070021524355,-0.009601474,-0.01315459621323578
2024-04-16,434916.2110999319,0.07145362862983574,5.017957834561957e-05,50,-0.04615153940651068,-0.041768253,-0.00438328655693182
2024-04-17,454941.60632584064,0.08850240770574852,7.003637628339664e-05,50,0.04676156418217725,0.043578982,0.0031825818289668018
2024-04-18,454234.00890606735,0.10624417279236492,7.526089931937626e-05,50,0.001175035562982485,-0.00014001131,0.0013150468735598775
2024-04-19,449742.3198656242,0.08975490718162903,6.945623863984617e-05,50,-0.011890609684154285,-0.004223764,-0.007666845741435779
2024-04-22,448171.6281425174,0.09339096425736268,6.772067876827811e-05,50,0.0027753550963667273,-0.0034781098,0.006253464932945096
2024-04-23,448846.18330591323,0.06082969178644889,4.972657044657921e-05,50,0.006643931109042267,-0.0052706003,0.011914531427950958
2024-04-24,456908.03913213516,0.08055444283182572,6.219279086153903e-05,50,0.016540964131500413,0.016706109,-0.00016514491543562215
2024-04-25,455458.0357909095,0.09514573977073132,7.04992227718954e-05,50,-0.0003253575908553352,0.0015794039,-0.001904761468113636
2024-04-26,462729.1126392474,0.07564024387633199,5.9157171854125273e-05,50,0.020551157089511718,0.019185185,0.001365971657077636
2024-04-29,474308.9762906987,0.05513770917528603,4.858819664331086e-05,50,0.03075591849809456,0.023872137,0.00688378142839241
2024-04-30,469200.8134966487,0.05980431258997239,5.0186008806729905e-05,51,-0.01189669713889524,-0.008619964,-0.0032767330161230235
2024-05-06,475934.35665936704,0.06992659277732087,5.7290885102222467e-05,50,0.016309660982234186,0.01990199,-0.003592329908268743
2024-05-07,482586.0456414364,0.05683369928468393,4.603367558886086e-05,51,0.01129053016750503,0.003299594,0.007990936242028956
2024-05-08,474479.734442394,0.04772466941666116,4.0947128565346865e-05,51,-0.014925350560368145,-0.015764296,0.0008389454944719432
2024-05-09,482003.9844226385,0.05748380250673329,4.7084365846035844e-05,50,0.014598072110896365,0.016286016,-0.001687943399662717
2024-05-10,474587.3398941721,0.09188449539668633,6.235358407361448e-05,51,-0.019424643178395817,-0.009348094,-0.010076548715047429
2024-05-13,470472.4610119185,0.0593607852157472,4.449261600424907e-05,51,-0.01503974848632117,-0.009585202,-0.005454546746056277
2024-05-14,475090.3844337391,0.030865646715951652,2.8010108322762843e-05,51,0.008700502922597608,0.005593419,0.0031070838475854012
2024-05-15,473337.8643314884,0.06968262116382701,5.143499651375966e-05,51,-0.006439830811824032,-0.009807885,0.00336805388132172
2024-05-16,475272.9034614029,0.07111962347570074,5.303701986624243e-05,51,0.003280898807205168,-0.0015062094,0.004787108180679289
2024-05-17,482928.0249320282,0.0491327952480361,4.47421893330564e-05,50,0.016728326878761135,0.013532639,0.0031956883289564475
2024-05-20,486661.6940341044,0.06163401580851495,4.453611859677897e-05,50,0.006491142264411609,0.0060306787,0.00046046351532713636
2024-05-21,482080.6850206954,0.07598173079256745,5.504660826028594e-05,51,-0.011517086577789437,-0.010727584,-0.0007895022157594078
2024-05-22,484903.83624235255,0.039091343574000494,3.1619456945956384e-05,51,0.012137814852345663,0.0005273819,0.011610432955373007
2024-05-23,475229.77890320215,0.0444953275861797,3.386902603316479e-05,51,-0.0192694448914843,-0.022896707,0.003627262166468581
2024-05-24,470405.08637619944,0.039553482210480724,3.436696413117303e-05,52,-0.015164913085675413,-0.011585474,-0.0035794390713931867
2024-05-27,471523.3579704307,0.06311102630575173,4.685901231354203e-05,51,0.005190965116448232,0.01018858,-0.00499761444287794
2024-05-28,465239.2418619624,0.055290476176346776,4.042220573989215e-05,52,-0.008853052416318896,-0.010470688,0.0016176359267291995
2024-05-29,463370.13221695216,0.04070893388420727,3.310150581522952e-05,52,-0.0012433350025226608,0.0006021261,-0.001845461124043657
2024-05-30,460529.9524548083,0.04442454621876236,3.3594393983442466e-05,52,-0.0007065229986955024,-0.0031674504,0.002460927429313531
2024-05-31,462193.4263246609,0.042953567614445534,3.3149917412700675e-05,51,0.0069710484742085965,0.00391984,0.0030512086151998075
2024-06-03,451872.305515641,0.04450338199016547,3.740483355268681e-05,51,-0.019455260973680666,-0.013181508,-0.0062737533862478045
2024-06-04,449808.52575770783,0.05612324123187212,4.15503009940395e-05,51,-0.007829731798370487,0.005504608,-0.013334339952667362
2024-06-05,443835.7811962462,0.050949393028509794,4.52593036220845e-05,51,-0.012050140797252473,-0.013101935,0.0010517945894052416
2024-06-06,431733.98634384724,0.033034854723666296,3.207829531843461e-05,51,-0.0341749771134236,-0.021590054,-0.012584923078236832
2024-06-07,437641.4802472431,0.036612360985021776,3.3295668053636355e-05,51,0.01438260179123596,0.004428029,0.009954572730872191
2024-06-11,439103.6298281376,0.05675842573326464,3.9739172145108356e-05,51,0.013192401048377489,0.008795857,0.004396543618873094
2024-06-12,444119.2372514506,0.040917865367978146,3.0476502111982944e-05,51,0.012660562686654941,0.003373742,0.009286820583078281
2024-06-13,440260.0712599437,0.04672502382750033,3.499301897890204e-05,51,-0.0012994523023699966,-0.0069434643,0.005644011976804808
2024-06-14,442611.7684296848,0.04519586138141808,3.334532126500975e-05,51,0.0006633116496377878,7.915497e-05,0.000584156681376069
2024-06-17,440618.4600177248,0.03722187385461665,2.7448801387129537e-05,51,-0.0015775695884715502,0.00064086914,-0.00221843872909655
2024-06-18,445367.9485644585,0.0457643514558439,3.499829900925631e-05,51,0.007498103912249365,0.008348823,-0.0008507186814395995
2024-06-19,442862.2907873173,0.03130322473511971,2.3325950957780455e-05,51,-0.009939158112774071,-0.012867153,0.00292799457811338
2024-06-20,434189.332788655,0.044612118408709794,3.415549056455407e-05,51,-0.017900153566833166,-0.020126045,0.0022258911833804573
2024-06-21,432829.11077697447,0.043207783161255175,4.1262138514849966e-05,51,-0.003923846785970464,-0.00016009808,-0.0037637487101037648
2024-06-24,419357.1122118706,0.06615408532549928,5.054261937677134e-05,51,-0.03824949253866017,-0.033143282,-0.00510621060201466
2024-06-25,416319.2046669634,0.07056301489854705,5.276253973525012e-05,51,-0.007371859116104218,-0.008218408,0.0008465485148161922
2024-06-26,429417.88451703073,0.05055471603912896,4.110887256141894e-05,51,0.03166746459733483,0.028626442,0.0030410226417684205
2024-06-27,421880.9053741913,0.03916360936594346,3.2996356746338424e-05,51,-0.021991117947248562,-0.024524748,0.0025336303780993386
2024-06-28,424087.3812874611,0.04163149425400884,3.627169870073595e-05,50,0.0010068628026448923,0.006558299,-0.005551436261991338
2024-07-01,429358.8656362185,0.09293439001751003,6.90506010682623e-05,50,0.009047780849004816,0.009040117,7.663585210870849e-06
2024-07-02,428300.8064579285,0.07007820240414292,5.481164139692449e-05,49,-0.005708197096880807,-0.0070037246,0.0012955274781619175
2024-07-03,426352.68683907035,0.08181994816984173,6.293882150495831e-05,49,-0.003710372805467932,-0.007852197,0.004141823887952478
2024-07-04,415195.3401030421,0.042743414048083184,3.939974262766649e-05,49,-0.02793255498848618,-0.02162677,-0.006305784492117772
2024-07-05,419263.08648674906,0.07175658280817832,6.573819510607024e-05,50,0.011218498247933195,0.010273218,0.0009452800930259686
2024-07-08,410911.3130027021,0.05657552672520745,4.464439186853591e-05,50,-0.0228831892024855,-0.024284959,0.001401769636931005
2024-07-09,416953.6257948336,0.05728869044501367,4.899218225457063e-05,49,0.011659634499623595,0.02196443,-0.010304796309397402
2024-07-10,413306.7651736037,0.06633329407344185,5.1714175507407666e-05,49,-0.004517466814677962,-0.004039943,-0.00047752359644676057
2024-07-11,424056.82125104684,0.12034517287336906,8.634917588912677e-05,49,0.03152613918740499,0.02426076,0.007265379833767294
2024-07-12,422347.7180230592,0.0746060981924142,5.94013735807627e-05,49,-0.0029199404640581905,-0.003181696,0.00026175547405216104
2024-07-15,417723.5250993028,0.06418325318713233,5.179710480264397e-05,48,-0.013001324243463896,-0.01033622,-0.002665103979029082
2024-07-16,417869.1013031794,0.07651222649030251,6.75325954002037e-05,48,0.0002486610896927921,0.0018892288,-0.0016405677311079891
2024-07-17,414978.2593423544,0.09307886518254949,7.253189259765318e-05,48,0.00042940665165625,-0.008497477,0.008926883229415039
2024-07-18,413606.81191841076,0.09991734259321697,7.006438998590807e-05,49,0.0024656058393224267,0.00350523,-0.0010396241106287452
2024-07-19,418010.8857521608,0.08035856089269965,6.257971151424826e-05,48,0.012179550558948704,0.0018680096,0.010311540991687962
2024-07-22,421682.7538454209,0.06716432048273971,4.8204923276142525e-05,48,0.009049760402300988,0.0011303425,0.00791941791878048
2024-07-23,411199.8401382393,0.07420221900501084,5.868527371205416e-05,49,-0.02846134628095237,-0.027330399,-0.0011309477213820585
2024-07-24,403723.4795572774,0.08549382125501731,7.577099636754906e-05,50,-0.0207047195738142,-0.0136188865,-0.007085833103019523
2024-07-25,405519.224381566,0.07751052932778332,6.725686260445615e-05,49,0.0070478795138312345,0.00033688545,0.006710994061560727
2024-07-26,411915.27589666867,0.10334100955673585,7.628755573620369e-05,50,0.017385993922965026,0.015004635,0.002381359065787292
2024-07-29,409168.93338413443,0.07592932271547888,5.8403306130238756e-05,50,-0.00945003370378511,-0.003494203,-0.0059558306131173855
2024-07-30,412247.02079519356,0.07381700192434998,6.14324992614604e-05,49,0.004984367195356887,0.0035939217,0.0013904455339799338
2024-07-31,428574.96569098363,0.08964448280638804,7.143210727760638e-05,50,0.046863053635235574,0.03967893,0.007184122398968484
2024-08-01,426049.55155188555,0.0877591323803591,6.85481958153538e-05,50,-0.004619650536162645,-0.0022069216,-0.0024127289587090317
2024-08-02,421578.102234183,0.073843923000977,6.142666338927397e-05,50,-0.014206802251384931,-0.014021277,-0.0001855248237115914
2024-08-05,412935.59016953467,0.06791323288076248,5.7247355796084085e-05,50,-0.022643375826321088,-0.027258456,0.004615079927005328
2024-08-06,419237.95458497736,0.0489220444265365,4.2001598520005855e-05,49,0.01801288036282711,0.015211225,0.0028016558068578723
2024-08-07,417088.7939715654,0.0681627835214134,5.277690716894186e-05,49,-0.0043406784358203665,-0.0013768077,-0.0029638707461536185
2024-08-08,416532.1011897789,0.09463346726565966,7.390648835932712e-05,49,-0.00022436994487162742,-0.0008264184,0.0006020484549391636
2024-08-09,411099.5016189917,0.06943519621341462,4.9985007332362e-05,50,-0.012385868678620349,-0.007751882,-0.004633986602356921
2024-08-12,407055.12858830666,0.07514384657548603,5.956952119969157e-05,50,-0.008354279881172544,-0.0060922503,-0.0022620295340350927
2024-08-13,407911.5274218943,0.0727655348836272,5.9974759026843506e-05,50,0.0038868675678631615,0.005025625,-0.0011387576610186745
2024-08-14,402335.5724565433,0.07828394979413941,6.193461921826754e-05,50,-0.014737068254224828,-0.010284007,-0.004453061658613255
2024-08-15,405609.9934711519,0.08510394851619373,6.539015986410234e-05,50,0.008570854259958516,0.009156346,-0.0005854920611474412
2024-08-16,401402.4184934965,0.056223293774991495,5.331589910574977e-05,50,-0.010481973380046916,-0.007715583,-0.0027663905324517013
2024-08-19,399734.51215759723,0.061880894812358325,5.187455118657056e-05,49,-0.0048568697923955795,0.0017098188,-0.006566688632422435
2024-08-20,390708.780476978,0.08854509617612996,6.497777143509947e-05,49,-0.023723772031703116,-0.018078327,-0.005645444852748038
2024-08-21,389075.9048007609,0.05402357446294102,5.212493296132757e-05,49,-0.002403047743170794,-0.0067783,0.004375252065331403
2024-08-22,387373.80615890434,0.06175546259083599,4.487616737643955e-05,49,-0.009567193256604989,-0.01240474,0.002837546600114982
2024-08-23,384368.83205477765,0.05948022865813141,5.520954845270397e-05,49,-0.004830364959715283,0.0007791519,-0.005609516876219189
2024-08-26,387589.472326761,0.06694690217425137,5.6046956874570185e-05,49,0.007215884796931693,0.0039041042,0.003311780564143607
2024-08-27,383103.64675285725,0.08186212379165,6.140923016924428e-05,48,-0.012601296817663421,-0.011790693,-0.0008106040114195245
2024-08-28,382508.0698225078,0.08173984797711739,7.424578567480688e-05,50,0.0037377329074811394,0.0024373531,0.001300379773325866
2024-08-29,386377.30064410385,0.11256694922450573,8.201469989002109e-05,50,0.016785942019201028,0.016085267,0.0007006749522454614
2024-08-30,393873.5695573116,0.06868401726229292,5.612798476177272e-05,49,0.020161672359086835,0.019121766,0.0010399062686937688
2024-09-02,381051.3523519585,0.09182284748098414,7.237696978543162e-05,50,-0.03346074655059672,-0.02091235,-0.012548397326506144
2024-09-03,385384.5546060516,0.05593551729337038,4.02884009970328e-05,50,0.012439419647952477,0.008800864,0.0036385554282869492
2024-09-04,383304.6006147182,0.058157699580296984,5.118225895642832e-05,48,-0.002061962209944701,-0.0047305226,0.002668560422654176
2024-09-05,387855.84217683243,0.08868269868621761,7.686515629784727e-05,50,0.00937066133866249,0.007912993,0.0014576679075711807
2024-09-06,379602.3309699195,0.07318086160389355,6.023886061873633e-05,48,-0.023501449378651174,-0.017125368,-0.006376081260365041
2024-09-09,377483.9604056238,0.09224824555205818,7.233371139959849e-05,49,-0.005786182105776416,-0.0072534084,0.0014672263262304197
2024-09-10,377444.0342175395,0.08509186263628862,6.497786166628326e-05,49,0.0015359884031735382,0.0026923418,-0.0011563534013308563
2024-09-11,380427.49159652874,0.06451459962031518,5.9749691899677905e-05,52,0.006753320279631159,-0.00034976006,0.007103080335173151
2024-09-12,379030.88488281926,0.0400795208726916,3.4829625298318334e-05,51,-0.0048612425120682645,-0.0038498044,-0.0010114381106705594
2024-09-13,372607.3852473946,0.06901328570409943,5.9360377982727136e-05,50,-0.018356892939460745,-0.012430787,-0.0059261058529739286
2024-09-18,370303.6513452603,0.08313495096814887,6.580202959407184e-05,49,-0.0066530073347272345,-0.0031858683,-0.0034671390714826056
2024-09-19,378769.41202529153,0.0782662575053848,5.6358324402790185e-05,51,0.021696981617875144,0.018899202,0.002797779271073386
2024-09-20,378089.8976294267,0.05107535363244284,4.6127533156728036e-05,49,-0.00787310876031061,-0.0042188764,-0.003654232398463686
2024-09-23,381019.24378888786,0.06532726993347183,5.979767494914447e-05,48,0.005561053640421032,0.0012927055,0.00426834810453236
2024-09-24,396054.4762380518,0.07304363716309054,6.220013698600385e-05,49,0.043372791060536264,0.03880632,0.004566471823780893
2024-09-25,399074.1234693848,0.056256582608504024,4.3858448319152024e-05,48,0.00875409972059693,0.009412885,-0.0006587849916223076
2024-09-26,412377.1511164691,0.10399878362907469,7.684990786865793e-05,49,0.0381995976586329,0.040089488,-0.0018898903708470804
2024-09-27,438349.9132571723,0.09024699128389391,7.632272056003233e-05,50,0.06417549209227813,0.053816795,0.010358696743157036
2024-09-30,491175.6188326778,0.060434173132893565,4.909811690372736e-05,48,0.12198725809467337,0.1114372,0.010550056594734403
2024-10-08,533616.1299220973,0.03402775403855715,2.3915614156343376e-05,48,0.0938986724104851,0.08638549,0.007513183900353271
2024-10-09,491440.88039695105,0.046768076765096665,3.256145865172303e-05,49,-0.07526958814669882,-0.07652539,0.0012558020014640237
2024-10-10,482303.1440988913,0.08858807139066052,6.610089459255355e-05,49,-0.01849163563293099,-0.012719631,-0.005772004437862632
2024-10-11,458184.0798652942,0.09059399793817915,7.290601404018123e-05,50,-0.05160337360048012,-0.042049468,-0.009553906036850968
2024-10-14,474710.2237439416,0.08257224093516982,6.446845897463474e-05,50,0.03398302305074408,0.0367378,-0.002754776593726138
2024-10-15,465239.6369117401,0.08090425744647808,5.8588006481987326e-05,50,-0.022990676146906364,-0.019334853,-0.0036558234514412757
2024-10-16,465824.5045106477,0.03288915898837077,3.097351943109939e-05,49,-0.0013947357805217941,0.0030995607,-0.004494296518131657
2024-10-17,467329.9215729215,0.09837463358772405,7.140148180740048e-05,50,-0.0017932614252375023,-0.0033741593,0.0015808979108525856
2024-10-18,488135.7922249793,0.06897368475178028,5.4598546613350186e-05,50,0.04664584625731116,0.044285774,0.002360072026354132
2024-10-21,494172.72105117346,0.07359640511763829,5.667512476047183e-05,48,0.01685823896143901,0.01933062,-0.002472381804247026
2024-10-22,500912.32056269643,0.06556727911912484,5.290823089042584e-05,47,0.011363043066557332,0.004818678,0.006544365164335653
2024-10-23,500262.0380526348,0.08775396723941442,6.182913190369457e-05,48,0.005139219838761477,0.0025081635,0.00263105638661304
2024-10-24,497561.1848913665,0.08021597912432443,5.880189205192947e-05,49,-0.006664528669193315,-0.007105887,0.00044135826699442937
2024-10-25,509731.1325844948,0.04058468905089462,3.911191117919602e-05,50,0.026839769100593713,0.019325733,0.00751403591577926
2024-10-28,521114.68448192003,0.04139820380608385,3.553675211581171e-05,48,0.022468967123158712,0.017938375,0.004530591650136251
2024-10-29,517615.9021192308,0.03794806537590939,3.8707438353259975e-05,46,-0.014883191870478651,-0.016153991,0.0012707993519029404
2024-10-30,521763.37863487203,0.0825815885299866,5.9915092915076754e-05,46,0.001466442704514681,0.0059343576,-0.00446791493861276
2024-10-31,526526.7695277834,0.0969271490891335,7.260872111793746e-05,45,0.007219800102566065,0.01616621,-0.008946410071994482
2024-11-01,515867.3250003386,0.062136413583457305,4.161472282921334e-05,47,-0.022264737725244677,-0.030479014,0.008214276194585646
2024-11-04,521054.3898600539,0.08490559089123728,6.163313530247109e-05,49,0.015280387255684702,0.020720959,-0.005440571454032095
2024-11-05,537427.4922951191,0.047574226070964745,4.440490648768618e-05,47,0.034673023297061345,0.035259485,-0.0005864619476896316
2024-11-06,538101.740216552,0.048360224326541884,4.127586434033852e-05,47,-0.000994622982446014,0.0042527914,-0.005247414387170135
2024-11-07,543902.0710578293,0.0688320002902614,4.8904240097682585e-05,48,0.015037950357999486,0.017595172,-0.002557221570406276
2024-11-08,544320.9164169749,0.12146766112448332,8.048366791100218e-05,49,0.006527416927970098,0.0029982328,0.0035291840864783985
2024-11-11,555704.8796883018,0.04952427109668814,4.9524271096688144e-05,47,0.026591245129128804,0.024270177,0.0023210682416165973
2024-11-12,551573.4453914344,0.10754849774199002,6.942594748370606e-05,49,-0.011406446399083836,-0.013229966,0.0018235197645514178
2024-11-13,553272.2554211206,0.10983135160578095,8.36005025931946e-05,49,0.0002108977811170476,-0.0027079582,0.0029188560025525945
2024-11-14,534419.9891377547,0.09520336603482615,6.958395694890905e-05,49,-0.030321013149915033,-0.031230748,0.0009097345498225162
2024-11-15,527692.1123781828,0.07210566459294121,6.0594391000394066e-05,51,-0.014428749413994302,-0.023385704,0.008956954149695884
2024-11-18,515427.7650385597,0.028164220100808376,2.411555842743506e-05,51,-0.021339350492240727,-0.024642885,0.0033035342390519973
2024-11-19,524264.10326042527,0.05570580872705477,4.671870382175566e-05,51,0.023516525176955017,0.0260638,-0.002547274681138245
2024-11-20,535630.0869275066,0.07155197885792303,5.749843449096751e-05,50,0.02005763118750792,0.019659758,0.0003978735733721761
2024-11-21,533849.319404318,0.09724256153277164,7.338624999835944e-05,50,-0.0011228818349368619,0.0018173456,-0.002940227454138522
2024-11-22,515195.5404004789,0.08681233899027319,6.919591934528365e-05,48,-0.03720784758719886,-0.036995232,-0.00021261548194373425
2024-11-25,518679.99282125116,0.08735212261296095,6.464614473985608e-05,48,0.00998180783203051,0.003588438,0.006393369797972892
2024-11-26,516379.14522011264,0.09427747996933558,6.15636738047013e-05,50,-0.006356668054680936,-0.011658728,0.005302060068030245
2024-11-27,523806.3292028721,0.07367844264754805,5.995502958048602e-05,49,0.016035589429020614,0.02291882,-0.006883230952143937
2024-11-28,521138.02560509223,0.10614272950515387,7.485181452286286e-05,50,-0.005190817430401451,-0.005323112,0.0001322945805543596
2024-11-29,531077.2643938002,0.08835133195884812,6.843796761648732e-05,49,0.017919507433081017,0.01693046,0.0009890465032104112
2024-12-02,541304.6497738713,0.08874717042488886,6.588431780051924e-05,49,0.018836626532577116,0.020112634,-0.0012760071725620437
2024-12-03,539605.7023039057,0.09795895145640873,7.344622853671176e-05,49,-0.0015942615344026745,-0.0016360879,4.182636003702278e-05
2024-12-04,530123.5109714936,0.1067550427473237,7.98971044742305e-05,49,-0.015770333125088576,-0.015601456,-0.00016887695977485517
2024-12-05,536752.0172867064,0.12001816861550488,8.902583432064099e-05,50,0.011235856792483179,0.012999415,-0.0017635586051608643
2024-12-06,542753.6439258624,0.08277053441656781,6.38930552104424e-05,49,0.011875953997542488,0.0101851225,0.0016908315076132885
2024-12-09,542006.6468542953,0.07705098577657733,5.8157972628092526e-05,49,-0.003569072905838244,-0.0072996616,0.003730588730514295
2024-12-10,546070.2478236412,0.08877270407052856,6.980110086866529e-05,48,0.009795716438690705,0.009320617,0.00047509971658377115
2024-12-11,554142.041977684,0.10719525764465976,7.615857345686671e-05,50,0.013567683675544062,0.013415575,0.00015210864807824187
2024-12-12,555932.9026764618,0.09787880450306109,7.388296951720685e-05,50,0.0015469328186313858,0.006635189,-0.005088256237765099
2024-12-13,546007.3011546107,0.06808707419559282,5.2372480280750425e-05,51,-0.021962898613032522,-0.020825386,-0.0011375125656692409
2024-12-16,538003.2927075963,0.07931349733324625,6.352407833449931e-05,50,-0.014644916229523519,-0.012190461,-0.0024544550707710777
2024-12-17,527980.5657832106,0.07550945683984175,5.298740383018213e-05,51,-0.016478342071739704,-0.021279097,0.00480075453165385
2024-12-18,531002.4785370573,0.06411677539610475,5.088816315340952e-05,50,0.002503048055359336,0.008452296,-0.005949248201659707
2024-12-19,529985.847087776,0.07634540098671234,5.716974658931597e-05,50,-0.002317974546836521,0.0018270016,-0.004144976118491794
2024-12-20,531318.3602941533,0.09261625545046295,6.674904064728158e-05,50,0.007520034923481411,0.010400772,-0.0028807371712451513
2024-12-23,513895.95358919713,0.06292685749251542,4.958318842993858e-05,49,-0.03143278529944943,-0.02796191,-0.003470875528483852
2024-12-24,519145.094053852,0.06518090762793419,4.7961806278772856e-05,51,0.010910240205069144,0.011150956,-0.00024071594880048508
2024-12-25,515946.1225213904,0.05835477328295886,4.713385316376747e-05,50,-0.008540821951198263,-0.0113021135,0.0027612915818217565
2024-12-26,519683.4629205247,0.1132741802494302,8.396538982587369e-05,50,0.008228864908729538,0.010789752,-0.0025608870978012233
2024-12-27,521148.9581202921,0.06953604960846646,5.188310760839629e-05,51,0.00019349757302689063,0.0018050671,-0.001611569489351039
2024-12-30,517737.98759758,0.06309298481863813,4.9025408611037285e-05,51,-0.005414356266529141,-0.0041545033,-0.0012598529210396392
2024-12-31,503793.00525305804,0.061325904073924145,4.84883408639461e-05,51,-0.025218218070900134,-0.030623496,0.005405277507865736
2025-01-02,496120.00308506226,0.05611592571031926,4.174520888498779e-05,51,-0.020217020528800644,-0.026961625,0.006744604093544326
2025-01-03,480461.89222856006,0.06550899457357931,5.3589873498435365e-05,50,-0.024530537149439646,-0.029649377,0.005118839719762014
2025-01-06,478308.39406734245,0.06998409137062953,5.0841289007595806e-05,51,-0.006108056926943217,-0.003054142,-0.0030539149286522016
2025-01-07,482570.7340795202,0.051831357705371936,3.824695824806247e-05,51,0.008574247362168497,0.014980316,-0.006406068799940878
2025-01-08,483168.87377090275,0.0573499955345033,4.675407526602722e-05,51,-0.0046427798734482995,-0.005316198,0.0006734179987135658
2025-01-09,486795.50045628217,0.048075453466853456,3.617385648935622e-05,51,0.006049913372005444,0.001942873,0.0041070403709068115
2025-01-10,471808.65012498904,0.04980349450110453,3.905683457616317e-05,51,-0.027292310673962317,-0.022539198,-0.004753112275372229
2025-01-13,472926.4937687397,0.05535191886856788,4.694733416172914e-05,51,0.009713720034414619,0.0026240349,0.007089685152822822
2025-01-14,496299.22106447356,0.04701173062293722,3.908783051463627e-05,51,0.04594066260849827,0.045252442,0.0006882202485739564
2025-01-15,494063.6504985006,0.0671693308972749,5.043828332509251e-05,51,-0.007801377869215365,-0.006105602,-0.001695776081648226
2025-01-16,496317.8485089072,0.06577665620394665,5.0085198930374905e-05,51,0.0034629107357672106,0.0044566393,-0.0009937285540887464
2025-01-17,501316.78047145525,0.06911176669464142,5.161936127238634e-05,51,0.007620336518090576,0.006939769,0.0006805677268918453
2025-01-20,503691.76315145765,0.0429534323544095,3.2037854143387514e-05,51,0.004757688655616654,0.0064332485,-0.0016755598642808067
2025-01-21,500275.15773504437,0.06526646658319912,4.936759027370904e-05,51,-0.006422155329914858,0.004910469,-0.01133262438509064
2025-01-22,493415.34341975383,0.04885608596248583,3.8228226905030424e-05,50,-0.013091791072796566,-0.008848906,-0.004242885509442074
2025-01-23,490472.0057548001,0.05924252192007906,4.686297805539114e-05,51,-0.002715972628060559,-0.0045613647,0.0018453920226657594
2025-01-24,498892.53255482326,0.06101341158995818,4.773954813997643e-05,51,0.01972458061036131,0.018716693,0.0010078876858617969
2025-01-27,492220.6736381398,0.060309482587449,4.5952389951374464e-05,50,-0.01481216664898033,-0.015503228,0.0006910610617435475
2025-02-05,496931.5369019877,0.05391801466819278,4.450709570689361e-05,51,0.012613533365170349,0.006050229,0.006563304292599548
2025-02-06,510379.2356320319,0.051720018854535484,4.0104306362078495e-05,52,0.027718999766939145,0.027270555,0.00044844427072332493
2025-02-07,518934.6863745449,0.05514421285781425,4.368112242650573e-05,51,0.016567985195137136,0.015263557,0.0013044277610551047
2025-02-10,530201.8356918698,0.05954500303856759,5.042378600789487e-05,50,0.018431953353002073,0.012471318,0.005960635108067991
2025-02-11,528272.2205420807,0.07070691190020092,5.938955068746455e-05,48,-0.006983163588876851,-0.003281474,-0.003701689475412495
2025-02-12,536779.9412061835,0.048472862752012166,3.566660890085092e-05,48,0.014150605328496435,0.015256405,-0.0011057995482125493
2025-02-13,539724.1953440488,0.09259608131530978,6.179034113329218e-05,50,-0.0018662703798471014,-0.011474013,0.009607742948705145
2025-02-14,542631.4726052928,0.0970776194139828,7.249750145681209e-05,50,0.007696510237338305,0.005847931,0.0018485793291351804
2025-02-17,544626.0222694927,0.0717044389325562,5.3458658399059545e-05,49,0.0016859191419831832,0.0052393675,-0.0035534483430632036
2025-02-18,531599.5387492164,0.06499734890130165,5.7424056576546336e-05,51,-0.019855161242279595,-0.02219671,0.002341548867431098
2025-02-19,539723.9391463096,0.04312802030782423,3.475591540776374e-05,51,0.01579148219468629,0.023833752,-0.008042269483780506
2025-02-20,542586.512916916,0.07908044306824191,6.089060826348119e-05,51,0.00867391556640218,0.007295847,0.0013780686273152654
2025-02-21,550999.6043066096,0.07209208024767261,5.45878471807741e-05,51,0.015140641806094979,0.018126369,-0.002985726716549064
2025-02-24,550570.9199913776,0.04320413563222525,3.244057354402118e-05,51,0.0017655613134469617,0.0022933483,-0.000527786998930968
2025-02-25,546635.3678770629,0.04950707612866104,3.681705494897642e-05,51,-0.0026147723306667037,-0.0044229627,0.0018081903348911577
2025-02-26,557145.7237214581,0.05095377400975898,3.9759013512274575e-05,51,0.017027453392983394,0.013826609,0.0032008447351464797
2025-02-27,559166.330370728,0.04605246532404757,3.5972534853681954e-05,51,0.004174871035541039,-0.0038134456,0.007988316603625756
2025-02-28,545328.2604636016,0.06831696081658384,5.087868405433875e-05,51,-0.019429434983313565,-0.035250187,0.01582075193685245
2025-03-03,546121.4893298241,0.08231192039924523,6.529342135001652e-05,50,0.0021930133010489294,0.0005182028,0.0016748105193716833
2025-03-04,549768.4841793348,0.10113848416259108,7.609260653054594e-05,50,0.009639890621440772,0.013382912,-0.0037430210606881342
2025-03-05,555302.0285432142,0.07345558450472345,5.3492622172627975e-05,50,0.006556364691809091,0.0063875914,0.0001687733298095795
2025-03-06,567512.3719611546,0.06934473313030848,5.080331183200326e-05,50,0.01707351616588959,0.021369934,-0.004296417916141659
2025-03-07,567846.4555245719,0.05983389198652775,4.5798537390873294e-05,49,1.0590070961158382e-05,-0.004163742,0.004174332136390846
2025-03-10,572505.1843220177,0.07259950966008177,5.4206757415156245e-05,50,0.008201791769057554,0.0020297766,0.006172015195876401
2025-03-11,574803.6536478736,0.058116954559307106,4.354201072824895e-05,50,0.002887997440478407,0.0047171116,-0.001829114147046007
2025-03-12,576694.6307971572,0.058092590925970494,4.319168173278471e-05,50,0.00036175796617443634,0.0023261309,-0.001964372900829958
2025-03-13,570667.2710712492,0.050979590786411955,3.8544046864028014e-05,50,-0.008423225545469815,-0.015245974,0.006822748518403476
2025-03-14,583134.2183756558,0.054541764668022304,4.0885414548693115e-05,50,0.01784202239383681,0.01613152,0.00171050212253554
2025-03-17,584391.4646305047,0.05259662555747577,3.9592065335998726e-05,50,0.0038480607547406454,0.002800107,0.0010479537524823446
2025-03-18,583750.9915911453,0.07050702637210943,5.3041031857380594e-05,50,0.0014542563025470856,0.0033932924,-0.0019390361245159027
2025-03-19,579214.380596707,0.08295502020617182,6.235722181772539e-05,50,-0.005489701211547127,-0.00714612,0.0016564188598640062
2025-03-20,580085.3648284525,0.06829032395369293,5.244909182347277e-05,49,0.0015886954187188662,-0.0045120716,0.0061007670282159365
2025-03-21,569230.6574606976,0.09415811904730359,7.001778666666179e-05,49,-0.011875079053475734,-0.01980853,0.007933451754019383
2025-03-24,567319.5401622505,0.10142494170103122,7.691704730574009e-05,49,-0.0025600520056943687,-0.007067263,0.004507211120678922
2025-03-25,560350.7942017277,0.07084907395101951,5.801356170116352e-05,49,-0.0032864404982864137,-0.007795155,0.004508714550083948
2025-03-26,564846.0338953971,0.09309295172272788,6.886393433429053e-05,50,0.0049130558245629175,0.0038268566,0.0010861992114037378
2025-03-27,563343.4238054014,0.08219845865762382,6.10245781598954e-05,50,-0.00038741453371293755,-0.0009692311,0.0005818165949796894
2025-03-28,559081.717018378,0.08693211498685968,6.678533291608753e-05,50,-0.005322707182052799,-0.009551644,0.004228937143203548
2025-03-31,558849.0493663565,0.06481628231825462,5.3164329412166064e-05,48,-0.002199298480352496,-0.006647706,0.00444840755144682
2025-04-01,561700.4436484333,0.07448880617358536,5.4764114869410986e-05,49,0.00971535203011431,0.0052725077,0.0044428443625728065
2025-04-02,563712.7439963516,0.036853898105810634,3.285980397713375e-05,50,0.0033560074074548973,0.00283885,0.0005171573860925927
2025-04-03,553372.0709458676,0.034487380570829285,3.077217935134153e-05,51,-0.009246609556125884,-0.011786997,0.002540387762141938
2025-04-07,490462.73920971307,0.0402275540518567,2.8828174945625744e-05,50,-0.10256577487833451,-0.11394334,0.011377563515830524
2025-04-08,485968.0656493567,0.04490844536290863,3.536614682663405e-05,49,0.009668594181838852,0.006109476,0.003559118092361313
2025-04-09,494892.4540207486,0.08555962097185199,6.742759072196671e-05,50,0.01558993767034711,0.022117376,-0.006527438657167539
2025-04-10,508659.57881769683,0.059262459491958956,4.300125187052577e-05,51,0.02198904593469686,0.023399234,-0.001410187883357339
2025-04-11,515682.72896479303,0.072927817489406,5.481877974951448e-05,50,0.011282218405938349,0.013414979,-0.0021327605750797174
2025-04-14,523829.81056756515,0.08431735651835558,6.502143412647103e-05,50,0.011038507586185187,0.013022423,-0.001983915204342157
2025-04-15,522347.6761980186,0.08147891563849388,5.939374943000482e-05,50,-0.002357968100837715,-0.004125595,0.0017676269919357224
2025-04-16,511513.4199790653,0.06972446277581684,5.191078602036728e-05,50,-0.014689951800105239,0.0,-0.014689951800105239
2025-04-17,513088.60123353184,0.07130481989592415,5.410049905805648e-05,49,0.0025473845897888703,0.0,0.0025473845897888703
2025-04-18,512808.3077003248,0.09688251138216485,7.416882839294736e-05,49,-0.0022594812762842253,-0.001347661,-0.0009118202579126433
2025-04-21,524676.1350205479,0.07628835488321506,6.009397131314673e-05,49,0.01694547205198227,0.020740151,-0.003794679353352204
2025-04-22,522373.7758257439,0.0719741885491526,5.532277945595944e-05,50,-0.002046120614893454,-0.0005595088,-0.0014866118143868623
2025-04-23,528224.9639225164,0.07268641958096933,5.6313694550127495e-05,49,0.012394598265900503,0.0059285164,0.00646608187796105
2025-04-24,517467.8034391473,0.08192219939270295,6.1234500052104e-05,49,-0.013810486528903654,-0.010710955,-0.0030995318627659585
2025-04-25,520036.41366869415,0.0727705491329848,5.6164618999554996e-05,50,0.003787182433773184,0.0032125711,0.0005746112896691802
2025-04-28,511536.89784046845,0.04778365326802987,3.535633503209524e-05,50,-0.010745997143491226,-0.01051271,-0.00023328752587647994
2025-04-29,512654.14886862715,0.07107331910480227,5.5095136401948574e-05,50,0.0019862640838644863,0.0044784546,-0.0024921905059792637
2025-04-30,518742.7168839527,0.05731300669854547,4.568911184530859e-05,50,0.01101629401315507,0.007917523,0.003098770629060832
2025-05-06,535550.1937644655,0.04919573335528264,4.6714490247658184e-05,50,0.024337875129676,0.025680184,-0.0013423092346428467
2025-05-07,535565.0368683003,0.07018551296568268,5.323043380206621e-05,50,-0.0009818808430850368,0.0014042854,-0.00238616627399324
2025-05-08,543990.2551701651,0.05738068523604192,4.79221054587986e-05,50,0.01217797688529798,0.007623315,0.004554662027815071
2025-05-09,534527.5526875132,0.08334034072622912,6.473065328446245e-05,49,-0.010900605208672254,-0.012341499,0.0014408941199410275
2025-05-12,543058.4863636756,0.08589189686189218,6.126926781149791e-05,49,0.011730698762015712,0.014037967,-0.002307267966194737
2025-05-13,543654.8784895043,0.06510987324874853,5.342032380680956e-05,50,0.003164251384053518,-0.0026671886,0.005831440028462698
2025-05-14,544074.1376083344,0.07167103942593296,5.364610005874256e-05,49,0.0004413126882876206,0.0015217066,-0.001080393892828102
2025-05-15,536042.3955114052,0.06666279113596589,4.961173594677544e-05,49,-0.011266601210946914,-0.016773343,0.005506741875295762
2025-05-16,537205.728830842,0.056779571225079276,4.596270658997657e-05,49,0.0014331863835430614,0.0018292665,-0.0003960801646136769
2025-05-19,543273.6415896512,0.06861806696506886,5.7096857471885065e-05,49,0.009195305726110159,0.0044857264,0.004709579369603811
2025-05-20,545378.168233595,0.07677155592306653,5.6241263038926814e-05,49,0.00546249964397838,0.00831449,-0.0028519906743199597
2025-05-21,546554.7772447793,0.06720465324032698,5.026511902022276e-05,49,0.001733314625819271,-0.0022518635,0.003985178105433529
2025-05-22,541708.6488921213,0.08009204328690084,6.11804716820769e-05,48,-0.005640593451207432,-0.010775924,0.005135330277735439
2025-05-23,536799.040396815,0.08466492040430623,6.29297817950439e-05,49,-0.007268341161219272,-0.0125979185,0.00532957734921774
2025-05-26,539116.4290731701,0.09565468899046614,6.869439222172074e-05,50,0.0023476702321485465,0.0065295696,-0.004181899393705946
2025-05-27,536088.9991473833,0.062375330938102935,4.793562130049386e-05,49,-0.002689362259511996,-0.0033721924,0.0006828301233005041
2025-05-28,535646.9009091719,0.09789001356750737,7.262674546663052e-05,50,-0.0007041641911921248,-0.0039943457,0.0032901814737859025
2025-05-29,547229.7355740743,0.06616751817262047,5.384631909248385e-05,49,0.01976073851126814,0.017565489,0.0021952496959605217
2025-05-30,546467.8069393223,0.10311605816670562,7.610783212962715e-05,49,-0.0011463154332374548,-0.010348797,0.009202481411244967
2025-06-03,550920.6925216675,0.08407135367281526,6.324589973600904e-05,50,0.005481628942924588,0.0072146654,-0.0017330364699782441
2025-06-04,556276.2958299569,0.06054495370673029,4.4321863808192304e-05,50,0.010563133203592034,0.008752823,0.001810310327615472
2025-06-05,560258.544656565,0.043755459078593115,3.8018549461626555e-05,50,0.0036162133115972273,0.0071595907,-0.003543377409533144
2025-06-06,559079.95675913,0.08684015707000514,6.6391586104501e-05,49,-0.0017532964074160606,-0.0022976995,0.0005444030440304726
2025-06-09,563308.635696647,0.06655931549133653,5.022549053484431e-05,48,0.005900463500037589,0.010746241,-0.004845777115807137
2025-06-10,560752.5506921788,0.08803691265237601,6.266388426774246e-05,49,-0.005309353723087218,-0.009208977,0.003899623499355409
2025-06-11,564172.0092911707,0.06104663702054771,5.3786831382583616e-05,51,0.006661897985221765,0.004028201,0.002633696882011316
2025-06-12,564998.3830611513,0.05342732960734278,4.325030000851055e-05,50,0.000759854221361822,0.0009230375,-0.0001631833076298772
2025-06-13,555639.6374114961,0.053132509741007014,4.605050824398312e-05,49,-0.013600060783362955,-0.013922334,0.0003222729339832364
2025-06-16,558830.5374378607,0.10590395133337792,7.346840710480075e-05,49,0.003958145922620782,0.006788373,-0.0028302270708484567
2025-06-17,558219.0408757268,0.058452307536922585,4.541290479086816e-05,50,0.0006828144085400667,-0.0009743571,0.0016571715366833772
2025-06-18,558615.9600542019,0.058624489279232875,4.6208796353774416e-05,49,-0.0022793182986971527,-0.0009900331,-0.0012892851489779145
2025-06-19,553697.0640697206,0.08561588982981935,6.257747366655615e-05,49,-0.007339340025172281,-0.014207721,0.006868380731358481
2025-06-20,550135.9909594764,0.05779760980001731,4.950334122184528e-05,50,-0.0032345985526117116,-0.008040428,0.004805829609009382
2025-06-23,553692.7846820188,0.06650738391991964,5.242685918933906e-05,49,0.006452576267955812,0.013105869,-0.006653293025257079
2025-06-24,561109.103183589,0.09744144349060654,7.076191132966109e-05,50,0.013028031755687564,0.019158602,-0.006130570005176694
2025-06-25,566970.6316227802,0.054184508188794764,4.030672979695602e-05,50,0.009213939644175495,0.013154864,-0.003940924667042767
2025-06-26,567764.4227281308,0.07517910646216037,5.8068841069143924e-05,49,-0.0006156514295252435,-0.0045202374,0.0039045860163060553
2025-06-27,566749.3365442145,0.07417862800349148,5.7645405340623636e-05,48,0.0006014989363130052,0.004665613,-0.004064114238125471
2025-06-30,569535.4922201206,0.08215594022969369,5.896500640206024e-05,49,0.003966612024551286,0.012623906,-0.008657294111007796
2025-07-01,574104.6068331599,0.05551757785942803,4.378272554045342e-05,48,0.00544763011938465,0.0027673244,0.002680305671752814
2025-07-02,568160.7976290355,0.08550394240790216,6.568221310543297e-05,50,-0.004147275612103263,-0.010086596,0.005939320400012216
2025-07-03,571767.4415301167,0.09722761580306055,7.232605952911777e-05,50,0.00466202017281292,0.00525558,-0.0005935597756123734
2025-07-04,572174.658071592,0.07860675857163389,5.9011614919639684e-05,50,-0.0002730658364643035,-0.004799247,0.004526180951560599
2025-07-07,572212.074662504,0.07972442508008176,5.980879993344882e-05,50,0.0026356701387569847,0.0023667812,0.0002688889040157738
2025-07-08,575977.7692109836,0.07472866938342038,5.6726559896507465e-05,50,0.006404626798344637,0.012732506,-0.006327878999995207
2025-07-09,576904.7333487169,0.0744013269835028,5.517101428426808e-05,50,0.0030586727681897186,-0.002689004,0.005747676712586691
2025-07-10,578155.03013094,0.05958328466417202,4.862207912865809e-05,50,0.004230600102584803,0.0025193691,0.0017112309772185919
2025-07-11,579649.9118316765,0.05344733915985537,4.015944990313607e-05,49,0.0035273900670502734,0.008511543,-0.004984153206875508
2025-07-14,582144.9984745276,0.07676556227273111,5.865946732112243e-05,48,0.003602280366717503,0.0001872778,0.0034150025728332256
2025-07-15,579988.7046120606,0.07772686195719523,6.270724908520974e-05,50,-0.006664139727820206,-0.0030143857,-0.0036497540275943763
2025-07-16,579577.588686228,0.051808851220507726,3.866124867929061e-05,49,0.0017367054020893669,0.0029847622,-0.001248056789683094
2025-07-17,583253.9771070335,0.06710359492046294,5.6412519092703434e-05,50,0.0036660095606551035,0.011391163,-0.00772515331165935
2025-07-18,584675.0444820112,0.06420310425707225,5.151284420227679e-05,50,0.003395276547877968,0.0025092363,0.0008860402121235733
2025-07-21,591398.598420017,0.0975544121636441,7.246529341289659e-05,50,0.013836546040284725,0.009186387,0.004650158978211971
2025-07-22,596990.3837501738,0.053120649186427754,4.626344249906888e-05,48,0.010708772876989237,0.0037566423,0.006952130535375467
2025-07-23,595327.5890158791,0.1065319169789139,7.577394406220258e-05,49,-0.004555321840876314,-0.0045019984,-5.332341634628479e-05
2025-07-24,599157.0353836662,0.07371213980803548,5.7294937929643183e-05,48,0.008428090713994196,0.014211774,-0.005783683158381292
2025-07-25,597038.1795445153,0.09709690378213878,6.924443172404246e-05,50,-0.003538447899256114,0.00081932545,-0.004357773346338634
2025-07-28,597382.4977445081,0.061884663036932464,4.830229424748788e-05,49,-0.002114862433977349,0.0034846067,-0.005599469176836236
2025-07-29,594857.8528520223,0.07960786396620573,5.7964352751040844e-05,50,-0.0030871960327896186,0.006523013,-0.009610209147718818
2025-07-30,593757.5800779753,0.05922810756047979,4.7230686794600026e-05,49,-0.0015360504130804142,-0.0081784725,0.006642422105840484
2025-07-31,585151.428400429,0.0797003363336001,6.016939987302247e-05,49,-0.014544243364364218,-0.008527219,-0.006017024068862509
2025-08-01,587157.3660451398,0.06081400773160602,4.771683426481491e-05,48,0.003312981668889492,0.001393199,0.0019197827019095115
2025-08-04,589259.8426059276,0.07878305063678873,5.785047838545041e-05,48,0.00519709262298218,0.010377049,-0.005179956823123777
2025-08-05,593728.239440847,0.04980415042585796,4.0881979529989635e-05,48,0.008031943778928019,0.007090807,0.0009411368178684487
2025-08-06,593098.7467375732,0.05839910068571068,4.571558440930847e-05,48,0.0012005082765303432,0.010877371,-0.009676862557820243
2025-08-07,592594.0589034888,0.0733853349032222,5.5413099508966435e-05,47,-0.0005247946858081276,0.00012242794,-0.00064722262617678
2025-08-08,593788.1741998547,0.08638762732239973,6.63238457504438e-05,47,0.0034298335346908404,-0.003500402,0.006930235508415206
2025-08-11,596502.0816294873,0.08518847122525525,6.0554516064737456e-05,49,0.005517744576701178,0.015473604,-0.00995585962556933
2025-08-12,598107.6188562547,0.08542682911169835,6.497660618672375e-05,48,0.0031496902614094324,0.0028326511,0.00031703912310376836
2025-08-13,603902.8571975963,0.03511835651236758,3.264583423463733e-05,50,0.007809136519379201,0.014463782,-0.006654645791106639
2025-08-14,596801.9905826163,0.05770016310971031,4.869610853575789e-05,50,-0.01117218928403807,-0.012434304,0.0012621144764904946
2025-08-15,599877.2186928596,0.0823381844904718,6.218802491664501e-05,49,0.007601810140672183,0.020212173,-0.01261036332124188
2025-08-18,605061.7016845525,0.0834279619383073,6.093496458295732e-05,50,0.007512330660284339,0.016873956,-0.009361625066339196
2025-08-19,606585.5150718921,0.07212878700497577,5.75691303883882e-05,51,0.0007554167249601007,0.0007253885,3.00281980435968e-05
2025-08-20,612839.5760162387,0.045669569588668066,3.6281833631617994e-05,51,0.009602542486005339,0.008644462,0.0009580808542304364
2025-08-21,613097.5612359821,0.0799407365192798,5.8724661154767506e-05,50,0.00019913443262031816,-0.007134378,0.007333512389010699
2025-08-22,612897.43226914,0.0754860813064109,5.699911762170392e-05,49,0.0024275114233315853,0.015110254,-0.012682742864388141
2025-08-25,613975.7884232309,0.07871231106356755,6.05487818562055e-05,48,0.004493818564408669,0.01559031,-0.011096491532332053
2025-08-26,615478.3263443885,0.08628043148898992,6.527539707654873e-05,49,0.002557414925664081,-0.00016850233,0.0027259172564441103
2025-08-27,604543.421443104,0.07860523642490143,5.786897837219822e-05,50,-0.013647196868412481,-0.018721461,0.005074264427669062
2025-08-28,611027.8425332266,0.08385731680337943,6.390545458312664e-05,50,0.007043377900579184,0.015076637,-0.008033259367487222
2025-08-29,611164.990289847,0.062202810972313935,4.9634982835027874e-05,50,0.0006630014888993063,-0.0011320114,0.001795012902473525
2025-09-01,610971.2815811611,0.08912905548636749,6.653026716692338e-05,50,0.0015526952048879328,0.008397937,-0.006845241616095954
2025-09-02,607244.2316907474,0.05822375201003485,4.494777340686907e-05,50,-0.006478436741728377,-0.024965465,0.01848702832708876
2025-09-03,600477.4278851241,0.05748672657655006,4.6465117812954294e-05,49,-0.011555923773516275,-0.014629781,0.003073857472669028
2025-09-04,598233.941671936,0.04902959861401059,3.85426197995475e-05,50,-0.0020989051745496923,-0.022996068,0.020897162826243765
2025-09-05,603663.6661283184,0.07463727537389694,5.4999212572004276e-05,50,0.009434056990018425,0.029046416,-0.019612359292635384
2025-09-08,613209.3483216449,0.07664622926621045,6.0383996665838396e-05,50,0.013310262021571262,0.009020567,0.004289695081263645
2025-09-09,611834.456671832,0.07998091435244949,5.825295761353171e-05,50,-0.002435303904162578,-0.011626244,0.009190939687146016
2025-09-10,609974.2608129985,0.07923096461095894,5.952816043159492e-05,50,-0.0017903430880772397,0.00057291985,-0.0023632629336582944
2025-09-11,617038.4033021937,0.06722736629397924,5.155218276021703e-05,50,0.010592659591118214,0.023473859,-0.012881199242194774
2025-09-12,616250.8380466816,0.056767772461161936,4.162291449866304e-05,49,0.0007933613567439046,0.0031068325,-0.0023134711475285563
2025-09-15,612939.143246445,0.06642254832017744,5.326692775829122e-05,49,-0.0033170845012562844,-0.0009848475,-0.002332236955632505
2025-09-16,616247.9372519619,0.07485564102834862,5.400207573838353e-05,49,0.004513360381127596,0.009178042,-0.0046646820306766035
2025-09-17,620892.1858808618,0.09305366235799373,7.029016131589741e-05,50,0.004067118783643853,0.009511471,-0.005444352011033882
2025-09-18,614657.7089156595,0.06251004609631644,4.691226190138196e-05,50,-0.010289825332394364,-0.010378838,8.901225305485427e-05
2025-09-19,611859.7081084616,0.07689324231860939,5.827014740507115e-05,50,-0.004336968725370538,-0.0051107407,0.0007737719362505557
2025-09-22,609763.2154580181,0.06420317035501966,4.906756191533938e-05,49,-0.0023561711432353305,0.006895542,-0.009251713288010721
2025-09-23,602650.937364263,0.0739818826662447,5.770613242918866e-05,48,-0.009283470343653566,-0.01086992,0.0015864499101000962
2025-09-24,605226.9264635762,0.07826086048669464,5.869944876880115e-05,49,0.006247279734483802,0.01702869,-0.010781409649976648
2025-09-25,600245.7263025527,0.04551651426057899,3.5837271823566046e-05,49,-0.0068847722416213175,-0.003677845,-0.0032069272404006144
2025-09-26,595341.1275578985,0.0343993161056613,2.6411638261203298e-05,50,-0.006784692615379007,-0.014510095,0.007725402504097312
2025-09-29,603853.573821259,0.044989488440279,3.33435648284128e-05,50,0.007135854387098295,0.013550401,-0.006414546346849459
2025-09-30,607396.7906561472,0.05828652089804243,4.7307686415042495e-05,48,0.0035422267722652334,0.010287046,-0.006744819660229884
2025-10-09,611777.2029306428,0.08070112044221328,6.231079034966476e-05,50,0.005341270856201397,0.009648919,-0.0043076482493283885
2025-10-10,614646.3698381641,0.0964424889518181,7.03938134174652e-05,50,0.00544864016272173,-0.0149357915,0.020384431655183888
2025-10-13,616129.650094839,0.07540161411005958,5.579951789788525e-05,51,-0.0008136425102722167,-0.001866281,0.0010526385222900392
2025-10-14,612963.7732254372,0.06019162324727792,5.105567594630114e-05,49,-0.002670408819825165,-0.01949662,0.016826210881560333
2025-10-15,616527.1383492373,0.10413790554730865,7.287014841413859e-05,50,0.007739799695988481,0.014959693,-0.007219893259028609
2025-10-16,612799.5850874857,0.06682097497498844,4.89787846285168e-05,51,-0.004202900667978793,-0.010905385,0.006702484349416227
2025-10-17,600536.5410721118,0.06829913490696343,5.1680534791836364e-05,50,-0.01730618582545329,-0.029230535,0.0119243492049117
2025-10-20,604203.4894592392,0.08848499533993553,6.848783511690979e-05,50,0.00435156089669908,0.007473469,-0.0031219078838184977
2025-10-21,611116.3380253313,0.06313023132667153,4.811003495653312e-05,50,0.011437761807013946,0.014486432,-0.003048670268486542
2025-10-22,610840.7863542377,0.07916390906826215,5.862905807043854e-05,49,-0.0012718416638106689,-0.004335463,0.003063621383216919
2025-10-23,617138.8924211765,0.09355912366436075,6.96168223161213e-05,49,0.012393902742107499,-0.0005621314,0.012956034146984208
2025-10-24,617547.0265270898,0.08274161531786758,6.56422531763222e-05,48,-0.0017466916124559972,0.0152077675,-0.016954459099028263
2025-10-27,622279.1627709003,0.09355343148402696,6.733911294667034e-05,49,0.005549948540211402,0.010262489,-0.004712540778636254
2025-10-28,622252.1242664739,0.09506420796801038,6.999501324658877e-05,49,-4.960171152296189e-05,-0.0021560192,0.002106417499292468
2025-10-29,624846.7887363406,0.07415948114255962,5.556169649897299e-05,48,0.0018145636854046132,0.012019992,-0.010205428189290211
2025-10-30,617153.7332677601,0.08484977938354551,6.206566037513233e-05,49,-0.012497158462024482,-0.011102974,-0.001394184047199043
2025-10-31,622147.3115473764,0.05756470827217393,4.866508395689177e-05,50,0.006314617257602184,0.002884388,0.003430229287631481
2025-11-03,625416.9844567693,0.061206267836704194,4.7490035168719385e-05,50,0.004465996076502998,0.0041896105,0.0002763855952407912
2025-11-04,620712.3857919605,0.07677420054142632,5.56547127087939e-05,50,-0.007926722987908197,-0.0135830045,0.005656281486731696
2025-11-05,625461.2457675178,0.034159597845468126,3.095441584055869e-05,49,0.005713170077666807,0.003917575,0.0017955951951594828
2025-11-06,630428.1842149618,0.03740202927762106,3.314967013681873e-05,48,0.006530253124764629,0.0116506815,-0.005120428370901875
2025-11-07,629244.8587429665,0.09018678547114173,6.316413097243255e-05,49,-0.002573348938249842,-0.0013175607,-0.0012557882654898322
2025-11-10,631036.5926154996,0.09620182789063836,7.252314437655445e-05,50,0.00452082132337106,0.0028334856,0.0016873357200385408
2025-11-11,631495.4765093211,0.0601162149293926,4.653721888981475e-05,49,0.001651536899624717,-0.0029696226,0.004621159511624229
2025-11-12,627407.6835847816,0.09307204494710392,6.842007294583596e-05,50,-0.003978286778060225,-0.0072154403,0.003237153495224687
2025-11-13,633415.575695211,0.041794439741756687,3.4094202955439465e-05,50,0.006052311776302943,0.013918638,-0.007866326453067174
2025-11-14,630585.6801316898,0.08562771897678215,6.360923820956562e-05,50,-0.0033272483108980344,-0.011569619,0.008242370867873938
2025-11-17,634372.3803140698,0.07142341619389048,5.284905886545254e-05,50,-0.000630667935306195,0.0027083158,-0.0033389837846103942
2025-11-18,628228.9509524811,0.07730732337317867,5.8799180395526795e-05,50,-0.008994088797358135,-0.0099666715,0.0009725826694692574
2025-11-19,621912.5546033108,0.058218627021823316,4.7447401970382146e-05,51,-0.009540736305259145,-0.008175254,-0.001365482437156118
2025-11-20,619066.2378833292,0.047871344019568246,3.952777465668219e-05,49,-0.0033719353912982086,-0.0063352585,0.00296332309258851
2025-11-21,602305.2889257236,0.09288921542981211,6.590574787944654e-05,50,-0.02571747489288506,-0.037151873,0.011434398218839792
2025-11-24,606506.8119788561,0.07224239953552304,5.6434013437035e-05,50,0.007928775311840552,0.012551546,-0.004622770784961205
2025-11-25,613501.9193012714,0.06191302477609123,4.9849785649737274e-05,49,0.008192514746381385,0.013070822,-0.004878307015703576
2025-11-26,613500.2263954626,0.08393482389500068,6.398657709419077e-05,48,0.0004768322568966532,-0.00020694733,0.0006837795835568095
2025-11-27,614886.85456541,0.079734818479623,5.9898166133236374e-05,49,0.002152054881769949,0.0012415648,0.0009104901310985625
2025-11-28,620782.8300326219,0.05565548289995479,4.584779264139226e-05,48,0.007351004134112604,0.010576725,-0.0032257208719909114
2025-12-01,623049.6331138308,0.12651539172735193,8.585873195632524e-05,50,0.002625887002457583,0.0071542263,-0.004528339300643003
2025-12-02,617758.2596410768,0.06330151748917366,5.003293698465688e-05,49,-0.00555494979494181,-0.00995034,0.004395389999217125
2025-12-03,613831.8019442634,0.06541192926710543,5.1516516488154504e-05,48,-0.00471045282933813,-0.008875787,0.0041653344288100635
2025-12-04,611078.9427965468,0.07862091304450768,5.9703980222788254e-05,49,-0.004340017108691252,5.376339e-05,-0.004393780498278654
2025-12-05,616621.4817912687,0.0798319930584202,5.6178846845335504e-05,49,0.00845525940801417,0.01294446,-0.004489200507146962
2025-12-08,621986.3794760522,0.06609866611640987,5.149262943768863e-05,48,0.006188322485041864,0.010971785,-0.004783462106632941
2025-12-09,623040.5302102317,0.06081418349350558,4.930899354071099e-05,50,-0.0019438340666805276,-0.0057213902,0.003777556180664443
2025-12-10,624002.6917443041,0.04957054942730082,4.1712163379520616e-05,51,0.0021705030763999877,0.0037477016,-0.0015771985684974732
2025-12-11,617177.3942120825,0.06565375896502494,5.2086522882373225e-05,49,-0.011128810082276619,-0.012990952,0.0018621414558093186
2025-12-12,625534.9651029737,0.09018724812876583,6.53674027233132e-05,50,0.007223126795204982,0.008060694,-0.000837566945639745
2025-12-15,624349.9173890532,0.04679041913866236,3.588706310527471e-05,50,-0.0026059728007969407,-0.008392453,0.00578648039286761
2025-12-16,618476.4080392432,0.06816389712273324,5.1922436958759196e-05,50,-0.008155852850613987,-0.01743853,0.009282678071322048
2025-12-17,627981.8816118157,0.08323110567807128,6.27242301380336e-05,50,0.011704979938752635,0.014915824,-0.003210843997709767
2025-12-18,623927.5275441927,0.09292568081363746,6.931379919049554e-05,50,-0.00209738865150777,-0.00224185,0.0001444612477842222
2025-12-19,630938.1921158215,0.07861822152699105,5.82412783100114e-05,50,0.009259183076434363,0.007894278,0.001364905503802527
2025-12-22,635145.866916063,0.06852961790669845,5.159272786676862e-05,50,0.004898124511783175,0.010715127,-0.0058170024794887976
2025-12-23,637943.9967391675,0.07917323688284944,5.9206403019124965e-05,50,-0.00037873688273054595,-0.0021502972,0.0017715602821864462
2025-12-24,649294.834144305,0.07766537061659012,5.8433628861017935e-05,50,0.015631506643595694,0.015415788,0.00021571894675731507
2025-12-25,652044.9385063243,0.059583607787990586,4.919948966601386e-05,50,0.005985032102864052,0.009725094,-0.0037400617386886825
2025-12-26,659844.5216559338,0.06535645761108161,5.1330783505830634e-05,50,0.005191431883303399,0.0034501553,0.001741276625124688
2025-12-29,653850.5536164598,0.05556124853399835,4.1088616831787495e-05,50,-0.00726305183658571,-0.0014949441,-0.005768107740974138
2025-12-30,657024.2490144332,0.07166038290705229,5.6574810095004753e-05,49,0.001193289542615994,0.00041341782,0.0007798717264538846
2025-12-31,658616.2553798677,0.055038447402320514,4.004885570469208e-05,49,0.0032024254630493854,-0.00026589632,0.003468321783392403
2026-01-05,674181.9096211505,0.07781411822305984,5.8118935334208965e-05,50,0.016767278327580737,0.020881414,-0.0041141360858714116
2026-01-06,686126.1506001743,0.07575119555331696,5.8893870059914516e-05,49,0.013939361975397468,0.014317989,-0.0003786273739677659
2026-01-07,695595.4155876746,0.07078572064259335,5.8734041528843377e-05,48,0.005723317236590142,0.0052791834,0.00044413384883379425
2026-01-08,702266.316885009,0.09666843145623086,6.557465308803052e-05,49,0.009657537177941267,0.008242726,0.0014148108519524971
2026-01-09,715947.6971912396,0.06936584488154392,5.4073709623193115e-05,50,0.017146342539363424,0.019768953,-0.002622610784000834
2026-01-12,737005.1205345066,0.07897910431350558,6.457386452547067e-05,49,0.01875053851479369,0.028026223,-0.009275684667884532
2026-01-13,739670.4970751565,0.06816884589494415,5.235711409241805e-05,48,0.0003568132315661665,-0.018413305,0.01877011851415894
2026-01-14,740446.7280961819,0.07635838477953047,5.5524442135194185e-05,49,0.00027304153054058533,0.0065876245,-0.006314583019325137
2026-01-15,734687.0380034003,0.06616262401767105,4.705753701114717e-05,49,-0.0030547942300395148,-0.0019849539,-0.0010698403497294562
2026-01-16,725717.4633409186,0.017439584628414422,1.2848743417297338e-05,49,-0.007731245612345339,-0.0009768009,-0.006754444693766237
2026-01-19,727039.2849318761,0.03448916047703051,2.744938240267071e-05,49,0.0030808276227983766,0.003998637,-0.0009178095766034788
2026-01-20,724606.6853852482,0.06329467329051411,4.8297738959341284e-05,50,0.0004397313791582036,-0.010029495,0.010469226141578858
2026-01-21,723959.317675329,0.07804229865706186,5.834097726429468e-05,50,-0.0013041236682452273,0.007935047,-0.00923917081790343
2026-01-22,733662.9867582386,0.07674564748484212,6.150796852251436e-05,49,0.009910668793681743,0.0074772835,0.0024333853158985397
2026-01-23,747992.1207631987,0.09550777617738927,6.829291822993359e-05,50,0.013910144182472828,0.01942265,-0.0055125061547464105
2026-01-26,742632.1360340798,0.07822099627599617,5.968624053704827e-05,50,-0.0018541807455306758,-0.012432158,0.010577977247785975
2026-01-27,737532.0186802386,0.07016421194787137,5.5914365438377076e-05,49,-0.007487008362983882,0.0019987822,-0.009485790520881832
2026-01-28,743583.893131189,0.08562216904295938,6.0073923489175056e-05,51,0.0036738450598007844,0.0021045208,0.0015693242620712922
2026-01-29,738117.7708926041,0.042519591672074905,3.934340267572746e-05,49,0.00020937735393011803,-0.008045435,0.008254812305712345
2026-01-30,729343.4469857085,0.08861554072663927,6.844307060667545e-05,49,-0.007786666276316856,-0.009283245,0.0014965783335159077
2026-02-02,708121.8853128079,0.08553566703703744,5.972503171682857e-05,49,-0.02427743126021703,-0.03385043,0.009573000182043712
2026-02-03,726158.2652634613,0.06233894159886816,5.0673772440930766e-05,48,0.018337486136637104,0.029298782,-0.010961296211995708
2026-02-04,728849.8385780823,0.09129997736429535,6.378437012992798e-05,49,0.008214359392593629,-0.0002411604,0.00845551978535486
2026-02-05,720596.3929611662,0.042531306962788035,3.8118591803272244e-05,51,-0.0028006857000693053,-0.016941428,0.014140742484439972
2026-02-06,722464.6805893664,0.06907449637297067,5.547556137728928e-05,50,0.000605678877654392,-0.002046287,0.0026519659374383275
2026-02-09,735714.1246551085,0.0661626165981291,4.603006428814205e-05,51,0.013938827056883096,0.022630334,-0.008691506843568564
2026-02-10,733279.668219362,0.08263190921454744,6.447072994714563e-05,50,-0.002442705003680379,0.0020064116,-0.004449116556109578
2026-02-11,732569.9595524475,0.08381230375073123,6.505224379616946e-05,49,0.00013047487831485682,-0.0013078451,0.001438319993976478
2026-02-12,736699.9079957474,0.07888916925643052,6.0765152169111254e-05,49,-0.00029684434839255536,0.009141326,-0.009438170299015114
2026-02-13,728789.0006683159,0.08220857123977474,6.271929943669414e-05,49,-0.010552862663377016,-0.01322937,0.002676507453810484
2026-02-24,741883.0767431718,0.07984780223164048,6.056965381582881e-05,48,0.011653642359247485,0.011571288,8.235425042180111e-05
2026-02-25,754209.0829134394,0.10858525392931254,7.436898941600651e-05,50,0.010153698205845219,0.015248656,-0.005094958067042965
2026-02-26,754517.0957621761,0.09506428579035239,7.016841587365155e-05,50,-0.0019798105529805765,0.007629633,-0.009609443502809678
2026-02-27,759006.599477975,0.08872352002407582,6.812720280585652e-05,50,0.0059583845126574,0.008270264,-0.0023118791592176002
2026-03-02,752621.5379399424,0.09317091216257187,6.864793446221477e-05,50,-0.010331512348154048,-0.009796917,-0.0005345949096469682
2026-03-03,722745.3806028657,0.030567076036551025,2.3735815941214776e-05,50,-0.027572016245277498,-0.03946221,0.011890192502586272
2026-03-04,720848.7510473989,0.08199384809152274,5.9136299421408875e-05,50,-0.009762380542783777,-0.0058864355,-0.00387594503405575
2026-03-05,724112.2809449083,0.0840988553134368,6.498687036477467e-05,49,0.004983370144893029,0.009463191,-0.004479820887516639
2026-03-06,731731.6294079828,0.061533967612483545,4.736553999948872e-05,49,0.015196714220390484,0.009513974,0.005682740030632183
2026-03-09,726982.0922390702,0.10557267252945349,7.622079624734537e-05,49,-0.007392824135110054,-0.005454123,-0.0019387011149379352
2026-03-10,734476.9769399243,0.07201293914259198,5.844288491165554e-05,49,0.011765754524317273,0.017823339,-0.006057583984288684
2026-03-11,733689.4991840001,0.09116720510440215,6.58358222858366e-05,49,-0.0009839165282518603,0.0016095638,-0.0025934803557665087
2026-03-12,726738.0979437595,0.08688630923557747,6.401185680853458e-05,50,-0.00792754650705546,-0.003302455,-0.004625091558630168
2026-03-13,717533.9618267345,0.0968090199691777,7.276805695111138e-05,50,-0.007093786052267681,-0.014589965,0.007496179291207661
2026-03-16,719919.4964986551,0.09533043158710103,7.083172581604045e-05,50,0.0026645733739492083,-0.0003579259,0.003022499265825429
2026-03-17,707270.7414465534,0.07876287334008084,5.9235324437727644e-05,50,-0.011433627397389678,-0.023320138,0.011886511057047577
2026-03-18,714699.7683739479,0.07293784905443383,5.712224323390406e-05,49,0.004871309714293559,0.009567499,-0.0046961894464730425
2026-03-19,698481.6649660557,0.08641501299769501,6.186022698388349e-05,50,-0.022724632214558504,-0.023140669,0.0004160366544600502
2026-03-20,686282.3371871784,0.083001353603609,6.325487162726201e-05,50,-0.016894392965869198,-0.01590544,-0.0009889531122009854
2026-03-23,651333.3012797517,0.06463308376062851,4.671502781176315e-05,50,-0.0508196727629906,-0.04809189,-0.0027277843352562225
2026-03-24,671826.9431880157,0.07384850622959444,5.7849464341772635e-05,50,0.030527979709408348,0.025880337,0.004647642947933739
2026-03-25,688564.1817888126,0.09309792346085333,6.90100515031775e-05,51,0.022007610649100173,0.019776702,0.0022309087219151147
2026-03-26,679203.1810364681,0.0745000771671992,6.115095509640677e-05,49,-0.012887072240184094,-0.014423549,0.001536476935078357
2026-03-27,692252.9216863943,0.11078357957611228,7.905688612945148e-05,50,0.02167839174246322,0.013997197,0.007681194591279139
2026-03-30,699416.0743017587,0.06742759773282074,5.39152169294526e-05,49,0.005119250314396917,0.002790928,0.0023283224274340264
2026-03-31,694304.2219154332,0.08563300806322167,6.530263257566632e-05,49,-0.005365184957292379,-0.019062996,0.013697810953352152
2026-04-01,709257.9989065885,0.08891865274330399,6.474635189567095e-05,50,0.023371739292554428,0.01893735,0.00443438997309642
2026-04-02,692678.8391635567,0.09659364834612247,7.149740549186424e-05,50,-0.015995277176156064,-0.018125653,0.002130376090750674
2026-04-03,682933.6879873619,0.08431382500076451,6.369687999178548e-05,50,-0.016421018958027,-0.01138854,-0.005032478690082665
2026-04-07,694521.2935495151,0.08298913031587915,6.078591990249805e-05,50,0.01332644057535104,0.009211063,0.004115377190341274
2026-04-08,733859.8468053169,0.09230328321694481,7.027192000585034e-05,50,0.05245536211176971,0.045983315,0.006472047597609554
2026-04-09,726203.5713276747,0.08356422378258196,6.239013516734134e-05,50,-0.012277590734171617,-0.004313946,-0.007963644963907945
2026-04-10,734065.8738845972,0.06444213772431248,4.9121310016181894e-05,50,0.009472405140380058,0.009692669,-0.0002202637744148639
2026-04-13,728805.066284198,0.08483693634986675,6.632909163277635e-05,49,-0.00524289651588683,0.0034182072,-0.008661103684465932
2026-04-14,741220.3136941098,0.10097900805215684,7.571458291465979e-05,49,0.017764856657601413,0.014851332,0.0029135249467859836
2026-04-15,738172.4659096163,0.09713773536181214,7.140076336140358e-05,50,-0.004652222242318094,-0.0047392845,8.70622730627657e-05
2026-04-16,751832.8793720005,0.06241591121063758,4.857038100418144e-05,49,0.01816694946213604,0.015644908,0.002522041510781059
2026-04-17,756100.9480987549,0.09585588996349328,7.023481572970113e-05,50,0.0026669601386402064,0.00904417,-0.0063772102409984655
2026-04-20,764135.4955974518,0.052449202836319736,4.231396025922648e-05,49,0.007843867914672065,0.006063223,0.0017806450295402287
2026-04-21,759910.0730234308,0.07037591132179558,5.2119612976653845e-05,49,-0.0030672900388682978,-0.000795722,-0.002271568031116833
2026-04-22,764537.787441771,0.059516878207391447,4.5297294811299305e-05,49,0.003576512450948588,0.015576363,-0.011999850158914693
2026-04-23,754915.1722984095,0.06782722222703937,4.9503468938199e-05,49,-0.01235873565590051,-0.013972044,0.001613308335188357
2026-04-24,749180.8870303241,0.09681395954578956,7.183995347007915e-05,50,-0.00795328528953887,-0.0070073605,-0.000945924831164846
2026-04-27,752437.8518283508,0.0828236677077923,6.206262991307567e-05,50,0.00649979823926794,0.004165411,0.0023343872437845414
2026-04-28,741941.4207965285,0.08257861591890175,6.149031847472417e-05,50,-0.01329987551868922,-0.013436139,0.00013626311122411083
2026-04-29,754596.3950014864,0.0714300293052501,5.572479858420775e-05,49,0.013800354400834047,0.014146686,-0.0003463311994467144
2026-04-30,759221.4222974642,0.04326906140329048,3.3967218040014173e-05,51,0.006039028745007613,0.0046601295,0.0013788991978884724
2026-05-06,768398.6643175974,0.036567571635686295,2.753074303211367e-05,51,0.009794843795134178,0.02297914,-0.013184296486543068
2026-05-07,772508.4177555726,0.060982547048279184,4.8532155391647116e-05,50,0.0075876881606120605,0.01632154,-0.008733851718233154
2026-05-08,777937.6284711907,0.07588677197224653,5.667212534734589e-05,49,0.007150433536932899,0.003057003,0.004093430515692664
2026-05-11,781356.4164176586,0.0707861132353737,5.281276559268305e-05,50,0.006556200795746259,0.01437223,-0.007816028780364581
2026-05-12,771738.0276190253,0.07189373359643014,5.282424971657174e-05,50,-0.014629058463066946,-0.0050626993,-0.009566359145134817
2026-05-13,782641.5879141731,0.07022949985583278,5.334474337615074e-05,51,0.010303129550968682,0.01513958,-0.004836450221980537
2026-05-14,769902.7237842848,0.06931315906497659,5.318091381476857e-05,50,-0.014372831623328253,-0.019735456,0.005362623889672236
2026-05-15,757871.2863100697,0.09999933174961172,7.497475668049729e-05,50,-0.011794981748278033,-0.0109423995,-0.0008525822464774957
2026-05-18,758918.6567906416,0.06514990048705502,5.4150069953916874e-05,49,-0.004753423829246706,0.0043258667,-0.009079290528465456
2026-05-19,766275.4742117672,0.10251203063371508,7.372311023969827e-05,49,0.009578778868865934,0.010140777,-0.0005619977653503749
2026-05-20,763518.1684476393,0.09015992170034903,6.695946574054271e-05,49,-0.005178970719295906,3.0636787e-05,-0.005209607506710456
2026-05-21,742535.248229125,0.0860073626916542,6.219283207796537e-05,50,-0.022739807682079394,-0.033875883,0.01113607494350044
2026-05-22,749242.8862586686,0.08066507490671665,6.063531557940537e-05,50,0.006215056815443654,0.02140522,-0.015190163216294628
2026-05-25,750720.0871937902,0.05087324323464412,3.962045302217292e-05,50,0.0004610522113395188,0.012267828,-0.01180677577633138
2026-05-26,752825.8790243673,0.09249326263383878,6.879912251616e-05,50,-0.004453860692986089,-0.012735128,0.008281267709723872
2026-05-27,741069.6017645693,0.08456979750157863,6.30869918461736e-05,50,-0.017387930990462763,-0.016200721,-0.0011872097265772652
2026-05-28,746443.6292664709,0.09349071254149316,7.106696733577793e-05,50,0.0017054301305243214,0.010674596,-0.008969165702300386
2026-05-29,737896.5406769251,0.07896657871683083,6.0616454112146294e-05,50,-0.010745101230638376,-0.02651155,0.01576644871900762
2026-06-01,750634.2707750531,0.10541811355370476,7.66340636074453e-05,50,0.014889054602929552,-0.0075647235,0.022453778094598253
2026-06-02,738023.0061189657,0.0644433275491363,5.085196757285451e-05,50,-0.017793076121527585,0.0047512054,-0.022544281565863522
2026-06-03,734300.9797247776,0.11261953497324681,8.420675093610941e-05,50,-0.009086036845918466,0.005712867,-0.014798903629060556
2026-06-04,726138.341230832,0.08431490005773891,6.281580615688372e-05,50,-0.011940021350482444,-0.0014930964,-0.010446924998858909
2026-06-05,726391.748557197,0.06929680520113225,5.720795552713816e-05,49,0.002766759517040973,-0.0093976855,0.012164445044842487
2026-06-08,705342.3919674259,0.09990657783318652,6.930205293933771e-05,50,-0.02996737809117228,-0.03113556,0.001168180990858969
2026-06-09,716357.4829282427,0.08090873350954433,5.99573230825394e-05,50,0.010002960059766974,0.029381633,-0.01937867274510363
2026-06-10,715417.2804109836,0.061354752438325645,4.817256663461469e-05,51,-0.0016706494501573799,-0.0144228935,0.012752244074012542
2026-06-11,708537.2635857635,0.05666262622000185,4.194584661249689e-05,51,-0.0063104183980688955,-0.0047898293,-0.0015205891439185049
2026-06-12,723099.3440515876,0.08425708644127541,6.658401383119365e-05,50,0.023088757699654017,0.0053129196,0.017775838082954798
2026-06-15,730584.973819763,0.08761358343004183,6.410438247236576e-05,50,0.008092022062042958,0.03881967,-0.0307276486151421
2026-06-16,733861.2605507784,0.07152547523967431,5.3071506348411185e-05,50,0.0007849359783581589,0.014689088,-0.013904151889378658
2026-06-17,727223.8843513613,0.060039234630220095,5.065220509810474e-05,48,-0.009544502344835948,0.006716132,-0.016260634508837413
2026-06-18,723416.3035778608,0.11387568565981392,7.98338515481546e-05,50,-0.0020192672877928364,0.007645488,-0.009664755073132192
2026-06-22,726950.1371665917,0.06431839279991983,4.7716011971250395e-05,49,-0.0008859272624887615,0.010792255,-0.01167818266410009
2026-06-23,722049.2925156308,0.07187554991688574,5.3609494064528473e-05,50,-0.0026198728739585952,-0.020939052,0.018319179230991356
2026-06-24,719634.0403193249,0.06578259510759203,5.000039121721868e-05,50,-0.008501253481514759,0.013070226,-0.021571479197151966
2026-06-25,707805.6508341739,0.10328023500156194,7.759906072795076e-05,50,-0.017872610643380638,0.0036878586,-0.021560469224923606
2026-06-26,691357.9945804571,0.07734739187009429,5.63471700686433e-05,51,-0.025297047844024867,-0.025437653,0.00014060522070291626
2026-06-29,702097.0472382696,0.06458150331410138,4.979725031765755e-05,50,0.017695564929086194,-0.0004091859,0.01810475081546925
2026-06-30,711215.4002543754,0.0674467872449426,5.0048214415042205e-05,51,0.010319575898291578,0.024645567,-0.01432599104201604
2026-07-01,727769.9004053045,0.06220532656612304,4.778410019829266e-05,50,0.02760258397074622,0.0075870752,0.020015508737286747
2026-07-02,724659.2527868602,0.05402214638083709,4.028858089701553e-05,50,-0.001244678579688241,-0.028310359,0.02706567994463427
2026-07-03,738451.8780813199,0.07625823638621736,5.998827542457311e-05,49,0.02333694503025563,-0.0005262494,0.023863194438977553
2026-07-06,728771.488311969,0.07636217273877469,6.050671682000966e-05,50,-0.012693174092235582,-0.01718992,0.004496745856342299
2026-07-07,701274.5228228574,0.07939004238097347,5.667230476774251e-05,50,-0.034276385835790624,-0.020159066,-0.014117320112371434
2026-07-08,686870.4806187623,0.10931522759647014,7.885193366773165e-05,50,-0.018290859982409702,-0.022156596,0.0038657362013671537
2026-07-09,687032.1782033278,0.059637503570214814,4.61368776546827e-05,50,-0.0022345733782749844,0.022446752,-0.02468132497281844
2026-07-10,701992.8777020541,0.08787697291924566,6.490344170358645e-05,50,0.02348798964258425,-0.012261391,0.03574938032861941
2026-07-13,668432.9969303802,0.060231999492302776,4.8553236122648216e-05,49,-0.041085443736696536,-0.05006641,0.008980967758512204
2026-07-14,674770.3981203403,0.08533025146018486,6.315277921739996e-05,50,0.007313551312277511,0.017626286,-0.010312734240701005
2026-07-15,676219.1640164733,0.0861739565433977,6.409079554346728e-05,50,0.007759736813591656,-0.013538063,0.021297799386070904
2026-07-16,672016.5146706683,0.0448958671223634,3.5716756451394025e-05,50,-0.0011827684741074207,-0.023800671,0.022617902626509034
2026-07-17,648527.2083677092,0.029694629660011403,2.48675113715448e-05,50,-0.038044602977269915,-0.060767114,0.022722511185175154
2026-07-20,647474.0926822512,0.07014728922203936,5.8778417382775937e-05,50,-0.0023165486727084184,-0.028267324,0.02595077529808626
2026-07-21,663668.0162873116,0.08552039466980771,6.574110280277311e-05,49,0.019530352522137195,0.042277694,-0.022747341226336926
2026-07-22,662429.0199904994,0.09426015346772634,6.364299504721122e-05,51,-0.0068570002137540165,-0.01392591,0.007068909782278698
2026-07-23,684993.25313534,0.0532724508864026,4.079181319501384e-05,51,0.028411138659367396,0.0051321983,0.023278940325627162
2026-07-24,661022.2541125623,0.043898287828044655,3.413585483301718e-05,51,-0.030173385486780446,-0.027768731,-0.002404654369531911
2026-07-27,682552.9334155088,0.08154281930710072,6.175793149355308e-05,50,0.031748495748447736,0.033319116,-0.0015706198902851742
2026-07-28,671360.0625973201,0.04157988544373124,3.3317964164057986e-05,49,-0.013622108436402158,-0.02801305,0.014390942119780703
2026-07-29,680343.3930411967,0.07048600036343822,5.291740924306001e-05,48,0.014565738103854753,0.009807467,0.004758270643222429
2026-07-30,667307.2164867449,0.07639338160629378,5.7958002322939506e-05,48,-0.016969575893356736,-0.027417183,0.010447607029006545
2026-07-31,683184.6727599292,0.05828196524124174,4.4528024954090516e-05,49,0.02395749765469357,0.025338173,-0.0013806752579040849
2026-08-03,691491.2456012827,0.07145308164643135,5.8290745240045414e-05,48,0.012674406730304177,0.0006034374,0.012070969306598123
2026-08-04,712058.9058922068,0.06208446630857761,4.8457782760507616e-05,48,0.027100766895051365,0.028166175,-0.0010654079935594751
2026-08-05,736716.7941761704,0.11140232111382643,7.859524443960659e-05,50,0.03157637568337057,0.029379606,0.00219676943642233
2026-08-06,743316.5051163394,0.08434164158051093,6.307900239101136e-05,50,0.005480653910876043,0.0049886703,0.0004919835617549495
2026-08-07,764338.7321656459,0.07412188391322193,5.419147143787731e-05,49,0.022512117082200023,0.01979971,0.0027124077621316633
2026-08-10,764920.2998339918,0.06437951759299695,5.043558480990711e-05,49,0.00018226085277578408,0.0070798397,-0.006897578853645114
2026-08-11,760248.945598939,0.0845114461189928,6.648027779552085e-05,49,-0.004161595747838032,-0.004635453,0.00047385747634409725
2026-08-12,773942.279640399,0.06492056852913507,4.9361755728921625e-05,48,0.016512016183187206,0.012427807,0.004084209328939159
2026-08-13,768821.6281198782,0.10309686285894068,7.332265338348862e-05,50,-0.010001233278317756,-0.009986222,-1.501148800403529e-05
2026-08-14,772389.6312516822,0.08089732248347878,6.557491123216178e-05,49,0.003123659111398558,0.006989479,-0.0038658199535428484
2026-08-17,795184.3016030175,0.08514993411383684,5.7913993645653184e-05,50,0.027818741046275797,0.025555253,0.002263488017406168
2026-08-18,792904.6507627937,0.07150042398408615,5.38400803747585e-05,49,0.004050365691690927,-0.0028136373,0.006864002948313241
2026-08-19,744143.7134120058,0.07601655450374459,5.420917556547903e-05,49,-0.05596109993640874,-0.053887725,-0.002073375060004934
2026-08-20,746836.6432318377,0.09397318725490711,7.248781298414986e-05,49,0.0061069578465389185,0.009578586,-0.0034716277781559057
2026-08-21,756113.3200558547,0.08655939380174725,6.492390150604642e-05,49,0.005884689997502468,0.0015836954,0.004300994585820339
2026-08-24,744520.10456577,0.07995215317485946,6.0568295858760885e-05,49,-0.013048844264213988,-0.014510989,0.0014621449249339613
2026-08-25,752607.7964838785,0.056068866191307035,4.462710409256438e-05,48,0.012532872819644325,0.004806757,0.0077261158463777235
2026-08-26,759302.0756147304,0.09198336890110564,6.993963604776105e-05,48,0.005938158773788893,0.0022809505,0.0036572082275242446
2026-08-27,779031.2556041172,0.0815980513686762,6.02266525152681e-05,48,0.018534433682725004,0.024955392,-0.006420958201125093
2026-08-28,773776.1276097589,0.08855757514177107,6.305218524345447e-05,48,-0.004753537111988282,-0.0036104918,-0.0011430453593637702
2026-08-31,783317.7403799146,0.06377492945664401,5.158495165745344e-05,47,0.008289100938589034,0.0084866285,-0.00019752759382063445
2026-09-01,772471.5458627925,0.09376910778425487,6.907346150442401e-05,49,-0.007905751329240318,-0.010173202,0.002267450231733803
2026-09-02,765291.3341171133,0.07442470717172736,5.459477127725735e-05,49,-0.010326868969405267,-0.013990998,0.003664129298722174
2026-09-03,767702.0946494733,0.05577420058505556,4.233478862770511e-05,49,0.0020609990877006323,0.0021545887,-9.358961164018798e-05
2026-09-04,759032.3816633096,0.08330835260618905,6.550874989085332e-05,49,-0.0036928775206324094,-0.012106419,0.008413541088986731
2026-09-07,765299.0613593337,0.08682989866505045,6.62796179859762e-05,49,0.008665258523611774,0.01748383,-0.008818571928353558
2026-09-08,764080.8774866252,0.08536311711106052,6.622930650738691e-05,49,-0.0010402984917535774,0.0026507378,-0.0036910362542047492
2026-09-09,769448.6390322318,0.10465163473638445,7.374639151130658e-05,49,-0.0019357779426613653,-0.0014112592,-0.0005245187683144414
2026-09-10,764514.0585761125,0.048696831673398694,3.980455679381822e-05,47,-0.010094432396969777,-0.007981658,-0.0021127744150972183
2026-09-11,757027.6931987763,0.0790712265307244,5.9298476224053194e-05,48,-0.01402605129421075,-0.021153867,0.007127815950509708
2026-09-14,763863.9871234271,0.08283421952634809,6.391151439498472e-05,47,0.008805080467831017,0.005528331,0.0032767496649135364
2026-09-15,764648.5302517433,0.07503602884613486,5.8914789874342384e-05,46,-0.0028298961546704415,-0.0040973425,0.0012674463364794608
2026-09-16,777080.2336643504,0.07473721424911334,5.039582690311421e-05,49,0.01318146985255042,0.02013123,-0.006949760501758662
2026-09-17,772674.5480529441,0.08160483903752094,6.127340404526325e-05,49,-0.0009786026120703895,-0.005088687,0.00411008433098381
2026-09-18,789484.1340967598,0.0852407020612474,6.327091796129763e-05,49,0.019332663098003744,0.018383026,0.0009496369749568689
